id,element_type,web_name,team_name,opponent_team_name,was_home,now_cost,selected_by_percent,gameweek,minutes,total_shots,shots_on_target,shots_in_box,expected_goals,non_penalty_expected_goals,goals,non_penalty_goals,chances_created,expected_assists,assists,expected_goals_conceded,goals_conceded,expected_clean_sheet,clean_sheet,clearances_blocks_interceptions,recoveries,tackles,defensive_contribution,expected_goal_involvements,non_penalty_expected_goal_involvements,expected_points,total_points,PvsxP,touches,touches_opp_box
1,1,Raya,Arsenal,Coventry,True,6.0,41.6,1,90,0.0,0.0,0.0,0.0,0.0,0.0,,0.0,0.0,0.0,0.2042657434940337,0,0.8052335860842609,1,1,8,0,0,0.0,0.0,5.220934344337044,6,0.779,27.0,0.0
2,1,Arrizabalaga,Arsenal,Coventry,True,4.9,0.1,1,0,0.0,0.0,0.0,0.0,0.0,0.0,,0.0,0.0,0.0,0.2042657434940337,0,0.8052335860842609,1,0,0,0,0,0.0,0.0,0.0,0,0.0,,
3,1,Meslier,Arsenal,Coventry,True,4.9,0.0,1,0,0.0,0.0,0.0,0.0,0.0,0.0,,0.0,0.0,0.0,0.2042657434940337,0,0.8052335860842609,1,0,0,0,0,0.0,0.0,0.0,0,0.0,,
4,2,Gabriel,Arsenal,Coventry,True,8.0,23.1,1,90,1.0,0.0,0.0,0.05,0.05,0.0,0.0,0.0,0.01,0.0,0.2042657434940337,0,0.8052335860842609,1,4,2,0,4,0.060000000000000005,0.060000000000000005,4.550934344337044,5,0.449,68.0,0.0
5,2,J.Timber,Arsenal,Coventry,True,6.5,0.3,1,0,0.0,0.0,0.0,0.0,0.0,0.0,,0.0,0.0,0.0,0.2042657434940337,0,0.8052335860842609,1,0,0,0,0,0.0,0.0,0.0,0,0.0,,
6,2,Saliba,Arsenal,Coventry,True,5.9,0.2,1,0,0.0,0.0,0.0,0.0,0.0,0.0,,0.0,0.0,0.0,0.2042657434940337,0,0.8052335860842609,1,0,0,0,0,0.0,0.0,0.0,0,0.0,,
7,3,Lewis-Skelly,Arsenal,Coventry,True,5.5,0.6,1,90,1.0,0.0,0.0,0.06,0.06,0.0,0.0,1.0,0.11,0.0,0.2042657434940337,0,0.8052335860842609,1,1,5,1,7,0.16999999999999998,0.16999999999999998,3.435233586084261,3,-0.435,94.0,3.0
8,2,Calafiori,Arsenal,Coventry,True,5.8,50.7,1,80,1.0,0.0,0.0,0.04,0.04,0.0,0.0,1.0,0.09,1.0,0.2042657434940337,0,0.8052335860842609,1,4,1,1,5,0.13,0.13,6.730934344337044,9,2.269,35.0,1.0
9,2,Hincapie,Arsenal,Coventry,True,5.3,0.9,1,9,0.0,0.0,0.0,0.0,0.0,0.0,,0.0,0.0,0.0,0.2042657434940337,0,0.8052335860842609,1,0,0,0,0,0.0,0.0,1.0,1,0.0,10.0,0.0
10,2,White,Arsenal,Coventry,True,5.5,5.5,1,90,1.0,0.0,1.0,0.18,0.18,0.0,0.0,2.0,0.21,1.0,0.2042657434940337,0,0.8052335860842609,1,4,3,1,5,0.39,0.39,9.930934344337043,11,1.069,94.0,5.0
11,2,Mosquera,Arsenal,Coventry,True,5.3,1.7,1,90,0.0,0.0,0.0,0.0,0.0,0.0,,0.0,0.0,0.0,0.2042657434940337,0,0.8052335860842609,1,6,3,0,6,0.0,0.0,5.220934344337044,6,0.779,74.0,0.0
12,3,Saka,Arsenal,Coventry,True,9.5,13.2,1,67,3.0,1.0,3.0,0.64,0.64,1.0,1.0,2.0,0.08,0.0,0.2042657434940337,0,0.8052335860842609,1,2,4,1,7,0.72,0.72,8.245233586084261,9,0.755,49.0,6.0
13,3,Rice,Arsenal,Coventry,True,7.4,12.4,1,67,2.0,0.0,0.0,0.07,0.07,0.0,0.0,0.0,0.08,0.0,0.2042657434940337,0,0.8052335860842609,1,3,3,0,6,0.15000000000000002,0.15000000000000002,3.3952335860842613,3,-0.395,85.0,0.0
14,3,Eze,Arsenal,Coventry,True,6.3,1.0,1,14,1.0,0.0,0.0,0.04,0.04,0.0,0.0,0.0,0.0,0.0,0.2042657434940337,0,0.8052335860842609,1,0,2,0,2,0.04,0.04,1.2,1,-0.2,11.0,0.0
15,3,Ødegaard,Arsenal,Coventry,True,6.8,20.1,1,75,3.0,1.0,1.0,0.21,0.21,1.0,1.0,3.0,0.1,0.0,0.2042657434940337,0,0.8052335860842609,1,1,4,3,8,0.31,0.31,4.155233586084261,11,6.845,72.0,6.0
16,3,Madueke,Arsenal,Coventry,True,6.2,0.2,1,22,0.0,0.0,0.0,0.0,0.0,0.0,,4.0,0.04,0.0,0.2042657434940337,0,0.8052335860842609,1,0,2,0,2,0.04,0.04,1.12,1,-0.12,21.0,0.0
17,3,Merino,Arsenal,Coventry,True,5.8,0.4,1,14,2.0,1.0,1.0,0.14,0.14,0.0,0.0,0.0,0.02,0.0,0.2042657434940337,0,0.8052335860842609,1,0,2,0,2,0.16,0.16,1.7600000000000002,1,-0.76,15.0,2.0
18,3,Martinelli,Arsenal,Coventry,True,6.3,0.1,1,0,0.0,0.0,0.0,0.0,0.0,0.0,,0.0,0.0,0.0,0.2042657434940337,0,0.8052335860842609,1,0,0,0,0,0.0,0.0,0.0,0,0.0,,
19,3,Zubimendi,Arsenal,Coventry,True,5.3,0.6,1,22,0.0,0.0,0.0,0.0,0.0,0.0,,0.0,0.02,0.0,0.2042657434940337,0,0.8052335860842609,1,0,2,1,3,0.02,0.02,1.06,1,-0.06,32.0,0.0
20,3,Dowman,Arsenal,Coventry,True,5.3,0.1,1,0,0.0,0.0,0.0,0.0,0.0,0.0,,0.0,0.0,0.0,0.2042657434940337,0,0.8052335860842609,1,0,0,0,0,0.0,0.0,0.0,0,0.0,,
21,3,Nørgaard,Everton,Crystal Palace,True,4.9,0.0,1,0,0.0,0.0,0.0,0.0,0.0,0.0,,0.0,0.0,0.0,1.961154922842979,0,0.08246258552083066,1,0,0,0,0,0.0,0.0,0.0,0,0.0,,
22,3,Nwaneri,Arsenal,Coventry,True,5.4,0.0,1,0,0.0,0.0,0.0,0.0,0.0,0.0,,0.0,0.0,0.0,0.2042657434940337,0,0.8052335860842609,1,0,0,0,0,0.0,0.0,0.0,0,0.0,,
23,3,Fábio Vieira,Arsenal,Coventry,True,5.5,0.0,1,0,0.0,0.0,0.0,0.0,0.0,0.0,,0.0,0.0,0.0,0.2042657434940337,0,0.8052335860842609,1,0,0,0,0,0.0,0.0,0.0,0,0.0,,
24,3,Nelson,Arsenal,Coventry,True,5.5,0.0,1,0,0.0,0.0,0.0,0.0,0.0,0.0,,0.0,0.0,0.0,0.2042657434940337,0,0.8052335860842609,1,0,0,0,0,0.0,0.0,0.0,0,0.0,,
25,4,Gyökeres,Arsenal,Coventry,True,7.2,3.2,1,0,0.0,0.0,0.0,0.0,0.0,0.0,,0.0,0.0,0.0,0.2042657434940337,0,0.8052335860842609,1,0,0,0,0,0.0,0.0,0.0,0,0.0,,
26,4,Havertz,Arsenal,Coventry,True,7.6,8.5,1,90,1.0,1.0,1.0,0.26,0.26,1.0,1.0,1.0,0.03,0.0,0.2042657434940337,0,0.8052335860842609,1,2,0,0,2,0.29000000000000004,0.29000000000000004,3.13,6,2.87,38.0,5.0
27,4,G.Jesus,Arsenal,Coventry,True,5.9,0.2,1,0,0.0,0.0,0.0,0.0,0.0,0.0,,0.0,0.0,0.0,0.2042657434940337,0,0.8052335860842609,1,0,0,0,0,0.0,0.0,0.0,0,0.0,,
28,1,Martinez,Aston Villa,Brighton,False,5.0,4.9,1,0,0.0,0.0,0.0,0.0,0.0,0.0,,0.0,0.0,0.0,3.766279622912406,3,0.0005667147172427399,0,0,0,0,0,0.0,0.0,0.0,0,0.0,,
29,1,M.Bizot,Aston Villa,Brighton,False,4.5,0.1,1,90,0.0,0.0,0.0,0.0,0.0,0.0,,0.0,0.0,0.0,3.766279622912406,3,0.0005667147172427399,0,2,6,0,0,0.0,0.0,2.002266858868971,1,-1.002,38.0,0.0
30,2,Digne,Aston Villa,Brighton,False,4.5,0.1,1,0,0.0,0.0,0.0,0.0,0.0,0.0,,0.0,0.0,0.0,3.766279622912406,3,0.0005667147172427399,0,0,0,0,0,0.0,0.0,0.0,0,0.0,,
31,2,Konsa,Arsenal,Coventry,True,4.6,19.4,1,0,0.0,0.0,0.0,0.0,0.0,0.0,,0.0,0.0,0.0,0.2042657434940337,0,0.8052335860842609,1,0,0,0,0,0.0,0.0,0.0,0,0.0,,
32,2,Cash,Aston Villa,Brighton,False,4.4,5.1,1,90,0.0,0.0,0.0,0.0,0.0,0.0,,0.0,0.0,0.0,3.766279622912406,3,0.0005667147172427399,0,5,0,2,7,0.0,0.0,0.0022668588689711555,-1,-1.002,49.0,0.0
33,2,Mings,Aston Villa,Brighton,False,4.5,0.4,1,16,0.0,0.0,0.0,0.0,0.0,0.0,,0.0,0.0,0.0,3.766279622912406,3,0.0005667147172427399,0,0,0,1,1,0.0,0.0,1.0,1,0.0,1.0,0.0
34,2,Pau,Aston Villa,Brighton,False,4.5,0.3,1,73,0.0,0.0,0.0,0.0,0.0,0.0,,0.0,0.0,0.0,3.766279622912406,3,0.0005667147172427399,0,5,1,0,5,0.0,0.0,1.0022668588689712,0,-1.002,33.0,0.0
35,3,Bogarde,Aston Villa,Brighton,False,5.0,0.1,1,16,0.0,0.0,0.0,0.0,0.0,0.0,,0.0,0.0,0.0,3.766279622912406,3,0.0005667147172427399,0,1,0,0,1,0.0,0.0,1.0,1,0.0,4.0,0.0
36,2,Maatsen,Aston Villa,Brighton,False,4.5,0.6,1,81,1.0,0.0,0.0,0.03,0.03,0.0,0.0,0.0,0.0,0.0,3.766279622912406,3,0.0005667147172427399,0,7,2,2,9,0.03,0.03,1.182266858868971,0,-1.182,39.0,1.0
37,2,Lindelöf,Aston Villa,Brighton,False,4.5,0.3,1,90,0.0,0.0,1.0,0.0,0.0,0.0,0.0,0.0,0.0,0.0,3.766279622912406,3,0.0005667147172427399,0,3,1,0,3,0.0,0.0,1.0022668588689712,-2,-3.002,39.0,0.0
38,2,A.García,Aston Villa,Brighton,False,4.0,1.6,1,0,0.0,0.0,0.0,0.0,0.0,0.0,,0.0,0.0,0.0,3.766279622912406,3,0.0005667147172427399,0,0,0,0,0,0.0,0.0,0.0,0,0.0,,
39,2,Nedeljkovic,Aston Villa,Brighton,False,4.0,0.1,1,0,0.0,0.0,0.0,0.0,0.0,0.0,,0.0,0.0,0.0,3.766279622912406,3,0.0005667147172427399,0,0,0,0,0,0.0,0.0,0.0,0,0.0,,
40,3,Rogers,Chelsea,Fulham,False,7.7,40.0,1,81,3.0,1.0,1.0,0.96,0.96,1.0,1.0,5.0,0.1,0.0,1.3852128870785232,2,0.184419357872623,0,0,5,2,7,1.06,1.06,10.284419357872622,8,-2.284,41.0,5.0
41,3,Buendía,Aston Villa,Brighton,False,5.9,0.9,1,85,3.0,0.0,1.0,0.13,0.13,0.0,0.0,1.0,0.09,0.0,3.766279622912406,3,0.0005667147172427399,0,3,3,1,7,0.22,0.22,2.9205667147172427,2,-0.921,33.0,2.0
42,3,Guessand,Crystal Palace,Everton,False,5.4,0.0,1,27,1.0,1.0,0.0,0.03,0.03,0.0,0.0,0.0,0.02,0.0,1.1194359352812162,2,0.28345998381185117,0,0,0,1,1,0.05,0.05,1.21,1,-0.21,21.0,0.0
43,3,Tielemans,Man Utd,Hull,False,5.8,1.5,1,66,1.0,0.0,0.0,0.04,0.04,0.0,0.0,0.0,0.11,0.0,1.0736211910843847,2,0.25930769145661314,0,0,5,0,5,0.15,0.15,2.7893076914566133,2,-0.789,82.0,1.0
44,3,Bailey,Aston Villa,Brighton,False,5.4,0.1,1,0,0.0,0.0,0.0,0.0,0.0,0.0,,0.0,0.0,0.0,3.766279622912406,3,0.0005667147172427399,0,0,0,0,0,0.0,0.0,0.0,0,0.0,,
45,3,McGinn,Aston Villa,Brighton,False,5.4,2.2,1,81,1.0,0.0,0.0,0.04,0.04,0.0,0.0,0.0,0.01,0.0,3.766279622912406,3,0.0005667147172427399,0,2,3,1,6,0.05,0.05,1.2305667147172428,1,-0.231,39.0,0.0
46,3,Barkley,Aston Villa,Brighton,False,5.0,0.3,1,73,1.0,0.0,1.0,0.1,0.1,0.0,0.0,2.0,0.02,0.0,3.766279622912406,3,0.0005667147172427399,0,1,0,0,1,0.12000000000000001,0.12000000000000001,2.560566714717243,2,-0.561,40.0,1.0
47,3,Kamara,Aston Villa,Brighton,False,5.0,0.3,1,90,0.0,0.0,0.0,0.0,0.0,0.0,,0.0,0.0,0.0,3.766279622912406,3,0.0005667147172427399,0,3,2,2,7,0.0,0.0,2.000566714717243,2,-0.001,39.0,0.0
48,3,Onana,Aston Villa,Brighton,False,4.9,0.0,1,0,0.0,0.0,0.0,0.0,0.0,0.0,,0.0,0.0,0.0,3.766279622912406,3,0.0005667147172427399,0,0,0,0,0,0.0,0.0,0.0,0,0.0,,
49,3,Iling Jr,Aston Villa,Brighton,False,5.0,0.0,1,0,0.0,0.0,0.0,0.0,0.0,0.0,,0.0,0.0,0.0,3.766279622912406,3,0.0005667147172427399,0,0,0,0,0,0.0,0.0,0.0,0,0.0,,
50,3,Burrowes,Aston Villa,Brighton,False,4.5,0.6,1,0,0.0,0.0,0.0,0.0,0.0,0.0,,0.0,0.0,0.0,3.766279622912406,3,0.0005667147172427399,0,0,0,0,0,0.0,0.0,0.0,0,0.0,,
51,3,George Hemmings,Aston Villa,Brighton,False,4.5,1.2,1,90,0.0,0.0,0.0,0.0,0.0,0.0,,1.0,0.0,0.0,3.766279622912406,3,0.0005667147172427399,0,0,2,3,5,0.0,0.0,2.000566714717243,2,-0.001,23.0,1.0
52,3,Alysson,Aston Villa,Brighton,False,5.0,0.1,1,8,0.0,0.0,0.0,0.0,0.0,0.0,,0.0,0.0,0.0,3.766279622912406,3,0.0005667147172427399,0,1,1,1,3,0.0,0.0,1.0,1,0.0,4.0,0.0
53,3,Manzambi,Aston Villa,Brighton,False,5.9,0.1,1,0,0.0,0.0,0.0,0.0,0.0,0.0,,0.0,0.0,0.0,3.766279622912406,3,0.0005667147172427399,0,0,0,0,0,0.0,0.0,0.0,0,0.0,,
54,3,Gomes,Aston Villa,Brighton,False,5.5,0.0,1,39,0.0,0.0,0.0,0.0,0.0,0.0,,1.0,0.01,0.0,3.766279622912406,3,0.0005667147172427399,0,1,2,4,7,0.01,0.01,-1.97,-2,-0.03,25.0,0.0
55,4,Watkins,Aston Villa,Brighton,False,7.8,2.6,1,0,0.0,0.0,0.0,0.0,0.0,0.0,,0.0,0.0,0.0,3.766279622912406,3,0.0005667147172427399,0,0,0,0,0,0.0,0.0,0.0,0,0.0,,
56,4,Abraham,Aston Villa,Brighton,False,5.5,0.2,1,0,0.0,0.0,0.0,0.0,0.0,0.0,,0.0,0.0,0.0,3.766279622912406,3,0.0005667147172427399,0,0,0,0,0,0.0,0.0,0.0,0,0.0,,
57,1,Petrović,Bournemouth,Man City,False,4.5,3.0,1,90,0.0,0.0,0.0,0.0,0.0,0.0,,0.0,0.0,0.0,2.2517718449234954,2,0.040322290015146055,0,2,5,0,0,0.0,0.0,2.1612891600605844,2,-0.161,52.0,0.0
58,1,Forster,Bournemouth,Man City,False,4.0,3.5,1,0,0.0,0.0,0.0,0.0,0.0,0.0,,0.0,0.0,0.0,2.2517718449234954,2,0.040322290015146055,0,0,0,0,0,0.0,0.0,0.0,0,0.0,,
59,1,Dennis,Bournemouth,Man City,False,4.0,0.1,1,0,0.0,0.0,0.0,0.0,0.0,0.0,,0.0,0.0,0.0,2.2517718449234954,2,0.040322290015146055,0,0,0,0,0,0.0,0.0,0.0,0,0.0,,
60,2,Hill,Bournemouth,Man City,False,5.5,0.8,1,90,0.0,0.0,0.0,0.0,0.0,0.0,,0.0,0.0,0.0,2.2517718449234954,2,0.040322290015146055,0,5,1,1,6,0.0,0.0,1.1612891600605844,1,-0.161,55.0,0.0
61,2,Truffert,Bournemouth,Man City,False,5.5,3.1,1,90,0.0,0.0,0.0,0.0,0.0,0.0,,0.0,0.0,0.0,2.2517718449234954,2,0.040322290015146055,0,5,7,2,7,0.0,0.0,1.1612891600605844,1,-0.161,46.0,0.0
62,2,Diakité,Bournemouth,Man City,False,5.0,0.2,1,0,0.0,0.0,0.0,0.0,0.0,0.0,,0.0,0.0,0.0,2.2517718449234954,2,0.040322290015146055,0,0,0,0,0,0.0,0.0,0.0,0,0.0,,
63,2,Milosavljević,Bournemouth,Man City,False,4.9,0.0,1,0,0.0,0.0,0.0,0.0,0.0,0.0,,0.0,0.0,0.0,2.2517718449234954,2,0.040322290015146055,0,0,0,0,0,0.0,0.0,0.0,0,0.0,,
64,2,Smith,Bournemouth,Man City,False,4.5,0.1,1,90,0.0,0.0,0.0,0.0,0.0,0.0,,0.0,0.0,0.0,2.2517718449234954,2,0.040322290015146055,0,4,3,1,5,0.0,0.0,1.1612891600605844,1,-0.161,35.0,0.0
65,2,J.Araujo,Bournemouth,Man City,False,4.4,0.0,1,0,0.0,0.0,0.0,0.0,0.0,0.0,,0.0,0.0,0.0,2.2517718449234954,2,0.040322290015146055,0,0,0,0,0,0.0,0.0,0.0,0,0.0,,
66,2,Soler,Bournemouth,Man City,False,4.0,0.3,1,0,0.0,0.0,0.0,0.0,0.0,0.0,,0.0,0.0,0.0,2.2517718449234954,2,0.040322290015146055,0,0,0,0,0,0.0,0.0,0.0,0,0.0,,
67,3,Rayan,Bournemouth,Man City,False,6.3,1.6,1,88,1.0,1.0,1.0,0.04,0.04,0.0,0.0,1.0,0.03,0.0,2.2517718449234954,2,0.040322290015146055,0,1,0,0,1,0.07,0.07,2.330322290015146,2,-0.33,24.0,1.0
68,3,Tavernier,Bournemouth,Man City,False,6.1,6.5,1,90,2.0,1.0,1.0,0.4,0.4,1.0,1.0,1.0,0.08,0.0,2.2517718449234954,2,0.040322290015146055,0,2,4,2,8,0.48000000000000004,0.48000000000000004,4.280322290015146,10,5.72,49.0,1.0
69,3,Scott,Bournemouth,Man City,False,6.1,5.8,1,90,0.0,0.0,0.0,0.0,0.0,0.0,,0.0,0.01,0.0,2.2517718449234954,2,0.040322290015146055,0,1,6,4,11,0.01,0.01,2.0703222900151457,2,-0.07,57.0,0.0
70,3,Kluivert,Bournemouth,Man City,False,6.0,1.0,1,74,1.0,1.0,1.0,0.11,0.11,0.0,0.0,1.0,0.0,0.0,2.2517718449234954,2,0.040322290015146055,0,1,5,3,9,0.11,0.11,2.5903222900151457,3,0.41,23.0,1.0
71,3,Cook,Bournemouth,Man City,False,5.0,0.2,1,75,0.0,0.0,0.0,0.0,0.0,0.0,,0.0,0.0,0.0,2.2517718449234954,2,0.040322290015146055,0,3,3,1,7,0.0,0.0,2.040322290015146,3,0.96,35.0,0.0
72,3,Gannon-Doak,Bournemouth,Man City,False,4.9,0.1,1,1,0.0,0.0,0.0,0.0,0.0,0.0,,0.0,0.0,0.0,2.2517718449234954,2,0.040322290015146055,0,0,1,0,1,0.0,0.0,1.0,1,0.0,5.0,1.0
73,3,Adams,Bournemouth,Man City,False,5.0,0.3,1,15,0.0,0.0,0.0,0.0,0.0,0.0,,0.0,0.0,0.0,2.2517718449234954,2,0.040322290015146055,0,3,0,0,3,0.0,0.0,1.0,1,0.0,14.0,0.0
74,3,Brooks,Bournemouth,Man City,False,5.0,0.1,1,0,0.0,0.0,0.0,0.0,0.0,0.0,,0.0,0.0,0.0,2.2517718449234954,2,0.040322290015146055,0,0,0,0,0,0.0,0.0,0.0,0,0.0,,
75,3,Christie,Bournemouth,Man City,False,5.0,0.0,1,0,0.0,0.0,0.0,0.0,0.0,0.0,,0.0,0.0,0.0,2.2517718449234954,2,0.040322290015146055,0,0,0,0,0,0.0,0.0,0.0,0,0.0,,
76,3,Tóth.A,Bournemouth,Man City,False,4.9,0.0,1,15,0.0,0.0,0.0,0.0,0.0,0.0,,0.0,0.0,0.0,2.2517718449234954,2,0.040322290015146055,0,0,1,1,2,0.0,0.0,1.0,1,0.0,17.0,0.0
77,3,Adli,Bournemouth,Man City,False,4.9,0.0,1,0,0.0,0.0,0.0,0.0,0.0,0.0,,0.0,0.0,0.0,2.2517718449234954,2,0.040322290015146055,0,0,0,0,0,0.0,0.0,0.0,0,0.0,,
78,3,Kroupi.Jr,Bournemouth,Man City,False,7.4,0.2,1,0,0.0,0.0,0.0,0.0,0.0,0.0,,0.0,0.0,0.0,2.2517718449234954,2,0.040322290015146055,0,0,0,0,0,0.0,0.0,0.0,0,0.0,,
79,4,Evanilson,Bournemouth,Man City,False,6.0,3.3,1,74,0.0,0.0,0.0,0.0,0.0,0.0,,1.0,0.21,1.0,2.2517718449234954,2,0.040322290015146055,0,4,3,1,8,0.21,0.21,1.63,4,2.37,25.0,1.0
80,4,Enes Ünal,Bournemouth,Man City,False,5.5,0.0,1,0,0.0,0.0,0.0,0.0,0.0,0.0,,0.0,0.0,0.0,2.2517718449234954,2,0.040322290015146055,0,0,0,0,0,0.0,0.0,0.0,0,0.0,,
81,4,Rodríguez,Bournemouth,Man City,False,6.0,0.1,1,0,0.0,0.0,0.0,0.0,0.0,0.0,,0.0,0.0,0.0,2.2517718449234954,2,0.040322290015146055,0,0,0,0,0,0.0,0.0,0.0,0,0.0,,
82,1,Kelleher,Brentford,Spurs,True,5.0,6.1,1,90,0.0,0.0,0.0,0.0,0.0,0.0,,0.0,0.01,0.0,0.5676066484302278,0,0.5494351903948572,1,0,5,0,0,0.01,0.01,5.227740761579429,7,1.772,43.0,0.0
83,1,Valdimarsson,Brentford,Spurs,True,4.5,0.1,1,0,0.0,0.0,0.0,0.0,0.0,0.0,,0.0,0.0,0.0,0.5676066484302278,0,0.5494351903948572,1,0,0,0,0,0.0,0.0,0.0,0,0.0,,
84,2,Collins,Brentford,Spurs,True,5.4,1.0,1,90,2.0,0.0,2.0,0.34,0.34,0.0,0.0,2.0,0.04,0.0,0.5676066484302278,0,0.5494351903948572,1,3,3,0,3,0.38,0.38,6.357740761579429,6,-0.358,73.0,6.0
85,2,Van den Berg,Brentford,Spurs,True,4.9,0.1,1,0,0.0,0.0,0.0,0.0,0.0,0.0,,0.0,0.0,0.0,0.5676066484302278,0,0.5494351903948572,1,0,0,0,0,0.0,0.0,0.0,0,0.0,,
86,3,Lewis-Potter,Brentford,Spurs,True,5.5,1.8,1,90,2.0,1.0,1.0,0.77,0.77,1.0,1.0,1.0,0.12,0.0,0.5676066484302278,0,0.5494351903948572,1,4,5,1,10,0.89,0.89,7.759435190394858,10,2.241,53.0,1.0
87,2,Ajer,Brentford,Spurs,True,4.5,4.0,1,90,1.0,1.0,1.0,0.11,0.11,0.0,0.0,0.0,0.02,0.0,0.5676066484302278,0,0.5494351903948572,1,8,3,2,10,0.13,0.13,8.917740761579427,8,-0.918,46.0,2.0
88,2,Kayode,Brentford,Spurs,True,4.6,7.7,1,75,4.0,1.0,4.0,0.5,0.5,1.0,1.0,0.0,0.0,0.0,0.5676066484302278,0,0.5494351903948572,1,4,5,0,4,0.5,0.5,10.197740761579428,13,2.802,39.0,4.0
89,2,Henry,Brentford,Spurs,True,4.4,0.2,1,0,0.0,0.0,0.0,0.0,0.0,0.0,,0.0,0.0,0.0,0.5676066484302278,0,0.5494351903948572,1,0,0,0,0,0.0,0.0,0.0,0,0.0,,
90,2,Hickey,Brentford,Spurs,True,4.5,0.1,1,14,0.0,0.0,0.0,0.0,0.0,0.0,,0.0,0.0,0.0,0.5676066484302278,0,0.5494351903948572,1,0,2,0,0,0.0,0.0,1.0,1,0.0,9.0,0.0
91,2,Pinnock,Brentford,Spurs,True,4.5,0.1,1,0,0.0,0.0,0.0,0.0,0.0,0.0,,0.0,0.0,0.0,0.5676066484302278,0,0.5494351903948572,1,0,0,0,0,0.0,0.0,0.0,0,0.0,,
92,2,Ji-soo,Brentford,Spurs,True,4.5,0.0,1,0,0.0,0.0,0.0,0.0,0.0,0.0,,0.0,0.0,0.0,0.5676066484302278,0,0.5494351903948572,1,0,0,0,0,0.0,0.0,0.0,0,0.0,,
93,2,Schuster,Brentford,Spurs,True,4.5,0.2,1,0,0.0,0.0,0.0,0.0,0.0,0.0,,0.0,0.0,0.0,0.5676066484302278,0,0.5494351903948572,1,0,0,0,0,0.0,0.0,0.0,0,0.0,,
94,3,Schade,Brentford,Spurs,True,6.1,8.0,1,90,5.0,2.0,5.0,0.52,0.52,0.0,0.0,1.0,0.01,0.0,0.5676066484302278,0,0.5494351903948572,1,1,5,3,9,0.53,0.53,5.179435190394858,3,-2.179,41.0,8.0
95,3,O.Dango,Brentford,Spurs,True,6.3,0.5,1,66,2.0,0.0,1.0,0.05,0.05,0.0,0.0,2.0,0.29,0.0,0.5676066484302278,0,0.5494351903948572,1,2,4,0,6,0.33999999999999997,0.33999999999999997,3.669435190394857,3,-0.669,26.0,6.0
96,3,Damsgaard,Brentford,Spurs,True,5.4,0.4,1,14,0.0,0.0,0.0,0.0,0.0,0.0,,2.0,0.11,0.0,0.5676066484302278,0,0.5494351903948572,1,0,3,1,4,0.11,0.11,1.33,1,-0.33,18.0,0.0
97,3,Jensen,Brentford,Spurs,True,5.4,0.1,1,66,2.0,1.0,0.0,0.08,0.08,0.0,0.0,3.0,0.34,0.0,0.5676066484302278,0,0.5494351903948572,1,0,3,2,5,0.42000000000000004,0.42000000000000004,3.969435190394857,6,2.031,41.0,2.0
98,3,Janelt,Brentford,Spurs,True,5.0,2.5,1,90,2.0,1.0,2.0,0.39,0.39,1.0,1.0,2.0,0.17,0.0,0.5676066484302278,0,0.5494351903948572,1,6,3,4,13,0.56,0.56,6.009435190394857,9,2.991,58.0,3.0
99,3,Milambo,Brentford,Spurs,True,5.0,0.0,1,0,0.0,0.0,0.0,0.0,0.0,0.0,,0.0,0.0,0.0,0.5676066484302278,0,0.5494351903948572,1,0,0,0,0,0.0,0.0,0.0,0,0.0,,
100,3,Carvalho,Brentford,Spurs,True,5.0,0.0,1,0,0.0,0.0,0.0,0.0,0.0,0.0,,0.0,0.0,0.0,0.5676066484302278,0,0.5494351903948572,1,0,0,0,0,0.0,0.0,0.0,0,0.0,,
101,3,Henderson,Chelsea,Fulham,False,4.9,0.0,1,0,0.0,0.0,0.0,0.0,0.0,0.0,,0.0,0.0,0.0,1.3852128870785232,2,0.184419357872623,0,0,0,0,0,0.0,0.0,0.0,0,0.0,,
102,3,Yarmoliuk,Brentford,Spurs,True,4.8,0.7,1,23,1.0,0.0,0.0,0.04,0.04,0.0,0.0,0.0,0.0,0.0,0.5676066484302278,0,0.5494351903948572,1,1,3,2,6,0.04,0.04,1.2,1,-0.2,18.0,1.0
103,3,Dasilva,Brentford,Spurs,True,4.9,0.0,1,0,0.0,0.0,0.0,0.0,0.0,0.0,,0.0,0.0,0.0,0.5676066484302278,0,0.5494351903948572,1,0,0,0,0,0.0,0.0,0.0,0,0.0,,
104,3,Onyeka,Coventry,Arsenal,False,4.9,0.1,1,90,0.0,0.0,0.0,0.0,0.0,0.0,,0.0,0.01,0.0,1.8821981344372025,3,0.11206897481042176,0,3,5,1,9,0.01,0.01,2.1420689748104214,2,-0.142,29.0,0.0
105,3,Anthony,Brentford,Spurs,True,5.9,0.1,1,23,1.0,0.0,0.0,0.03,0.03,0.0,0.0,3.0,0.35,0.0,0.5676066484302278,0,0.5494351903948572,1,0,6,2,8,0.38,0.38,2.1999999999999997,1,-1.2,15.0,0.0
106,4,Thiago,Brentford,Spurs,True,7.8,8.9,1,82,2.0,0.0,2.0,1.0,0.2116,0.0,0.0,0.0,0.08,0.0,0.5676066484302278,0,0.5494351903948572,1,1,4,0,5,1.08,0.2916,6.24,0,-6.24,26.0,2.0
107,4,Furo,Brentford,Spurs,True,4.5,1.0,1,0,0.0,0.0,0.0,0.0,0.0,0.0,,0.0,0.0,0.0,0.5676066484302278,0,0.5494351903948572,1,0,0,0,0,0.0,0.0,0.0,0,0.0,,
108,4,Wilson,Brentford,Spurs,True,5.4,0.3,1,7,1.0,0.0,1.0,0.03,0.03,0.0,0.0,1.0,0.04,0.0,0.5676066484302278,0,0.5494351903948572,1,0,0,0,0,0.07,0.07,1.2400000000000002,1,-0.24,4.0,1.0
109,1,Verbruggen,Brighton,Aston Villa,True,4.5,21.7,1,90,0.0,0.0,0.0,0.0,0.0,0.0,,0.0,0.0,0.0,0.2866385746747252,1,0.7435653045527727,0,0,4,0,0,0.0,0.0,4.97426121821109,6,1.026,35.0,0.0
110,1,Rushworth,Coventry,Arsenal,False,4.5,0.8,1,90,0.0,0.0,0.0,0.0,0.0,0.0,,0.0,0.01,0.0,1.8821981344372025,3,0.11206897481042176,0,1,7,0,0,0.01,0.01,2.478275899241687,1,-1.478,55.0,0.0
111,1,Steele,Brighton,Aston Villa,True,4.0,4.2,1,0,0.0,0.0,0.0,0.0,0.0,0.0,,0.0,0.0,0.0,0.2866385746747252,1,0.7435653045527727,0,0,0,0,0,0.0,0.0,0.0,0,0.0,,
112,2,Van Hecke,Spurs,Brentford,False,4.9,6.7,1,90,0.0,0.0,0.0,0.0,0.0,0.0,,0.0,0.03,0.0,3.9058625884741534,3,0.0039128342868898535,0,7,3,2,9,0.03,0.03,1.1056513371475594,1,-0.106,76.0,1.0
113,2,F.Kadıoğlu,Brighton,Aston Villa,True,4.4,1.6,1,0,0.0,0.0,0.0,0.0,0.0,0.0,,0.0,0.0,0.0,0.2866385746747252,1,0.7435653045527727,0,0,0,0,0,0.0,0.0,0.0,0,0.0,,
114,2,Boscagli,Brighton,Aston Villa,True,4.5,0.3,1,90,0.0,0.0,0.0,0.0,0.0,0.0,,0.0,0.04,0.0,0.2866385746747252,1,0.7435653045527727,0,5,4,1,6,0.04,0.04,5.0942612182110905,6,0.906,84.0,3.0
115,2,De Cuyper,Brighton,Aston Villa,True,4.9,25.2,1,77,4.0,1.0,3.0,1.47,1.47,1.0,1.0,3.0,0.21,0.0,0.2866385746747252,1,0.7435653045527727,0,1,3,3,4,1.68,1.68,17.424261218211093,17,-0.424,58.0,3.0
116,2,Dunk,Brighton,Aston Villa,True,4.5,1.5,1,90,0.0,0.0,0.0,0.0,0.0,0.0,,0.0,0.04,0.0,0.2866385746747252,1,0.7435653045527727,0,1,2,1,2,0.04,0.04,5.0942612182110905,6,0.906,118.0,0.0
117,2,Coppola,Brighton,Aston Villa,True,4.5,0.0,1,0,0.0,0.0,0.0,0.0,0.0,0.0,,0.0,0.0,0.0,0.2866385746747252,1,0.7435653045527727,0,0,0,0,0,0.0,0.0,0.0,0,0.0,,
118,2,Igor,Brighton,Aston Villa,True,4.5,0.0,1,0,0.0,0.0,0.0,0.0,0.0,0.0,,0.0,0.0,0.0,0.2866385746747252,1,0.7435653045527727,0,0,0,0,0,0.0,0.0,0.0,0,0.0,,
119,2,Costinha,Brighton,Aston Villa,True,4.5,0.0,1,26,2.0,1.0,1.0,0.12,0.12,0.0,0.0,0.0,0.0,0.0,0.2866385746747252,1,0.7435653045527727,0,3,0,1,4,0.12,0.12,1.72,1,-0.72,29.0,1.0
120,2,Svoboda,Brighton,Aston Villa,True,5.0,0.1,1,0,0.0,0.0,0.0,0.0,0.0,0.0,,0.0,0.0,0.0,0.2866385746747252,1,0.7435653045527727,0,0,0,0,0,0.0,0.0,0.0,0,0.0,,
121,3,Mitoma,Brighton,Aston Villa,True,5.9,0.0,1,0,0.0,0.0,0.0,0.0,0.0,0.0,,0.0,0.0,0.0,0.2866385746747252,1,0.7435653045527727,0,0,0,0,0,0.0,0.0,0.0,0,0.0,,
122,3,Minteh,Brighton,Aston Villa,True,5.9,0.0,1,0,0.0,0.0,0.0,0.0,0.0,0.0,,0.0,0.0,0.0,0.2866385746747252,1,0.7435653045527727,0,0,0,0,0,0.0,0.0,0.0,0,0.0,,
123,3,Hinshelwood,Brighton,Aston Villa,True,5.9,0.6,1,63,3.0,2.0,3.0,1.41,1.41,2.0,2.0,1.0,0.02,0.0,0.2866385746747252,1,0.7435653045527727,0,0,1,2,3,1.43,1.43,11.853565304552772,16,4.146,25.0,5.0
124,3,Groß,Brighton,Aston Villa,True,5.7,21.5,1,90,0.0,0.0,0.0,0.0,0.0,0.0,,4.0,0.27,0.0,0.2866385746747252,1,0.7435653045527727,0,0,2,3,5,0.27,0.27,2.5535653045527726,2,-0.554,96.0,4.0
125,4,Georginio,Brighton,Aston Villa,True,5.4,0.5,1,90,2.0,0.0,1.0,0.08,0.08,0.0,0.0,1.0,0.44,1.0,0.2866385746747252,1,0.7435653045527727,0,1,4,2,7,0.52,0.52,3.6399999999999997,5,1.36,30.0,6.0
126,3,O'Riley,Brighton,Aston Villa,True,5.4,0.1,1,0,0.0,0.0,0.0,0.0,0.0,0.0,,0.0,0.0,0.0,0.2866385746747252,1,0.7435653045527727,0,0,0,0,0,0.0,0.0,0.0,0,0.0,,
127,3,Gomez,Brighton,Aston Villa,True,5.0,4.2,1,85,3.0,2.0,2.0,0.18,0.18,0.0,0.0,2.0,0.48,1.0,0.2866385746747252,1,0.7435653045527727,0,2,1,3,6,0.6599999999999999,0.6599999999999999,5.0835653045527724,6,0.916,51.0,5.0
128,3,Buonanotte,Brighton,Aston Villa,True,5.0,0.0,1,0,0.0,0.0,0.0,0.0,0.0,0.0,,0.0,0.0,0.0,0.2866385746747252,1,0.7435653045527727,0,0,0,0,0,0.0,0.0,0.0,0,0.0,,
129,3,Ayari,Brighton,Aston Villa,True,5.4,0.4,1,63,2.0,0.0,1.0,0.11,0.11,0.0,0.0,1.0,0.03,0.0,0.2866385746747252,1,0.7435653045527727,0,1,3,0,4,0.14,0.14,2.3835653045527723,2,-0.384,47.0,1.0
130,2,Wieffer,Brighton,Aston Villa,True,4.9,0.2,1,77,1.0,0.0,1.0,0.09,0.09,0.0,0.0,2.0,0.05,0.0,0.2866385746747252,1,0.7435653045527727,0,4,5,4,8,0.14,0.14,5.664261218211091,7,1.336,85.0,2.0
131,3,Baleba,Brighton,Aston Villa,True,4.9,0.1,1,0,0.0,0.0,0.0,0.0,0.0,0.0,,0.0,0.0,0.0,0.2866385746747252,1,0.7435653045527727,0,0,0,0,0,0.0,0.0,0.0,0,0.0,,
132,3,Howell,Brighton,Aston Villa,True,4.5,0.0,1,0,0.0,0.0,0.0,0.0,0.0,0.0,,0.0,0.0,0.0,0.2866385746747252,1,0.7435653045527727,0,0,0,0,0,0.0,0.0,0.0,0,0.0,,
133,3,Watson,Brighton,Aston Villa,True,5.0,0.0,1,0,0.0,0.0,0.0,0.0,0.0,0.0,,0.0,0.0,0.0,0.2866385746747252,1,0.7435653045527727,0,0,0,0,0,0.0,0.0,0.0,0,0.0,,
134,3,Oriola,Brighton,Aston Villa,True,4.5,0.2,1,0,0.0,0.0,0.0,0.0,0.0,0.0,,0.0,0.0,0.0,0.2866385746747252,1,0.7435653045527727,0,0,0,0,0,0.0,0.0,0.0,0,0.0,,
135,3,Yohanna,Brighton,Aston Villa,True,4.9,0.0,1,12,0.0,0.0,0.0,0.0,0.0,0.0,,0.0,0.03,0.0,0.2866385746747252,1,0.7435653045527727,0,0,0,0,0,0.03,0.03,1.09,1,-0.09,11.0,0.0
136,4,Welbeck,Chelsea,Fulham,False,5.9,1.0,1,0,0.0,0.0,0.0,0.0,0.0,0.0,,0.0,0.0,0.0,1.3852128870785232,2,0.184419357872623,0,0,0,0,0,0.0,0.0,0.0,0,0.0,,
137,4,Tzimas,Brighton,Aston Villa,True,5.4,0.0,1,0,0.0,0.0,0.0,0.0,0.0,0.0,,0.0,0.0,0.0,0.2866385746747252,1,0.7435653045527727,0,0,0,0,0,0.0,0.0,0.0,0,0.0,,
138,4,Kostoulas,Brighton,Aston Villa,True,5.5,1.0,1,26,2.0,0.0,2.0,0.18,0.18,0.0,0.0,0.0,0.0,0.0,0.2866385746747252,1,0.7435653045527727,0,0,1,1,2,0.18,0.18,1.72,1,-0.72,12.0,3.0
139,4,Ferguson,Brighton,Aston Villa,True,5.0,0.0,1,0,0.0,0.0,0.0,0.0,0.0,0.0,,0.0,0.0,0.0,0.2866385746747252,1,0.7435653045527727,0,0,0,0,0,0.0,0.0,0.0,0,0.0,,
140,1,Sánchez,Chelsea,Fulham,False,4.9,0.7,1,90,0.0,0.0,0.0,0.0,0.0,0.0,,0.0,0.01,0.0,1.3852128870785232,2,0.184419357872623,0,1,5,0,0,0.01,0.01,3.7676774314904917,2,-1.768,39.0,0.0
141,1,Jörgensen,Chelsea,Fulham,False,5.0,0.0,1,0,0.0,0.0,0.0,0.0,0.0,0.0,,0.0,0.0,0.0,1.3852128870785232,2,0.184419357872623,0,0,0,0,0,0.0,0.0,0.0,0,0.0,,
142,2,James,Chelsea,Fulham,False,5.4,6.5,1,90,2.0,1.0,1.0,0.1,0.1,0.0,0.0,1.0,0.07,0.0,1.3852128870785232,2,0.184419357872623,0,6,4,0,6,0.17,0.17,2.547677431490492,0,-2.548,70.0,1.0
143,2,Chalobah,Chelsea,Fulham,False,5.5,0.1,1,0,0.0,0.0,0.0,0.0,0.0,0.0,,0.0,0.0,0.0,1.3852128870785232,2,0.184419357872623,0,0,0,0,0,0.0,0.0,0.0,0,0.0,,
144,2,Gusto,Chelsea,Fulham,False,5.0,1.0,1,75,0.0,0.0,0.0,0.0,0.0,0.0,,0.0,0.03,0.0,1.3852128870785232,2,0.184419357872623,0,2,4,1,3,0.03,0.03,2.8276774314904918,1,-1.828,43.0,3.0
145,2,Fofana,Chelsea,Fulham,False,5.0,0.2,1,0,0.0,0.0,0.0,0.0,0.0,0.0,,0.0,0.0,0.0,1.3852128870785232,2,0.184419357872623,0,0,0,0,0,0.0,0.0,0.0,0,0.0,,
146,2,B.Badiashile,Chelsea,Fulham,False,4.5,0.0,1,0,0.0,0.0,0.0,0.0,0.0,0.0,,0.0,0.0,0.0,1.3852128870785232,2,0.184419357872623,0,0,0,0,0,0.0,0.0,0.0,0,0.0,,
147,2,Tosin,Chelsea,Fulham,False,4.4,0.2,1,0,0.0,0.0,0.0,0.0,0.0,0.0,,0.0,0.0,0.0,1.3852128870785232,2,0.184419357872623,0,0,0,0,0,0.0,0.0,0.0,0,0.0,,
148,2,Hato,Chelsea,Fulham,False,4.5,0.9,1,64,1.0,0.0,1.0,0.01,0.01,0.0,0.0,1.0,0.03,0.0,1.3852128870785232,2,0.184419357872623,0,1,2,2,3,0.04,0.04,2.887677431490492,1,-1.888,40.0,4.0
149,2,Colwill,Chelsea,Fulham,False,4.8,0.9,1,90,1.0,0.0,1.0,0.01,0.01,0.0,0.0,0.0,0.03,0.0,1.3852128870785232,2,0.184419357872623,0,2,3,2,4,0.04,0.04,1.8876774314904918,0,-1.888,41.0,2.0
150,2,M.Sarr,Chelsea,Fulham,False,4.5,0.0,1,0,0.0,0.0,0.0,0.0,0.0,0.0,,0.0,0.0,0.0,1.3852128870785232,2,0.184419357872623,0,0,0,0,0,0.0,0.0,0.0,0,0.0,,
151,2,Acheampong,Chelsea,Fulham,False,4.5,0.4,1,90,0.0,0.0,0.0,0.0,0.0,0.0,,0.0,0.01,0.0,1.3852128870785232,2,0.184419357872623,0,10,6,5,15,0.01,0.01,4.767677431490492,3,-1.768,67.0,1.0
152,2,Palestra,Chelsea,Fulham,False,5.3,0.6,1,0,0.0,0.0,0.0,0.0,0.0,0.0,,0.0,0.0,0.0,1.3852128870785232,2,0.184419357872623,0,0,0,0,0,0.0,0.0,0.0,0,0.0,,
153,2,Disasi,Chelsea,Fulham,False,4.5,0.1,1,0,0.0,0.0,0.0,0.0,0.0,0.0,,0.0,0.0,0.0,1.3852128870785232,2,0.184419357872623,0,0,0,0,0,0.0,0.0,0.0,0,0.0,,
154,3,Palmer,Chelsea,Fulham,False,9.7,27.0,1,82,5.0,2.0,4.0,0.28,0.28,1.0,1.0,3.0,0.19,1.0,1.3852128870785232,2,0.184419357872623,0,0,7,2,9,0.47000000000000003,0.47000000000000003,4.154419357872624,13,8.846,62.0,9.0
155,3,Enzo,Chelsea,Fulham,False,6.9,3.5,1,25,0.0,0.0,0.0,0.0,0.0,0.0,,1.0,0.02,0.0,1.3852128870785232,2,0.184419357872623,0,0,3,0,3,0.02,0.02,1.06,1,-0.06,25.0,0.0
156,3,Neto,Chelsea,Fulham,False,6.5,1.4,1,14,1.0,0.0,1.0,0.03,0.03,0.0,0.0,0.0,0.07,0.0,1.3852128870785232,2,0.184419357872623,0,0,3,1,4,0.1,0.1,1.3599999999999999,1,-0.36,14.0,1.0
157,3,Estêvão,Chelsea,Fulham,False,6.3,0.7,1,7,0.0,0.0,0.0,0.0,0.0,0.0,,0.0,0.0,0.0,1.3852128870785232,2,0.184419357872623,0,0,1,0,1,0.0,0.0,1.0,1,0.0,5.0,0.0
158,3,Gittens,Chelsea,Fulham,False,5.9,0.0,1,0,0.0,0.0,0.0,0.0,0.0,0.0,,0.0,0.0,0.0,1.3852128870785232,2,0.184419357872623,0,0,0,0,0,0.0,0.0,0.0,0,0.0,,
159,3,Caicedo,Chelsea,Fulham,False,5.3,1.1,1,0,0.0,0.0,0.0,0.0,0.0,0.0,,0.0,0.0,0.0,1.3852128870785232,2,0.184419357872623,0,0,0,0,0,0.0,0.0,0.0,0,0.0,,
160,3,Garnacho,Aston Villa,Brighton,False,5.8,0.3,1,4,0.0,0.0,0.0,0.0,0.0,0.0,,0.0,0.0,0.0,3.766279622912406,3,0.0005667147172427399,0,0,0,0,0,0.0,0.0,1.0,1,0.0,0.0,0.0
161,3,Lavia,Chelsea,Fulham,False,5.0,0.2,1,64,1.0,1.0,1.0,0.21,0.21,0.0,0.0,2.0,0.03,0.0,1.3852128870785232,2,0.184419357872623,0,2,4,3,9,0.24,0.24,2.324419357872623,1,-1.324,34.0,1.0
162,3,Andrey Santos,Man Utd,Hull,False,4.8,0.6,1,66,0.0,0.0,0.0,0.0,0.0,0.0,,0.0,0.23,0.0,1.0736211910843847,2,0.25930769145661314,0,3,5,1,9,0.23,0.23,2.949307691456613,2,-0.949,70.0,1.0
163,3,D.Essugo,Chelsea,Fulham,False,4.5,0.1,1,0,0.0,0.0,0.0,0.0,0.0,0.0,,0.0,0.0,0.0,1.3852128870785232,2,0.184419357872623,0,0,0,0,0,0.0,0.0,0.0,0,0.0,,
164,3,Quenda,Chelsea,Fulham,False,5.3,0.0,1,8,0.0,0.0,0.0,0.0,0.0,0.0,,0.0,0.0,0.0,1.3852128870785232,2,0.184419357872623,0,1,0,0,1,0.0,0.0,1.0,1,0.0,6.0,1.0
165,4,João Pedro,Chelsea,Fulham,False,7.8,68.4,1,90,4.0,1.0,3.0,0.63,0.63,1.0,1.0,2.0,0.06,1.0,1.3852128870785232,2,0.184419357872623,0,1,2,0,3,0.69,0.69,4.699999999999999,11,6.3,39.0,8.0
166,4,N.Jackson,Chelsea,Fulham,False,6.5,1.2,1,0,0.0,0.0,0.0,0.0,0.0,0.0,,0.0,0.0,0.0,1.3852128870785232,2,0.184419357872623,0,0,0,0,0,0.0,0.0,0.0,0,0.0,,
167,4,Delap,Chelsea,Fulham,False,5.6,2.9,1,0,0.0,0.0,0.0,0.0,0.0,0.0,,0.0,0.0,0.0,1.3852128870785232,2,0.184419357872623,0,0,0,0,0,0.0,0.0,0.0,0,0.0,,
168,4,Marc Guiu,Chelsea,Fulham,False,5.0,0.2,1,0,0.0,0.0,0.0,0.0,0.0,0.0,,0.0,0.0,0.0,1.3852128870785232,2,0.184419357872623,0,0,0,0,0,0.0,0.0,0.0,0,0.0,,
169,4,Mheuka,Chelsea,Fulham,False,4.5,0.5,1,0,0.0,0.0,0.0,0.0,0.0,0.0,,0.0,0.0,0.0,1.3852128870785232,2,0.184419357872623,0,0,0,0,0,0.0,0.0,0.0,0,0.0,,
170,4,Emegha,Chelsea,Fulham,False,5.0,0.1,1,0,0.0,0.0,0.0,0.0,0.0,0.0,,0.0,0.0,0.0,1.3852128870785232,2,0.184419357872623,0,0,0,0,0,0.0,0.0,0.0,0,0.0,,
171,1,Dovin,Coventry,Arsenal,False,4.0,1.0,1,0,0.0,0.0,0.0,0.0,0.0,0.0,,0.0,0.0,0.0,1.8821981344372025,3,0.11206897481042176,0,0,0,0,0,0.0,0.0,0.0,0,0.0,,
172,1,Wilson,Coventry,Arsenal,False,4.4,0.4,1,0,0.0,0.0,0.0,0.0,0.0,0.0,,0.0,0.0,0.0,1.8821981344372025,3,0.11206897481042176,0,0,0,0,0,0.0,0.0,0.0,0,0.0,,
173,2,Thomas,Coventry,Arsenal,False,4.0,8.6,1,90,1.0,0.0,0.0,0.02,0.02,0.0,0.0,1.0,0.01,0.0,1.8821981344372025,3,0.11206897481042176,0,9,2,1,10,0.03,0.03,4.598275899241687,3,-1.598,51.0,0.0
174,2,Kitching,Coventry,Arsenal,False,4.0,0.4,1,0,0.0,0.0,0.0,0.0,0.0,0.0,,0.0,0.0,0.0,1.8821981344372025,3,0.11206897481042176,0,0,0,0,0,0.0,0.0,0.0,0,0.0,,
175,2,van Ewijk,Coventry,Arsenal,False,4.0,9.5,1,90,0.0,0.0,0.0,0.0,0.0,0.0,,0.0,0.01,0.0,1.8821981344372025,3,0.11206897481042176,0,6,3,1,7,0.01,0.01,2.478275899241687,1,-1.478,32.0,1.0
176,2,Dasilva,Coventry,Arsenal,False,4.0,0.7,1,90,0.0,0.0,0.0,0.0,0.0,0.0,,0.0,0.02,0.0,1.8821981344372025,3,0.11206897481042176,0,6,1,0,6,0.02,0.02,2.508275899241687,1,-1.508,45.0,0.0
177,2,Kesler-Hayden,Coventry,Arsenal,False,3.9,0.0,1,0,0.0,0.0,0.0,0.0,0.0,0.0,,0.0,0.0,0.0,1.8821981344372025,3,0.11206897481042176,0,0,0,0,0,0.0,0.0,0.0,0,0.0,,
178,2,Bidwell,Coventry,Arsenal,False,4.0,0.1,1,0,0.0,0.0,0.0,0.0,0.0,0.0,,0.0,0.0,0.0,1.8821981344372025,3,0.11206897481042176,0,0,0,0,0,0.0,0.0,0.0,0,0.0,,
179,2,Latibeaudiere,Coventry,Arsenal,False,4.0,0.0,1,0,0.0,0.0,0.0,0.0,0.0,0.0,,0.0,0.0,0.0,1.8821981344372025,3,0.11206897481042176,0,0,0,0,0,0.0,0.0,0.0,0,0.0,,
180,2,Woolfenden,Coventry,Arsenal,False,4.0,0.1,1,0,0.0,0.0,0.0,0.0,0.0,0.0,,0.0,0.0,0.0,1.8821981344372025,3,0.11206897481042176,0,0,0,0,0,0.0,0.0,0.0,0,0.0,,
181,2,Brau,Coventry,Arsenal,False,4.0,0.0,1,0,0.0,0.0,0.0,0.0,0.0,0.0,,0.0,0.0,0.0,1.8821981344372025,3,0.11206897481042176,0,0,0,0,0,0.0,0.0,0.0,0,0.0,,
182,2,Amenda,Coventry,Arsenal,False,4.0,0.7,1,90,0.0,0.0,0.0,0.0,0.0,0.0,,0.0,0.01,0.0,1.8821981344372025,3,0.11206897481042176,0,9,4,0,9,0.01,0.01,2.478275899241687,1,-1.478,43.0,0.0
183,3,Rudoni,Coventry,Arsenal,False,4.9,0.1,1,20,1.0,1.0,1.0,0.15,0.15,0.0,0.0,0.0,0.0,0.0,1.8821981344372025,3,0.11206897481042176,0,0,4,1,5,0.15,0.15,1.75,1,-0.75,19.0,1.0
184,3,Grimes,Coventry,Arsenal,False,4.9,0.1,1,90,0.0,0.0,0.0,0.0,0.0,0.0,,0.0,0.01,0.0,1.8821981344372025,3,0.11206897481042176,0,4,3,0,7,0.01,0.01,2.1420689748104214,2,-0.142,67.0,0.0
185,3,Sakamoto,Coventry,Arsenal,False,4.8,0.1,1,0,0.0,0.0,0.0,0.0,0.0,0.0,,0.0,0.0,0.0,1.8821981344372025,3,0.11206897481042176,0,0,0,0,0,0.0,0.0,0.0,0,0.0,,
186,3,Mason-Clark,Coventry,Arsenal,False,5.4,0.1,1,0,0.0,0.0,0.0,0.0,0.0,0.0,,0.0,0.0,0.0,1.8821981344372025,3,0.11206897481042176,0,0,0,0,0,0.0,0.0,0.0,0,0.0,,
187,3,Eccles,Coventry,Arsenal,False,4.9,0.0,1,0,0.0,0.0,0.0,0.0,0.0,0.0,,0.0,0.0,0.0,1.8821981344372025,3,0.11206897481042176,0,0,0,0,0,0.0,0.0,0.0,0,0.0,,
188,3,Torp,Coventry,Arsenal,False,5.3,0.1,1,28,0.0,0.0,0.0,0.0,0.0,0.0,,1.0,0.11,0.0,1.8821981344372025,3,0.11206897481042176,0,1,0,0,1,0.11,0.11,1.33,1,-0.33,19.0,0.0
189,3,Shepherd,Coventry,Arsenal,False,4.4,0.2,1,0,0.0,0.0,0.0,0.0,0.0,0.0,,0.0,0.0,0.0,1.8821981344372025,3,0.11206897481042176,0,0,0,0,0,0.0,0.0,0.0,0,0.0,,
190,3,Tchaouna,Coventry,Arsenal,False,5.4,0.1,1,81,2.0,0.0,0.0,0.04,0.04,0.0,0.0,0.0,0.02,0.0,1.8821981344372025,3,0.11206897481042176,0,3,5,0,8,0.06,0.06,2.372068974810422,2,-0.372,44.0,0.0
191,3,Borges Rodrigues,Coventry,Arsenal,False,4.5,0.1,1,0,0.0,0.0,0.0,0.0,0.0,0.0,,0.0,0.0,0.0,1.8821981344372025,3,0.11206897481042176,0,0,0,0,0,0.0,0.0,0.0,0,0.0,,
192,3,Andrews,Coventry,Arsenal,False,4.5,0.3,1,0,0.0,0.0,0.0,0.0,0.0,0.0,,0.0,0.0,0.0,1.8821981344372025,3,0.11206897481042176,0,0,0,0,0,0.0,0.0,0.0,0,0.0,,
193,4,Wright,Coventry,Arsenal,False,5.4,0.1,1,0,0.0,0.0,0.0,0.0,0.0,0.0,,0.0,0.0,0.0,1.8821981344372025,3,0.11206897481042176,0,0,0,0,0,0.0,0.0,0.0,0,0.0,,
194,4,Thomas-Asante,Coventry,Arsenal,False,5.0,0.7,1,69,0.0,0.0,0.0,0.0,0.0,0.0,,0.0,0.02,0.0,1.8821981344372025,3,0.11206897481042176,0,5,1,0,6,0.02,0.02,2.06,2,-0.06,21.0,0.0
195,4,Simms,Coventry,Arsenal,False,5.0,0.7,1,69,0.0,0.0,0.0,0.0,0.0,0.0,,1.0,0.01,0.0,1.8821981344372025,3,0.11206897481042176,0,1,2,0,3,0.01,0.01,2.03,2,-0.03,22.0,1.0
196,4,Markelo,Coventry,Arsenal,False,5.0,0.0,1,0,0.0,0.0,0.0,0.0,0.0,0.0,,0.0,0.0,0.0,1.8821981344372025,3,0.11206897481042176,0,0,0,0,0,0.0,0.0,0.0,0,0.0,,
197,4,Bassette,Coventry,Arsenal,False,4.5,0.0,1,0,0.0,0.0,0.0,0.0,0.0,0.0,,0.0,0.0,0.0,1.8821981344372025,3,0.11206897481042176,0,0,0,0,0,0.0,0.0,0.0,0,0.0,,
198,1,Henderson,Crystal Palace,Everton,False,5.0,1.4,1,90,0.0,0.0,0.0,0.0,0.0,0.0,,0.0,0.0,0.0,1.1194359352812162,2,0.28345998381185117,0,3,13,0,0,0.0,0.0,4.133839935247405,2,-2.134,45.0,0.0
199,1,Benitez,Crystal Palace,Everton,False,4.5,0.1,1,0,0.0,0.0,0.0,0.0,0.0,0.0,,0.0,0.0,0.0,1.1194359352812162,2,0.28345998381185117,0,0,0,0,0,0.0,0.0,0.0,0,0.0,,
200,2,Lacroix,Chelsea,Fulham,False,5.9,7.0,1,90,0.0,0.0,0.0,0.0,0.0,0.0,,1.0,0.2,1.0,1.3852128870785232,2,0.184419357872623,0,7,2,5,12,0.2,0.2,7.3376774314904925,6,-1.338,68.0,1.0
201,2,Muñoz,Crystal Palace,Everton,False,5.4,6.0,1,54,2.0,1.0,2.0,0.23,0.23,0.0,0.0,0.0,0.01,0.0,1.1194359352812162,2,0.28345998381185117,0,3,1,1,4,0.24000000000000002,0.24000000000000002,2.4099999999999997,0,-2.41,48.0,2.0
202,2,Richards,Crystal Palace,Everton,False,5.0,0.6,1,90,0.0,0.0,0.0,0.0,0.0,0.0,,0.0,0.0,0.0,1.1194359352812162,2,0.28345998381185117,0,14,1,2,16,0.0,0.0,6.133839935247405,3,-3.134,88.0,0.0
203,2,Canvot,Crystal Palace,Everton,False,4.8,0.2,1,90,1.0,0.0,1.0,0.05,0.05,0.0,0.0,0.0,0.01,0.0,1.1194359352812162,2,0.28345998381185117,0,4,3,4,8,0.060000000000000005,0.060000000000000005,3.4638399352474045,1,-2.464,99.0,1.0
204,2,Mitchell,Crystal Palace,Everton,False,4.5,6.1,1,90,0.0,0.0,0.0,0.0,0.0,0.0,,1.0,0.01,0.0,1.1194359352812162,2,0.28345998381185117,0,3,4,2,5,0.01,0.01,3.1638399352474047,1,-2.164,56.0,1.0
205,2,Sosa,Crystal Palace,Everton,False,4.5,0.0,1,0,0.0,0.0,0.0,0.0,0.0,0.0,,0.0,0.0,0.0,1.1194359352812162,2,0.28345998381185117,0,0,0,0,0,0.0,0.0,0.0,0,0.0,,
206,2,Chadi Riad,Crystal Palace,Everton,False,4.3,0.0,1,72,0.0,0.0,0.0,0.0,0.0,0.0,,0.0,0.01,0.0,1.1194359352812162,2,0.28345998381185117,0,6,3,1,7,0.01,0.01,3.1638399352474047,1,-2.164,61.0,0.0
207,2,Mingueza,Crystal Palace,Everton,False,4.4,0.1,1,0,0.0,0.0,0.0,0.0,0.0,0.0,,0.0,0.0,0.0,1.1194359352812162,2,0.28345998381185117,0,0,0,0,0,0.0,0.0,0.0,0,0.0,,
208,3,Sarr,Crystal Palace,Everton,False,6.2,0.6,1,0,0.0,0.0,0.0,0.0,0.0,0.0,,0.0,0.0,0.0,1.1194359352812162,2,0.28345998381185117,0,0,0,0,0,0.0,0.0,0.0,0,0.0,,
209,3,Johnson,Everton,Crystal Palace,True,5.9,0.1,1,6,0.0,0.0,0.0,0.0,0.0,0.0,,0.0,0.0,0.0,1.961154922842979,0,0.08246258552083066,1,2,0,0,2,0.0,0.0,1.0,1,0.0,11.0,0.0
210,3,Wharton,Crystal Palace,Everton,False,5.5,0.8,1,90,0.0,0.0,0.0,0.0,0.0,0.0,,2.0,0.24,0.0,1.1194359352812162,2,0.28345998381185117,0,4,8,2,14,0.24,0.24,5.003459983811851,4,-1.003,91.0,0.0
211,3,Yeremy,Crystal Palace,Everton,False,5.5,0.4,1,35,2.0,0.0,1.0,0.06,0.06,0.0,0.0,0.0,0.02,0.0,1.1194359352812162,2,0.28345998381185117,0,0,3,2,5,0.08,0.08,1.36,1,-0.36,29.0,1.0
212,3,Hughes,Crystal Palace,Everton,False,4.4,7.7,1,0,0.0,0.0,0.0,0.0,0.0,0.0,,0.0,0.0,0.0,1.1194359352812162,2,0.28345998381185117,0,0,0,0,0,0.0,0.0,0.0,0,0.0,,
213,3,Lerma,Crystal Palace,Everton,False,4.9,0.1,1,0,0.0,0.0,0.0,0.0,0.0,0.0,,0.0,0.0,0.0,1.1194359352812162,2,0.28345998381185117,0,0,0,0,0,0.0,0.0,0.0,0,0.0,,
214,3,Kamada,Crystal Palace,Everton,False,5.0,0.5,1,90,0.0,0.0,0.0,0.0,0.0,0.0,,2.0,0.27,0.0,1.1194359352812162,2,0.28345998381185117,0,3,8,3,14,0.27,0.27,4.093459983811851,3,-1.093,90.0,0.0
215,3,Devenny,Crystal Palace,Everton,False,5.0,0.0,1,0,0.0,0.0,0.0,0.0,0.0,0.0,,0.0,0.0,0.0,1.1194359352812162,2,0.28345998381185117,0,0,0,0,0,0.0,0.0,0.0,0,0.0,,
216,3,Esse,Crystal Palace,Everton,False,5.0,0.0,1,0,0.0,0.0,0.0,0.0,0.0,0.0,,0.0,0.0,0.0,1.1194359352812162,2,0.28345998381185117,0,0,0,0,0,0.0,0.0,0.0,0,0.0,,
217,3,M.França,Crystal Palace,Everton,False,4.9,0.0,1,0,0.0,0.0,0.0,0.0,0.0,0.0,,0.0,0.0,0.0,1.1194359352812162,2,0.28345998381185117,0,0,0,0,0,0.0,0.0,0.0,0,0.0,,
218,3,Doucouré,Crystal Palace,Everton,False,4.9,0.0,1,0,0.0,0.0,0.0,0.0,0.0,0.0,,0.0,0.0,0.0,1.1194359352812162,2,0.28345998381185117,0,0,0,0,0,0.0,0.0,0.0,0,0.0,,
219,3,J.Rak-Sakyi,Crystal Palace,Everton,False,4.9,0.0,1,0,0.0,0.0,0.0,0.0,0.0,0.0,,0.0,0.0,0.0,1.1194359352812162,2,0.28345998381185117,0,0,0,0,0,0.0,0.0,0.0,0,0.0,,
220,2,Cardines,Crystal Palace,Everton,False,4.5,0.0,1,0,0.0,0.0,0.0,0.0,0.0,0.0,,0.0,0.0,0.0,1.1194359352812162,2,0.28345998381185117,0,0,0,0,0,0.0,0.0,0.0,0,0.0,,
221,3,Drakes-Thomas,Crystal Palace,Everton,False,4.5,0.1,1,0,0.0,0.0,0.0,0.0,0.0,0.0,,0.0,0.0,0.0,1.1194359352812162,2,0.28345998381185117,0,0,0,0,0,0.0,0.0,0.0,0,0.0,,
222,4,Strand Larsen,Crystal Palace,Everton,False,6.0,0.6,1,27,1.0,1.0,1.0,0.25,0.25,0.0,0.0,0.0,0.01,0.0,1.1194359352812162,2,0.28345998381185117,0,0,0,0,0,0.26,0.26,2.03,1,-1.03,5.0,1.0
223,4,Mateta,Crystal Palace,Everton,False,6.3,1.4,1,62,2.0,0.0,2.0,0.7,0.7,0.0,0.0,1.0,0.02,0.0,1.1194359352812162,2,0.28345998381185117,0,1,2,2,5,0.72,0.72,4.859999999999999,2,-2.86,21.0,2.0
224,4,Nketiah,Crystal Palace,Everton,False,5.5,0.5,1,55,1.0,1.0,1.0,0.6,0.6,0.0,0.0,2.0,0.58,0.0,1.1194359352812162,2,0.28345998381185117,0,1,1,1,3,1.18,1.18,7.14,1,-6.14,26.0,4.0
225,4,Uche,Crystal Palace,Everton,False,5.0,0.0,1,0,0.0,0.0,0.0,0.0,0.0,0.0,,0.0,0.0,0.0,1.1194359352812162,2,0.28345998381185117,0,0,0,0,0,0.0,0.0,0.0,0,0.0,,
226,1,Pickford,Everton,Crystal Palace,True,5.5,9.0,1,90,0.0,0.0,0.0,0.0,0.0,0.0,,0.0,0.02,0.0,1.961154922842979,0,0.08246258552083066,1,0,12,0,0,0.02,0.02,3.3898503420833226,7,3.61,42.0,0.0
227,1,Travers,Everton,Crystal Palace,True,5.0,0.0,1,0,0.0,0.0,0.0,0.0,0.0,0.0,,0.0,0.0,0.0,1.961154922842979,0,0.08246258552083066,1,0,0,0,0,0.0,0.0,0.0,0,0.0,,
228,1,King,Everton,Crystal Palace,True,4.5,0.0,1,0,0.0,0.0,0.0,0.0,0.0,0.0,,0.0,0.0,0.0,1.961154922842979,0,0.08246258552083066,1,0,0,0,0,0.0,0.0,0.0,0,0.0,,
229,2,Tarkowski,Everton,Crystal Palace,True,6.1,14.1,1,90,1.0,0.0,1.0,0.05,0.05,0.0,0.0,0.0,0.0,0.0,1.961154922842979,0,0.08246258552083066,1,8,4,1,9,0.05,0.05,2.629850342083323,6,3.37,47.0,1.0
230,2,Branthwaite,Everton,Crystal Palace,True,5.5,2.3,1,90,0.0,0.0,0.0,0.0,0.0,0.0,,0.0,0.01,0.0,1.961154922842979,0,0.08246258552083066,1,6,2,2,8,0.01,0.01,2.3598503420833223,6,3.64,52.0,3.0
231,2,Keane,Everton,Crystal Palace,True,4.8,0.8,1,0,0.0,0.0,0.0,0.0,0.0,0.0,,0.0,0.0,0.0,1.961154922842979,0,0.08246258552083066,1,0,0,0,0,0.0,0.0,0.0,0,0.0,,
232,2,O'Brien,Everton,Crystal Palace,True,4.9,0.3,1,0,0.0,0.0,0.0,0.0,0.0,0.0,,0.0,0.0,0.0,1.961154922842979,0,0.08246258552083066,1,0,0,0,0,0.0,0.0,0.0,0,0.0,,
233,2,Mykolenko,Everton,Crystal Palace,True,4.6,4.2,1,90,0.0,0.0,0.0,0.0,0.0,0.0,,1.0,0.05,0.0,1.961154922842979,0,0.08246258552083066,1,4,4,0,4,0.05,0.05,2.4798503420833224,6,3.52,63.0,1.0
234,2,Patterson,Everton,Crystal Palace,True,4.5,0.0,1,0,0.0,0.0,0.0,0.0,0.0,0.0,,0.0,0.0,0.0,1.961154922842979,0,0.08246258552083066,1,0,0,0,0,0.0,0.0,0.0,0,0.0,,
235,2,Aznou,Everton,Crystal Palace,True,4.0,0.1,1,0,0.0,0.0,0.0,0.0,0.0,0.0,,0.0,0.0,0.0,1.961154922842979,0,0.08246258552083066,1,0,0,0,0,0.0,0.0,0.0,0,0.0,,
236,3,Dewsbury-Hall,Everton,Crystal Palace,True,6.6,6.2,1,90,3.0,1.0,2.0,0.12,0.12,1.0,1.0,2.0,0.17,0.0,1.961154922842979,0,0.08246258552083066,1,1,5,2,8,0.29000000000000004,0.29000000000000004,3.192462585520831,11,7.808,61.0,4.0
237,3,Ndiaye,Everton,Crystal Palace,True,5.8,7.3,1,90,2.0,2.0,2.0,0.24,0.24,0.0,0.0,3.0,0.32,1.0,1.961154922842979,0,0.08246258552083066,1,0,8,4,12,0.56,0.56,9.24246258552083,9,-0.242,67.0,9.0
238,3,Grealish,Man City,Bournemouth,True,6.5,0.4,1,8,0.0,0.0,0.0,0.0,0.0,0.0,,0.0,0.0,0.0,0.6461625993251799,1,0.4793738082133795,0,0,0,1,1,0.0,0.0,1.0,1,0.0,9.0,0.0
239,3,Garner,Everton,Crystal Palace,True,6.0,0.2,1,11,0.0,0.0,0.0,0.0,0.0,0.0,,1.0,0.03,0.0,1.961154922842979,0,0.08246258552083066,1,0,0,1,1,0.03,0.03,1.09,1,-0.09,12.0,1.0
240,3,Iroegbunam,Everton,Crystal Palace,True,5.0,0.0,1,0,0.0,0.0,0.0,0.0,0.0,0.0,,0.0,0.0,0.0,1.961154922842979,0,0.08246258552083066,1,0,0,0,0,0.0,0.0,0.0,0,0.0,,
241,3,McNeil,Crystal Palace,Everton,False,5.4,0.1,1,62,1.0,0.0,0.0,0.05,0.05,0.0,0.0,0.0,0.02,0.0,1.1194359352812162,2,0.28345998381185117,0,3,2,0,5,0.07,0.07,2.5934599838118513,2,-0.593,40.0,0.0
242,3,George,Everton,Crystal Palace,True,5.5,1.0,1,83,5.0,0.0,3.0,0.18,0.18,0.0,0.0,2.0,0.08,0.0,1.961154922842979,0,0.08246258552083066,1,3,4,0,7,0.26,0.26,3.22246258552083,3,-0.222,54.0,7.0
243,3,Alcaraz,Everton,Crystal Palace,True,4.9,0.1,1,1,1.0,1.0,1.0,0.02,0.02,0.0,0.0,0.0,0.0,0.0,1.961154922842979,0,0.08246258552083066,1,0,2,1,3,0.02,0.02,1.1,1,-0.1,4.0,1.0
244,3,Armstrong,Everton,Crystal Palace,True,5.0,0.4,1,90,0.0,0.0,0.0,0.0,0.0,0.0,,1.0,0.04,1.0,1.961154922842979,0,0.08246258552083066,1,3,11,2,16,0.04,0.04,4.202462585520831,8,3.798,55.0,2.0
245,3,Dibling,Everton,Crystal Palace,True,5.4,0.0,1,0,0.0,0.0,0.0,0.0,0.0,0.0,,0.0,0.0,0.0,1.961154922842979,0,0.08246258552083066,1,0,0,0,0,0.0,0.0,0.0,0,0.0,,
246,3,Röhl,Everton,Crystal Palace,True,4.9,0.0,1,90,0.0,0.0,0.0,0.0,0.0,0.0,,1.0,0.06,0.0,1.961154922842979,0,0.08246258552083066,1,2,5,2,9,0.06,0.06,2.2624625855208307,3,0.738,70.0,1.0
247,3,Hackney,Everton,Crystal Palace,True,5.5,0.2,1,78,1.0,0.0,1.0,0.01,0.01,0.0,0.0,1.0,0.01,0.0,1.961154922842979,0,0.08246258552083066,1,1,4,2,7,0.02,0.02,2.16246258552083,3,0.838,60.0,1.0
248,4,Beto,Everton,Crystal Palace,True,5.4,0.7,1,11,1.0,0.0,0.0,0.05,0.05,0.0,0.0,0.0,0.0,0.0,1.961154922842979,0,0.08246258552083066,1,0,0,0,0,0.05,0.05,1.2,1,-0.2,6.0,0.0
249,4,Barry,Everton,Crystal Palace,True,5.6,7.9,1,78,2.0,1.0,1.0,0.45,0.45,1.0,1.0,1.0,0.09,0.0,1.961154922842979,0,0.08246258552083066,1,0,2,1,3,0.54,0.54,4.07,8,3.93,33.0,4.0
250,1,Leno,Fulham,Chelsea,True,4.5,3.1,1,90,0.0,0.0,0.0,0.0,0.0,0.0,,0.0,0.0,0.0,2.2386446669697757,3,0.031794254550775974,0,1,9,0,0,0.0,0.0,2.127177018203104,2,-0.127,51.0,0.0
251,1,Lecomte,Fulham,Chelsea,True,4.0,1.1,1,0,0.0,0.0,0.0,0.0,0.0,0.0,,0.0,0.0,0.0,2.2386446669697757,3,0.031794254550775974,0,0,0,0,0,0.0,0.0,0.0,0,0.0,,
252,1,McNally,Fulham,Chelsea,True,4.0,0.1,1,0,0.0,0.0,0.0,0.0,0.0,0.0,,0.0,0.0,0.0,2.2386446669697757,3,0.031794254550775974,0,0,0,0,0,0.0,0.0,0.0,0,0.0,,
253,2,Andersen,Fulham,Chelsea,True,5.0,0.1,1,0,0.0,0.0,0.0,0.0,0.0,0.0,,0.0,0.0,0.0,2.2386446669697757,3,0.031794254550775974,0,0,0,0,0,0.0,0.0,0.0,0,0.0,,
254,2,Robinson,Fulham,Chelsea,True,4.5,1.4,1,81,1.0,0.0,0.0,0.13,0.13,0.0,0.0,1.0,0.04,0.0,2.2386446669697757,3,0.031794254550775974,0,4,5,3,7,0.17,0.17,2.027177018203104,1,-1.027,69.0,1.0
255,2,J.Cuenca,Fulham,Chelsea,True,4.5,0.0,1,90,0.0,0.0,0.0,0.0,0.0,0.0,,2.0,0.03,0.0,2.2386446669697757,3,0.031794254550775974,0,9,3,1,10,0.03,0.03,3.2171770182031043,3,-0.217,99.0,0.0
256,2,Tete,Fulham,Chelsea,True,4.4,0.2,1,0,0.0,0.0,0.0,0.0,0.0,0.0,,0.0,0.0,0.0,2.2386446669697757,3,0.031794254550775974,0,0,0,0,0,0.0,0.0,0.0,0,0.0,,
257,2,Bassey,Fulham,Chelsea,True,4.5,0.7,1,90,1.0,0.0,0.0,0.02,0.02,0.0,0.0,0.0,0.02,0.0,2.2386446669697757,3,0.031794254550775974,0,3,4,1,4,0.04,0.04,0.30717701820310417,0,-0.307,104.0,0.0
258,2,Castagne,Fulham,Chelsea,True,4.5,0.9,1,90,1.0,1.0,1.0,0.09,0.09,0.0,0.0,2.0,0.18,1.0,2.2386446669697757,3,0.031794254550775974,0,5,4,1,6,0.27,0.27,1.207177018203104,6,4.793,64.0,4.0
259,2,Diop,Ipswich,Sunderland,True,4.0,13.2,1,90,0.0,0.0,0.0,0.0,0.0,0.0,,0.0,0.01,0.0,0.664410811848938,1,0.49600691523092827,0,4,6,1,5,0.01,0.01,4.0140276609237135,2,-2.014,46.0,1.0
260,3,Wilson,Leeds,Nott'm Forest,False,6.2,2.0,1,65,0.0,0.0,0.0,0.0,0.0,0.0,,1.0,0.02,0.0,0.6561932261101895,0,0.5053010376228683,1,0,0,2,2,0.02,0.02,2.565301037622868,3,0.435,24.0,2.0
261,3,Iwobi,Fulham,Chelsea,True,5.4,0.7,1,90,0.0,0.0,0.0,0.0,0.0,0.0,,0.0,0.04,0.0,2.2386446669697757,3,0.031794254550775974,0,3,6,1,10,0.04,0.04,2.151794254550776,2,-0.152,103.0,0.0
262,3,Smith Rowe,Fulham,Chelsea,True,5.4,0.2,1,0,0.0,0.0,0.0,0.0,0.0,0.0,,0.0,0.0,0.0,2.2386446669697757,3,0.031794254550775974,0,0,0,0,0,0.0,0.0,0.0,0,0.0,,
263,3,Kevin,Fulham,Chelsea,True,5.3,0.0,1,17,0.0,0.0,0.0,0.0,0.0,0.0,,0.0,0.01,0.0,2.2386446669697757,3,0.031794254550775974,0,0,1,2,3,0.01,0.01,1.03,1,-0.03,20.0,0.0
264,3,Bobb,Fulham,Chelsea,True,5.5,0.3,1,66,0.0,0.0,0.0,0.0,0.0,0.0,,1.0,0.26,0.0,2.2386446669697757,3,0.031794254550775974,0,1,2,3,6,0.26,0.26,2.811794254550776,2,-0.812,39.0,3.0
265,3,Berge,Fulham,Chelsea,True,4.9,0.3,1,72,1.0,0.0,1.0,0.03,0.03,0.0,0.0,2.0,0.03,0.0,2.2386446669697757,3,0.031794254550775974,0,1,2,1,4,0.06,0.06,2.271794254550776,2,-0.272,67.0,2.0
266,3,Cairney,Fulham,Chelsea,True,4.9,0.0,1,0,0.0,0.0,0.0,0.0,0.0,0.0,,0.0,0.0,0.0,2.2386446669697757,3,0.031794254550775974,0,0,0,0,0,0.0,0.0,0.0,0,0.0,,
267,3,Lukić,Ipswich,Sunderland,True,5.0,0.1,1,90,0.0,0.0,0.0,0.0,0.0,0.0,,1.0,0.02,1.0,0.664410811848938,1,0.49600691523092827,0,2,3,1,6,0.02,0.02,2.5560069152309284,5,2.444,53.0,1.0
268,3,King,Fulham,Chelsea,True,5.5,2.1,1,90,3.0,2.0,1.0,0.17,0.17,1.0,1.0,1.0,0.04,0.0,2.2386446669697757,3,0.031794254550775974,0,2,4,2,8,0.21000000000000002,0.21000000000000002,3.0017942545507763,7,3.998,57.0,9.0
269,2,Sessegnon,Fulham,Chelsea,True,4.4,0.3,1,17,1.0,1.0,1.0,0.03,0.03,0.0,0.0,0.0,0.0,0.0,2.2386446669697757,3,0.031794254550775974,0,1,1,0,1,0.03,0.03,1.18,1,-0.18,19.0,2.0
270,3,Reed,Fulham,Chelsea,True,4.4,1.2,1,0,0.0,0.0,0.0,0.0,0.0,0.0,,0.0,0.0,0.0,2.2386446669697757,3,0.031794254550775974,0,0,0,0,0,0.0,0.0,0.0,0,0.0,,
271,4,Muniz,Fulham,Chelsea,True,5.4,0.4,1,8,1.0,1.0,0.0,0.02,0.02,0.0,0.0,1.0,0.0,0.0,2.2386446669697757,3,0.031794254550775974,0,1,0,0,1,0.02,0.02,1.08,1,-0.08,7.0,0.0
272,4,Kusi-Asare,Fulham,Chelsea,True,4.5,5.6,1,0,0.0,0.0,0.0,0.0,0.0,0.0,,0.0,0.0,0.0,2.2386446669697757,3,0.031794254550775974,0,0,0,0,0,0.0,0.0,0.0,0,0.0,,
273,1,Phillips,Hull,Man Utd,True,4.0,1.4,1,0,0.0,0.0,0.0,0.0,0.0,0.0,,0.0,0.0,0.0,1.826371275819837,0,0.12967322250876914,1,0,0,0,0,0.0,0.0,0.0,0,0.0,,
274,1,Butland,Hull,Man Utd,True,4.5,0.1,1,0,0.0,0.0,0.0,0.0,0.0,0.0,,0.0,0.0,0.0,1.826371275819837,0,0.12967322250876914,1,0,0,0,0,0.0,0.0,0.0,0,0.0,,
275,1,Cartwright,Hull,Man Utd,True,4.0,0.0,1,0,0.0,0.0,0.0,0.0,0.0,0.0,,0.0,0.0,0.0,1.826371275819837,0,0.12967322250876914,1,0,0,0,0,0.0,0.0,0.0,0,0.0,,
276,1,Lo-Tutala,Hull,Man Utd,True,4.0,0.0,1,0,0.0,0.0,0.0,0.0,0.0,0.0,,0.0,0.0,0.0,1.826371275819837,0,0.12967322250876914,1,0,0,0,0,0.0,0.0,0.0,0,0.0,,
277,2,Egan,Hull,Man Utd,True,4.1,7.1,1,90,0.0,0.0,0.0,0.0,0.0,0.0,,0.0,0.0,0.0,1.826371275819837,0,0.12967322250876914,1,20,3,1,21,0.0,0.0,4.5186928900350765,8,3.481,54.0,1.0
278,2,Hughes,Hull,Man Utd,True,3.9,0.2,1,0,0.0,0.0,0.0,0.0,0.0,0.0,,0.0,0.0,0.0,1.826371275819837,0,0.12967322250876914,1,0,0,0,0,0.0,0.0,0.0,0,0.0,,
279,2,Ajayi,Hull,Man Utd,True,4.2,14.3,1,63,1.0,1.0,1.0,0.52,0.52,1.0,1.0,0.0,0.0,0.0,1.826371275819837,0,0.12967322250876914,1,7,3,0,7,0.52,0.52,7.638692890035077,14,6.361,26.0,2.0
280,2,Coyle,Hull,Man Utd,True,4.0,0.7,1,69,0.0,0.0,0.0,0.0,0.0,0.0,,1.0,0.01,0.0,1.826371275819837,0,0.12967322250876914,1,1,3,1,2,0.01,0.01,2.5486928900350763,6,3.451,32.0,0.0
281,2,Drameh,Hull,Man Utd,True,4.0,0.0,1,20,1.0,0.0,0.0,0.05,0.05,0.0,0.0,0.0,0.0,0.0,1.826371275819837,0,0.12967322250876914,1,2,2,1,3,0.05,0.05,1.3,1,-0.3,13.0,0.0
282,2,Giles,Hull,Man Utd,True,4.0,2.9,1,84,1.0,0.0,0.0,0.02,0.02,0.0,0.0,1.0,0.07,0.0,1.826371275819837,0,0.12967322250876914,1,5,1,1,6,0.09000000000000001,0.09000000000000001,2.8486928900350765,6,3.151,38.0,1.0
283,2,Jacob,Hull,Man Utd,True,4.0,0.0,1,0,0.0,0.0,0.0,0.0,0.0,0.0,,0.0,0.0,0.0,1.826371275819837,0,0.12967322250876914,1,0,0,0,0,0.0,0.0,0.0,0,0.0,,
284,2,McCarthy,Hull,Man Utd,True,4.0,0.1,1,0,0.0,0.0,0.0,0.0,0.0,0.0,,0.0,0.0,0.0,1.826371275819837,0,0.12967322250876914,1,0,0,0,0,0.0,0.0,0.0,0,0.0,,
285,2,McNair,Hull,Man Utd,True,4.0,0.1,1,26,0.0,0.0,0.0,0.0,0.0,0.0,,0.0,0.0,0.0,1.826371275819837,0,0.12967322250876914,1,2,1,0,2,0.0,0.0,1.0,1,0.0,7.0,0.0
286,3,Belloumi,Hull,Man Utd,True,5.1,4.4,1,90,2.0,0.0,1.0,0.05,0.05,0.0,0.0,0.0,0.03,0.0,1.826371275819837,0,0.12967322250876914,1,3,3,4,10,0.08,0.08,2.469673222508769,3,0.53,34.0,2.0
287,3,Millar,Hull,Man Utd,True,5.0,0.0,1,19,0.0,0.0,0.0,0.0,0.0,0.0,,0.0,0.0,0.0,1.826371275819837,0,0.12967322250876914,1,1,1,1,3,0.0,0.0,0.0,0,0.0,10.0,1.0
288,3,Dowell,Hull,Man Utd,True,4.5,0.3,1,0,0.0,0.0,0.0,0.0,0.0,0.0,,0.0,0.0,0.0,1.826371275819837,0,0.12967322250876914,1,0,0,0,0,0.0,0.0,0.0,0,0.0,,
289,3,Crooks,Hull,Man Utd,True,4.4,0.5,1,90,0.0,0.0,0.0,0.0,0.0,0.0,,0.0,0.0,0.0,1.826371275819837,0,0.12967322250876914,1,4,1,4,9,0.0,0.0,1.1296732225087691,2,0.87,35.0,0.0
290,3,Slater,Hull,Man Utd,True,4.5,5.5,1,90,0.0,0.0,0.0,0.0,0.0,0.0,,1.0,0.44,1.0,1.826371275819837,0,0.12967322250876914,1,0,2,1,3,0.44,0.44,3.4496732225087694,6,2.55,31.0,0.0
291,3,Matazo,Hull,Man Utd,True,4.5,0.0,1,0,0.0,0.0,0.0,0.0,0.0,0.0,,0.0,0.0,0.0,1.826371275819837,0,0.12967322250876914,1,0,0,0,0,0.0,0.0,0.0,0,0.0,,
292,3,Ömür,Hull,Man Utd,True,4.9,0.0,1,0,0.0,0.0,0.0,0.0,0.0,0.0,,0.0,0.0,0.0,1.826371275819837,0,0.12967322250876914,1,0,0,0,0,0.0,0.0,0.0,0,0.0,,
293,3,Kamara,Hull,Man Utd,True,5.0,0.0,1,0,0.0,0.0,0.0,0.0,0.0,0.0,,0.0,0.0,0.0,1.826371275819837,0,0.12967322250876914,1,0,0,0,0,0.0,0.0,0.0,0,0.0,,
294,3,Zambrano,Hull,Man Utd,True,4.5,0.1,1,0,0.0,0.0,0.0,0.0,0.0,0.0,,0.0,0.0,0.0,1.826371275819837,0,0.12967322250876914,1,0,0,0,0,0.0,0.0,0.0,0,0.0,,
295,4,McBurnie,Hull,Man Utd,True,5.5,2.0,1,90,2.0,2.0,2.0,0.16,0.16,0.0,0.0,2.0,0.01,0.0,1.826371275819837,0,0.12967322250876914,1,3,2,0,5,0.17,0.17,2.67,5,2.33,36.0,3.0
296,3,Akintola,Hull,Man Utd,True,5.0,0.0,1,0,0.0,0.0,0.0,0.0,0.0,0.0,,0.0,0.0,0.0,1.826371275819837,0,0.12967322250876914,1,0,0,0,0,0.0,0.0,0.0,0,0.0,,
297,3,Gyabi,Hull,Man Utd,True,4.5,0.0,1,0,0.0,0.0,0.0,0.0,0.0,0.0,,0.0,0.0,0.0,1.826371275819837,0,0.12967322250876914,1,0,0,0,0,0.0,0.0,0.0,0,0.0,,
298,4,Destan,Hull,Man Utd,True,4.5,0.2,1,0,0.0,0.0,0.0,0.0,0.0,0.0,,0.0,0.0,0.0,1.826371275819837,0,0.12967322250876914,1,0,0,0,0,0.0,0.0,0.0,0,0.0,,
299,4,Burstow,Hull,Man Utd,True,4.5,0.0,1,0,0.0,0.0,0.0,0.0,0.0,0.0,,0.0,0.0,0.0,1.826371275819837,0,0.12967322250876914,1,0,0,0,0,0.0,0.0,0.0,0,0.0,,
300,1,Walton,Ipswich,Sunderland,True,4.4,0.4,1,0,0.0,0.0,0.0,0.0,0.0,0.0,,0.0,0.0,0.0,0.664410811848938,1,0.49600691523092827,0,0,0,0,0,0.0,0.0,0.0,0,0.0,,
301,1,Palmer,Ipswich,Sunderland,True,4.0,4.0,1,0,0.0,0.0,0.0,0.0,0.0,0.0,,0.0,0.0,0.0,0.664410811848938,1,0.49600691523092827,0,0,0,0,0,0.0,0.0,0.0,0,0.0,,
302,1,Button,Ipswich,Sunderland,True,4.0,0.6,1,0,0.0,0.0,0.0,0.0,0.0,0.0,,0.0,0.0,0.0,0.664410811848938,1,0.49600691523092827,0,0,0,0,0,0.0,0.0,0.0,0,0.0,,
303,2,Kipré,Ipswich,Sunderland,True,3.9,0.9,1,0,0.0,0.0,0.0,0.0,0.0,0.0,,0.0,0.0,0.0,0.664410811848938,1,0.49600691523092827,0,0,0,0,0,0.0,0.0,0.0,0,0.0,,
304,2,O'Shea,Ipswich,Sunderland,True,4.0,2.8,1,90,0.0,0.0,0.0,0.0,0.0,0.0,,2.0,0.16,0.0,0.664410811848938,1,0.49600691523092827,0,16,6,2,18,0.16,0.16,9.464027660923714,4,-5.464,70.0,1.0
305,2,Davis,Ipswich,Sunderland,True,4.0,6.8,1,90,0.0,0.0,0.0,0.0,0.0,0.0,,0.0,0.01,0.0,0.664410811848938,1,0.49600691523092827,0,7,4,0,7,0.01,0.01,4.0140276609237135,2,-2.014,49.0,0.0
306,2,Greaves,Ipswich,Sunderland,True,4.0,1.1,1,90,0.0,0.0,0.0,0.0,0.0,0.0,,0.0,0.0,0.0,0.664410811848938,1,0.49600691523092827,0,4,1,3,7,0.0,0.0,3.9840276609237133,2,-1.984,52.0,0.0
307,2,Johnson,Ipswich,Sunderland,True,4.0,0.1,1,0,0.0,0.0,0.0,0.0,0.0,0.0,,0.0,0.0,0.0,0.664410811848938,1,0.49600691523092827,0,0,0,0,0,0.0,0.0,0.0,0,0.0,,
308,2,Furlong,Ipswich,Sunderland,True,3.9,0.6,1,0,0.0,0.0,0.0,0.0,0.0,0.0,,0.0,0.0,0.0,0.664410811848938,1,0.49600691523092827,0,0,0,0,0,0.0,0.0,0.0,0,0.0,,
309,3,Núñez,Ipswich,Sunderland,True,4.9,0.1,1,79,1.0,0.0,1.0,0.03,0.03,0.0,0.0,0.0,0.03,0.0,0.664410811848938,1,0.49600691523092827,0,4,6,2,12,0.06,0.06,4.736006915230928,4,-0.736,56.0,1.0
310,3,Matusiwa,Ipswich,Sunderland,True,4.9,0.0,1,0,0.0,0.0,0.0,0.0,0.0,0.0,,0.0,0.0,0.0,0.664410811848938,1,0.49600691523092827,0,0,0,0,0,0.0,0.0,0.0,0,0.0,,
311,3,Burns,Ipswich,Sunderland,True,5.0,0.0,1,0,0.0,0.0,0.0,0.0,0.0,0.0,,0.0,0.0,0.0,0.664410811848938,1,0.49600691523092827,0,0,0,0,0,0.0,0.0,0.0,0,0.0,,
312,3,Taylor,Ipswich,Sunderland,True,4.5,0.0,1,0,0.0,0.0,0.0,0.0,0.0,0.0,,0.0,0.0,0.0,0.664410811848938,1,0.49600691523092827,0,0,0,0,0,0.0,0.0,0.0,0,0.0,,
313,3,Clarke,Ipswich,Sunderland,True,5.4,0.2,1,19,2.0,1.0,1.0,0.1,0.1,1.0,1.0,0.0,0.0,0.0,0.664410811848938,1,0.49600691523092827,0,0,1,1,2,0.1,0.1,1.5,7,5.5,8.0,1.0
314,3,Ogbene,Ipswich,Sunderland,True,4.9,0.0,1,0,0.0,0.0,0.0,0.0,0.0,0.0,,0.0,0.0,0.0,0.664410811848938,1,0.49600691523092827,0,0,0,0,0,0.0,0.0,0.0,0,0.0,,
315,3,Fatawu,Ipswich,Sunderland,True,5.4,0.2,1,65,0.0,0.0,0.0,0.0,0.0,0.0,,2.0,0.41,0.0,0.664410811848938,1,0.49600691523092827,0,1,2,4,7,0.41,0.41,3.7260069152309283,2,-1.726,36.0,4.0
316,4,Emersonn,Ipswich,Sunderland,True,5.5,3.3,1,65,3.0,2.0,3.0,0.82,0.82,1.0,1.0,2.0,0.06,0.0,0.664410811848938,1,0.49600691523092827,0,1,1,1,3,0.8799999999999999,0.8799999999999999,6.459999999999999,9,2.54,26.0,4.0
317,4,Hirst,Ipswich,Sunderland,True,5.0,0.1,1,0,0.0,0.0,0.0,0.0,0.0,0.0,,0.0,0.0,0.0,0.664410811848938,1,0.49600691523092827,0,0,0,0,0,0.0,0.0,0.0,0,0.0,,
318,3,Philogene,Ipswich,Sunderland,True,5.4,0.1,1,0,0.0,0.0,0.0,0.0,0.0,0.0,,0.0,0.0,0.0,0.664410811848938,1,0.49600691523092827,0,0,0,0,0,0.0,0.0,0.0,0,0.0,,
319,3,Szmodics,Ipswich,Sunderland,True,5.0,0.0,1,0,0.0,0.0,0.0,0.0,0.0,0.0,,0.0,0.0,0.0,0.664410811848938,1,0.49600691523092827,0,0,0,0,0,0.0,0.0,0.0,0,0.0,,
320,4,Akpom,Ipswich,Sunderland,True,5.0,1.2,1,24,0.0,0.0,0.0,0.0,0.0,0.0,,0.0,0.0,0.0,0.664410811848938,1,0.49600691523092827,0,0,2,1,3,0.0,0.0,1.0,1,0.0,8.0,1.0
321,4,Walle Egeli,Ipswich,Sunderland,True,4.5,3.6,1,10,0.0,0.0,0.0,0.0,0.0,0.0,,0.0,0.0,0.0,0.664410811848938,1,0.49600691523092827,0,0,0,0,0,0.0,0.0,1.0,1,0.0,2.0,0.0
322,4,Al-Hamadi,Ipswich,Sunderland,True,5.0,0.1,1,0,0.0,0.0,0.0,0.0,0.0,0.0,,0.0,0.0,0.0,0.664410811848938,1,0.49600691523092827,0,0,0,0,0,0.0,0.0,0.0,0,0.0,,
323,3,McAteer,Ipswich,Sunderland,True,4.5,1.1,1,24,0.0,0.0,0.0,0.0,0.0,0.0,,0.0,0.0,0.0,0.664410811848938,1,0.49600691523092827,0,0,2,1,3,0.0,0.0,1.0,1,0.0,9.0,0.0
324,3,Mehmeti,Ipswich,Sunderland,True,4.9,0.0,1,0,0.0,0.0,0.0,0.0,0.0,0.0,,0.0,0.0,0.0,0.664410811848938,1,0.49600691523092827,0,0,0,0,0,0.0,0.0,0.0,0,0.0,,
325,1,Darlow,Man Utd,Hull,False,4.5,0.0,1,0,0.0,0.0,0.0,0.0,0.0,0.0,,0.0,0.0,0.0,1.0736211910843847,2,0.25930769145661314,0,0,0,0,0,0.0,0.0,0.0,0,0.0,,
326,1,Perri,Leeds,Nott'm Forest,False,4.5,0.3,1,0,0.0,0.0,0.0,0.0,0.0,0.0,,0.0,0.0,0.0,0.6561932261101895,0,0.5053010376228683,1,0,0,0,0,0.0,0.0,0.0,0,0.0,,
327,2,Bijol,Leeds,Nott'm Forest,False,5.0,0.7,1,90,2.0,0.0,2.0,0.11,0.11,0.0,0.0,0.0,0.0,0.0,0.6561932261101895,0,0.5053010376228683,1,11,5,1,12,0.11,0.11,8.681204150491473,10,1.319,72.0,3.0
328,2,Struijk,Brighton,Aston Villa,True,4.9,0.2,1,0,0.0,0.0,0.0,0.0,0.0,0.0,,0.0,0.0,0.0,0.2866385746747252,1,0.7435653045527727,0,0,0,0,0,0.0,0.0,0.0,0,0.0,,
329,2,Rodon,Leeds,Nott'm Forest,False,4.3,0.8,1,90,1.0,0.0,1.0,0.03,0.03,0.0,0.0,1.0,0.06,0.0,0.6561932261101895,0,0.5053010376228683,1,6,1,1,7,0.09,0.09,4.381204150491472,6,1.619,41.0,1.0
330,2,Bogle,Leeds,Nott'm Forest,False,4.6,5.9,1,90,0.0,0.0,0.0,0.0,0.0,0.0,,0.0,0.0,0.0,0.6561932261101895,0,0.5053010376228683,1,2,3,1,3,0.0,0.0,4.021204150491473,6,1.979,39.0,0.0
331,2,Gudmundsson,Leeds,Nott'm Forest,False,4.5,0.1,1,0,0.0,0.0,0.0,0.0,0.0,0.0,,0.0,0.0,0.0,0.6561932261101895,0,0.5053010376228683,1,0,0,0,0,0.0,0.0,0.0,0,0.0,,
332,2,Justin,Leeds,Nott'm Forest,False,4.5,1.5,1,90,0.0,0.0,0.0,0.0,0.0,0.0,,0.0,0.01,0.0,0.6561932261101895,0,0.5053010376228683,1,6,4,6,12,0.01,0.01,7.051204150491473,10,2.949,42.0,1.0
333,2,Bornauw,Leeds,Nott'm Forest,False,4.5,0.0,1,0,0.0,0.0,0.0,0.0,0.0,0.0,,0.0,0.0,0.0,0.6561932261101895,0,0.5053010376228683,1,0,0,0,0,0.0,0.0,0.0,0,0.0,,
334,2,Muharemović,Leeds,Nott'm Forest,False,5.0,4.3,1,90,1.0,1.0,1.0,0.09,0.09,0.0,0.0,0.0,0.0,0.0,0.6561932261101895,0,0.5053010376228683,1,7,1,0,7,0.09,0.09,4.561204150491473,6,1.439,46.0,1.0
335,3,Stach,Leeds,Nott'm Forest,False,6.0,2.6,1,90,3.0,1.0,0.0,0.1,0.1,1.0,1.0,0.0,0.05,0.0,0.6561932261101895,0,0.5053010376228683,1,8,5,3,16,0.15000000000000002,0.15000000000000002,5.155301037622868,13,7.845,57.0,3.0
336,3,Okafor,Leeds,Nott'm Forest,False,5.8,0.4,1,24,0.0,0.0,0.0,0.0,0.0,0.0,,1.0,0.16,0.0,0.6561932261101895,0,0.5053010376228683,1,1,2,2,5,0.16,0.16,1.48,1,-0.48,10.0,2.0
337,3,Aaronson,Leeds,Nott'm Forest,False,5.4,0.5,1,81,1.0,1.0,0.0,0.01,0.01,0.0,0.0,0.0,0.01,0.0,0.6561932261101895,0,0.5053010376228683,1,0,6,1,7,0.02,0.02,2.585301037622868,3,0.415,31.0,0.0
338,3,Ampadu,Leeds,Nott'm Forest,False,5.4,0.9,1,90,0.0,0.0,0.0,0.0,0.0,0.0,,2.0,0.04,0.0,0.6561932261101895,0,0.5053010376228683,1,6,5,2,13,0.04,0.04,4.625301037622869,5,0.375,70.0,0.0
339,3,Longstaff,Leeds,Nott'm Forest,False,4.9,0.1,1,8,0.0,0.0,0.0,0.0,0.0,0.0,,0.0,0.0,0.0,0.6561932261101895,0,0.5053010376228683,1,0,0,0,0,0.0,0.0,1.0,1,0.0,2.0,0.0
340,3,Gelhardt,Hull,Man Utd,True,5.0,0.0,1,0,0.0,0.0,0.0,0.0,0.0,0.0,,0.0,0.0,0.0,1.826371275819837,0,0.12967322250876914,1,0,0,0,0,0.0,0.0,0.0,0,0.0,,
341,3,Gnonto,Leeds,Nott'm Forest,False,5.0,0.0,1,0,0.0,0.0,0.0,0.0,0.0,0.0,,0.0,0.0,0.0,0.6561932261101895,0,0.5053010376228683,1,0,0,0,0,0.0,0.0,0.0,0,0.0,,
342,3,Harrison,Leeds,Nott'm Forest,False,5.0,0.0,1,0,0.0,0.0,0.0,0.0,0.0,0.0,,0.0,0.0,0.0,0.6561932261101895,0,0.5053010376228683,1,0,0,0,0,0.0,0.0,0.0,0,0.0,,
343,3,James,Leeds,Nott'm Forest,False,4.9,0.1,1,0,0.0,0.0,0.0,0.0,0.0,0.0,,0.0,0.0,0.0,0.6561932261101895,0,0.5053010376228683,1,0,0,0,0,0.0,0.0,0.0,0,0.0,,
344,3,Gruev,Leeds,Nott'm Forest,False,5.0,0.0,1,0,0.0,0.0,0.0,0.0,0.0,0.0,,0.0,0.0,0.0,0.6561932261101895,0,0.5053010376228683,1,0,0,0,0,0.0,0.0,0.0,0,0.0,,
345,3,Tanaka,Leeds,Nott'm Forest,False,4.9,0.3,1,0,0.0,0.0,0.0,0.0,0.0,0.0,,0.0,0.0,0.0,0.6561932261101895,0,0.5053010376228683,1,0,0,0,0,0.0,0.0,0.0,0,0.0,,
346,4,Calvert-Lewin,Leeds,Nott'm Forest,False,6.0,25.7,1,90,3.0,0.0,2.0,0.13,0.13,0.0,0.0,0.0,0.0,0.0,0.6561932261101895,0,0.5053010376228683,1,0,2,0,2,0.13,0.13,1.52,1,-0.52,22.0,2.0
347,4,Nmecha,Leeds,Nott'm Forest,False,5.4,0.5,1,0,0.0,0.0,0.0,0.0,0.0,0.0,,0.0,0.0,0.0,0.6561932261101895,0,0.5053010376228683,1,0,0,0,0,0.0,0.0,0.0,0,0.0,,
348,4,Piroe,Leeds,Nott'm Forest,False,5.0,0.1,1,0,0.0,0.0,0.0,0.0,0.0,0.0,,0.0,0.0,0.0,0.6561932261101895,0,0.5053010376228683,1,0,0,0,0,0.0,0.0,0.0,0,0.0,,
349,4,Mateo Joseph,Leeds,Nott'm Forest,False,4.5,0.1,1,0,0.0,0.0,0.0,0.0,0.0,0.0,,0.0,0.0,0.0,0.6561932261101895,0,0.5053010376228683,1,0,0,0,0,0.0,0.0,0.0,0,0.0,,
350,1,A.Becker,Liverpool,Newcastle,False,5.5,3.9,1,90,0.0,0.0,0.0,0.0,0.0,0.0,,0.0,0.0,0.0,1.5752260554581874,2,0.14548767718878036,0,2,6,0,0,0.0,0.0,3.5819507087551212,2,-1.582,28.0,0.0
351,1,Mamardashvili,Liverpool,Newcastle,False,4.9,0.1,1,0,0.0,0.0,0.0,0.0,0.0,0.0,,0.0,0.0,0.0,1.5752260554581874,2,0.14548767718878036,0,0,0,0,0,0.0,0.0,0.0,0,0.0,,
352,1,Woodman,Liverpool,Newcastle,False,4.0,1.0,1,0,0.0,0.0,0.0,0.0,0.0,0.0,,0.0,0.0,0.0,1.5752260554581874,2,0.14548767718878036,0,0,0,0,0,0.0,0.0,0.0,0,0.0,,
353,1,Pecsi,Liverpool,Newcastle,False,4.0,0.0,1,0,0.0,0.0,0.0,0.0,0.0,0.0,,0.0,0.0,0.0,1.5752260554581874,2,0.14548767718878036,0,0,0,0,0,0.0,0.0,0.0,0,0.0,,
354,1,Jaros,Liverpool,Newcastle,False,4.0,0.0,1,0,0.0,0.0,0.0,0.0,0.0,0.0,,0.0,0.0,0.0,1.5752260554581874,2,0.14548767718878036,0,0,0,0,0,0.0,0.0,0.0,0,0.0,,
355,1,Davies,Liverpool,Newcastle,False,4.0,0.2,1,0,0.0,0.0,0.0,0.0,0.0,0.0,,0.0,0.0,0.0,1.5752260554581874,2,0.14548767718878036,0,0,0,0,0,0.0,0.0,0.0,0,0.0,,
356,2,Virgil,Liverpool,Newcastle,False,6.5,16.4,1,90,2.0,1.0,2.0,0.25,0.25,0.0,0.0,0.0,0.01,0.0,1.5752260554581874,2,0.14548767718878036,0,9,6,2,11,0.26,0.26,5.1119507087551215,2,-3.112,74.0,3.0
357,2,Frimpong,Liverpool,Newcastle,False,5.3,1.9,1,90,1.0,0.0,0.0,0.01,0.01,0.0,0.0,3.0,0.09,0.0,1.5752260554581874,2,0.14548767718878036,0,1,3,1,2,0.09999999999999999,0.09999999999999999,1.9119507087551213,0,-1.912,66.0,4.0
358,2,Kerkez,Liverpool,Newcastle,False,5.4,2.3,1,90,2.0,1.0,0.0,0.02,0.02,0.0,0.0,1.0,0.02,0.0,1.5752260554581874,2,0.14548767718878036,0,4,3,3,7,0.04,0.04,1.7619507087551214,0,-1.762,64.0,2.0
359,2,Gomez,Liverpool,Newcastle,False,4.9,0.0,1,0,0.0,0.0,0.0,0.0,0.0,0.0,,0.0,0.0,0.0,1.5752260554581874,2,0.14548767718878036,0,0,0,0,0,0.0,0.0,0.0,0,0.0,,
360,2,Bradley,Liverpool,Newcastle,False,5.0,0.0,1,0,0.0,0.0,0.0,0.0,0.0,0.0,,0.0,0.0,0.0,1.5752260554581874,2,0.14548767718878036,0,0,0,0,0,0.0,0.0,0.0,0,0.0,,
361,2,Lucky,Liverpool,Newcastle,False,4.0,0.1,1,0,0.0,0.0,0.0,0.0,0.0,0.0,,0.0,0.0,0.0,1.5752260554581874,2,0.14548767718878036,0,0,0,0,0,0.0,0.0,0.0,0,0.0,,
362,2,Jacquet,Liverpool,Newcastle,False,5.0,3.3,1,69,0.0,0.0,0.0,0.0,0.0,0.0,,1.0,0.02,0.0,1.5752260554581874,2,0.14548767718878036,0,2,3,1,3,0.02,0.02,2.6419507087551213,1,-1.642,51.0,0.0
363,2,Leoni,Liverpool,Newcastle,False,4.0,0.0,1,0,0.0,0.0,0.0,0.0,0.0,0.0,,0.0,0.0,0.0,1.5752260554581874,2,0.14548767718878036,0,0,0,0,0,0.0,0.0,0.0,0,0.0,,
364,2,Tsimikas,Liverpool,Newcastle,False,4.9,0.1,1,0,0.0,0.0,0.0,0.0,0.0,0.0,,0.0,0.0,0.0,1.5752260554581874,2,0.14548767718878036,0,0,0,0,0,0.0,0.0,0.0,0,0.0,,
365,2,Ramsay,Liverpool,Newcastle,False,4.0,0.1,1,0,0.0,0.0,0.0,0.0,0.0,0.0,,0.0,0.0,0.0,1.5752260554581874,2,0.14548767718878036,0,0,0,0,0,0.0,0.0,0.0,0,0.0,,
366,3,Wirtz,Liverpool,Newcastle,False,7.3,6.1,1,62,3.0,1.0,3.0,0.26,0.26,0.0,0.0,1.0,0.04,0.0,1.5752260554581874,2,0.14548767718878036,0,0,4,1,5,0.3,0.3,3.5654876771887807,2,-1.565,43.0,4.0
367,3,Gakpo,Liverpool,Newcastle,False,7.2,12.8,1,90,6.0,1.0,2.0,0.3,0.3,1.0,1.0,3.0,0.15,0.0,1.5752260554581874,2,0.14548767718878036,0,4,5,3,12,0.44999999999999996,0.44999999999999996,7.09548767718878,12,4.905,58.0,10.0
368,3,Szoboszlai,Liverpool,Newcastle,False,7.0,34.5,1,90,3.0,1.0,1.0,0.85,0.06159999999999999,1.0,0.0,3.0,0.27,0.0,1.5752260554581874,2,0.14548767718878036,0,2,4,1,7,1.12,0.3316,10.205487677188781,8,-2.205,88.0,1.0
369,3,Ngumoha,Liverpool,Newcastle,False,5.7,0.5,1,62,1.0,0.0,1.0,0.04,0.04,0.0,0.0,0.0,0.02,0.0,1.5752260554581874,2,0.14548767718878036,0,0,2,1,3,0.06,0.06,2.4054876771887805,2,-0.405,21.0,1.0
370,3,Chiesa,Liverpool,Newcastle,False,5.3,0.0,1,0,0.0,0.0,0.0,0.0,0.0,0.0,,0.0,0.0,0.0,1.5752260554581874,2,0.14548767718878036,0,0,0,0,0,0.0,0.0,0.0,0,0.0,,
371,3,Gravenberch,Liverpool,Newcastle,False,5.8,1.2,1,77,2.0,0.0,0.0,0.06,0.06,0.0,0.0,1.0,0.05,1.0,1.5752260554581874,2,0.14548767718878036,0,2,8,1,11,0.11,0.11,2.59548767718878,5,2.405,62.0,0.0
372,3,Mac Allister,Liverpool,Newcastle,False,5.4,1.3,1,27,0.0,0.0,0.0,0.0,0.0,0.0,,0.0,0.01,0.0,1.5752260554581874,2,0.14548767718878036,0,0,1,2,3,0.01,0.01,1.03,1,-0.03,18.0,0.0
373,3,C.Jones,Liverpool,Newcastle,False,5.5,0.0,1,0,0.0,0.0,0.0,0.0,0.0,0.0,,0.0,0.0,0.0,1.5752260554581874,2,0.14548767718878036,0,0,0,0,0,0.0,0.0,0.0,0,0.0,,
374,3,Endo,Liverpool,Newcastle,False,4.9,0.1,1,0,0.0,0.0,0.0,0.0,0.0,0.0,,0.0,0.0,0.0,1.5752260554581874,2,0.14548767718878036,0,0,0,0,0,0.0,0.0,0.0,0,0.0,,
375,3,Nyoni,Liverpool,Newcastle,False,4.9,0.0,1,0,0.0,0.0,0.0,0.0,0.0,0.0,,0.0,0.0,0.0,1.5752260554581874,2,0.14548767718878036,0,0,0,0,0,0.0,0.0,0.0,0,0.0,,
376,3,Bajcetic,Liverpool,Newcastle,False,5.0,0.0,1,0,0.0,0.0,0.0,0.0,0.0,0.0,,0.0,0.0,0.0,1.5752260554581874,2,0.14548767718878036,0,0,0,0,0,0.0,0.0,0.0,0,0.0,,
377,3,Munoz,Liverpool,Newcastle,False,6.5,1.0,1,27,2.0,0.0,2.0,0.09,0.09,0.0,0.0,0.0,0.04,0.0,1.5752260554581874,2,0.14548767718878036,0,0,0,0,0,0.13,0.13,1.5699999999999998,4,2.43,16.0,3.0
378,3,McConnell,Liverpool,Newcastle,False,4.4,0.2,1,0,0.0,0.0,0.0,0.0,0.0,0.0,,0.0,0.0,0.0,1.5752260554581874,2,0.14548767718878036,0,0,0,0,0,0.0,0.0,0.0,0,0.0,,
379,4,Isak,Liverpool,Newcastle,False,9.1,21.9,1,90,4.0,2.0,4.0,1.09,1.09,0.0,0.0,1.0,0.01,0.0,1.5752260554581874,2,0.14548767718878036,0,1,0,0,1,1.1,1.1,8.39,2,-6.39,28.0,6.0
380,4,Ekitiké,Liverpool,Newcastle,False,7.4,0.1,1,0,0.0,0.0,0.0,0.0,0.0,0.0,,0.0,0.0,0.0,1.5752260554581874,2,0.14548767718878036,0,0,0,0,0,0.0,0.0,0.0,0,0.0,,
381,3,Koumas,Liverpool,Newcastle,False,5.0,0.0,1,12,1.0,0.0,1.0,0.03,0.03,0.0,0.0,0.0,0.0,0.0,1.5752260554581874,2,0.14548767718878036,0,0,1,0,1,0.03,0.03,1.15,1,-0.15,5.0,2.0
382,4,Danns,Liverpool,Newcastle,False,4.5,0.2,1,0,0.0,0.0,0.0,0.0,0.0,0.0,,0.0,0.0,0.0,1.5752260554581874,2,0.14548767718878036,0,0,0,0,0,0.0,0.0,0.0,0,0.0,,
383,3,Elliott,Liverpool,Newcastle,False,5.4,0.0,1,0,0.0,0.0,0.0,0.0,0.0,0.0,,0.0,0.0,0.0,1.5752260554581874,2,0.14548767718878036,0,0,0,0,0,0.0,0.0,0.0,0,0.0,,
384,1,Donnarumma,Man City,Bournemouth,True,5.5,7.8,1,90,0.0,0.0,0.0,0.0,0.0,0.0,,0.0,0.0,0.0,0.6461625993251799,1,0.4793738082133795,0,1,4,0,0,0.0,0.0,4.917495232853518,3,-1.917,29.0,0.0
385,1,Trafford,Leeds,Nott'm Forest,False,5.0,5.4,1,90,0.0,0.0,0.0,0.0,0.0,0.0,,0.0,0.0,0.0,0.6561932261101895,0,0.5053010376228683,1,0,9,0,0,0.0,0.0,5.021204150491473,9,3.979,44.0,0.0
386,1,Bettinelli,Man City,Bournemouth,True,4.5,0.0,1,0,0.0,0.0,0.0,0.0,0.0,0.0,,0.0,0.0,0.0,0.6461625993251799,1,0.4793738082133795,0,0,0,0,0,0.0,0.0,0.0,0,0.0,,
387,2,O'Reilly,Man City,Bournemouth,True,6.4,11.5,1,62,1.0,0.0,1.0,0.07,0.07,0.0,0.0,1.0,0.41,0.0,0.6461625993251799,1,0.4793738082133795,0,1,5,1,2,0.48,0.48,7.567495232853519,2,-5.567,34.0,3.0
388,2,Guéhi,Man City,Bournemouth,True,6.0,18.6,1,90,2.0,1.0,2.0,0.89,0.89,1.0,1.0,1.0,0.32,0.0,0.6461625993251799,1,0.4793738082133795,0,1,4,3,4,1.21,1.21,13.21749523285352,10,-3.217,75.0,4.0
389,2,Matheus N.,Man City,Bournemouth,True,5.9,1.0,1,33,0.0,0.0,0.0,0.0,0.0,0.0,,0.0,0.04,0.0,0.6461625993251799,1,0.4793738082133795,0,1,2,0,1,0.04,0.04,1.12,1,-0.12,28.0,2.0
390,2,Rúben,Man City,Bournemouth,True,5.5,1.9,1,90,0.0,0.0,0.0,0.0,0.0,0.0,,1.0,0.14,0.0,0.6461625993251799,1,0.4793738082133795,0,6,8,0,6,0.14,0.14,4.337495232853518,2,-2.337,139.0,1.0
391,2,Gvardiol,Man City,Bournemouth,True,5.7,25.9,1,90,1.0,1.0,1.0,0.19,0.19,1.0,1.0,0.0,0.05,0.0,0.6461625993251799,1,0.4793738082133795,0,5,5,2,7,0.24,0.24,6.2074952328535185,9,2.793,93.0,1.0
392,2,Aït-Nouri,Man City,Bournemouth,True,5.3,0.4,1,0,0.0,0.0,0.0,0.0,0.0,0.0,,0.0,0.0,0.0,0.6461625993251799,1,0.4793738082133795,0,0,0,0,0,0.0,0.0,0.0,0,0.0,,
393,2,Khusanov,Man City,Bournemouth,True,5.4,1.4,1,90,0.0,0.0,0.0,0.0,0.0,0.0,,0.0,0.02,0.0,0.6461625993251799,1,0.4793738082133795,0,2,6,2,4,0.02,0.02,3.977495232853518,2,-1.977,98.0,0.0
394,2,Alleyne,Man City,Bournemouth,True,5.0,0.0,1,0,0.0,0.0,0.0,0.0,0.0,0.0,,0.0,0.0,0.0,0.6461625993251799,1,0.4793738082133795,0,0,0,0,0,0.0,0.0,0.0,0,0.0,,
395,2,Lewis,Man City,Bournemouth,True,4.4,0.2,1,56,1.0,1.0,1.0,0.17,0.17,0.0,0.0,0.0,0.02,0.0,0.6461625993251799,1,0.4793738082133795,0,2,0,0,2,0.19,0.19,2.08,1,-1.08,45.0,4.0
396,2,Vitor Reis,Man City,Bournemouth,True,4.5,0.0,1,0,0.0,0.0,0.0,0.0,0.0,0.0,,0.0,0.0,0.0,0.6461625993251799,1,0.4793738082133795,0,0,0,0,0,0.0,0.0,0.0,0,0.0,,
397,3,Semenyo,Man City,Bournemouth,True,8.4,14.7,1,90,1.0,1.0,1.0,0.06,0.06,0.0,0.0,0.0,0.02,0.0,0.6461625993251799,1,0.4793738082133795,0,0,4,1,5,0.08,0.08,2.8393738082133795,2,-0.839,54.0,8.0
398,3,Foden,Man City,Bournemouth,True,6.9,2.0,1,81,2.0,0.0,1.0,0.12,0.12,0.0,0.0,2.0,0.4,0.0,0.6461625993251799,1,0.4793738082133795,0,0,3,3,6,0.52,0.52,3.2793738082133803,1,-2.279,80.0,5.0
399,3,Cherki,Man City,Bournemouth,True,7.8,28.0,1,27,0.0,0.0,0.0,0.0,0.0,0.0,,4.0,0.5,2.0,0.6461625993251799,1,0.4793738082133795,0,0,0,0,0,0.5,0.5,2.5,8,5.5,19.0,2.0
400,3,Doku,Man City,Bournemouth,True,7.4,0.7,1,0,0.0,0.0,0.0,0.0,0.0,0.0,,0.0,0.0,0.0,0.6461625993251799,1,0.4793738082133795,0,0,0,0,0,0.0,0.0,0.0,0,0.0,,
401,4,Marmoush,Man City,Bournemouth,True,7.0,2.2,1,0,0.0,0.0,0.0,0.0,0.0,0.0,,0.0,0.0,0.0,0.6461625993251799,1,0.4793738082133795,0,0,0,0,0,0.0,0.0,0.0,0,0.0,,
402,3,Rodrigo,Man City,Bournemouth,True,6.5,0.0,1,0,0.0,0.0,0.0,0.0,0.0,0.0,,0.0,0.0,0.0,0.6461625993251799,1,0.4793738082133795,0,0,0,0,0,0.0,0.0,0.0,0,0.0,,
403,3,Sávio,Man City,Bournemouth,True,6.5,0.7,1,0,0.0,0.0,0.0,0.0,0.0,0.0,,0.0,0.0,0.0,0.6461625993251799,1,0.4793738082133795,0,0,0,0,0,0.0,0.0,0.0,0,0.0,,
404,3,Reijnders,Man City,Bournemouth,True,6.0,0.0,1,0,0.0,0.0,0.0,0.0,0.0,0.0,,0.0,0.0,0.0,0.6461625993251799,1,0.4793738082133795,0,0,0,0,0,0.0,0.0,0.0,0,0.0,,
405,3,N.Gonzalez,Man City,Bournemouth,True,5.5,0.2,1,0,0.0,0.0,0.0,0.0,0.0,0.0,,0.0,0.0,0.0,0.6461625993251799,1,0.4793738082133795,0,0,0,0,0,0.0,0.0,0.0,0,0.0,,
406,3,Kovačić,Man City,Bournemouth,True,5.4,0.1,1,27,0.0,0.0,0.0,0.0,0.0,0.0,,0.0,0.01,0.0,0.6461625993251799,1,0.4793738082133795,0,0,2,0,2,0.01,0.01,1.03,1,-0.03,27.0,0.0
407,3,Echeverri,Man City,Bournemouth,True,4.9,0.0,1,0,0.0,0.0,0.0,0.0,0.0,0.0,,0.0,0.0,0.0,0.6461625993251799,1,0.4793738082133795,0,0,0,0,0,0.0,0.0,0.0,0,0.0,,
408,3,Phillips,Man City,Bournemouth,True,5.0,0.0,1,0,0.0,0.0,0.0,0.0,0.0,0.0,,0.0,0.0,0.0,0.6461625993251799,1,0.4793738082133795,0,0,0,0,0,0.0,0.0,0.0,0,0.0,,
409,3,Mukasa,Man City,Bournemouth,True,4.5,0.1,1,0,0.0,0.0,0.0,0.0,0.0,0.0,,0.0,0.0,0.0,0.6461625993251799,1,0.4793738082133795,0,0,0,0,0,0.0,0.0,0.0,0,0.0,,
410,3,Monga,Man City,Bournemouth,True,4.9,0.0,1,0,0.0,0.0,0.0,0.0,0.0,0.0,,0.0,0.0,0.0,0.6461625993251799,1,0.4793738082133795,0,0,0,0,0,0.0,0.0,0.0,0,0.0,,
411,4,Haaland,Man City,Bournemouth,True,15.6,73.3,1,90,5.0,2.0,4.0,0.74,0.74,0.0,0.0,0.0,0.02,0.0,0.6461625993251799,1,0.4793738082133795,0,0,3,0,3,0.76,0.76,5.02,2,-3.02,26.0,7.0
412,1,Lammens,Man Utd,Hull,False,4.9,10.3,1,90,0.0,0.0,0.0,0.0,0.0,0.0,,0.0,0.0,0.0,1.0736211910843847,2,0.25930769145661314,0,2,8,0,0,0.0,0.0,3.0372307658264526,1,-2.037,26.0,0.0
413,1,Bayindir,Man Utd,Hull,False,4.5,0.0,1,0,0.0,0.0,0.0,0.0,0.0,0.0,,0.0,0.0,0.0,1.0736211910843847,2,0.25930769145661314,0,0,0,0,0,0.0,0.0,0.0,0,0.0,,
414,1,Heaton,Man Utd,Hull,False,4.0,0.1,1,0,0.0,0.0,0.0,0.0,0.0,0.0,,0.0,0.0,0.0,1.0736211910843847,2,0.25930769145661314,0,0,0,0,0,0.0,0.0,0.0,0,0.0,,
415,3,Dorgu,Man Utd,Hull,False,5.8,0.5,1,45,3.0,0.0,3.0,0.47,0.47,0.0,0.0,0.0,0.03,0.0,1.0736211910843847,2,0.25930769145661314,0,1,0,0,1,0.5,0.5,2.4399999999999995,0,-2.44,22.0,5.0
416,2,De Ligt,Man Utd,Hull,False,5.0,0.0,1,0,0.0,0.0,0.0,0.0,0.0,0.0,,0.0,0.0,0.0,1.0736211910843847,2,0.25930769145661314,0,0,0,0,0,0.0,0.0,0.0,0,0.0,,
417,2,Dalot,Man Utd,Hull,False,4.9,1.7,1,10,0.0,0.0,0.0,0.0,0.0,0.0,,1.0,0.0,0.0,1.0736211910843847,2,0.25930769145661314,0,1,1,2,3,0.0,0.0,1.0,1,0.0,14.0,0.0
418,2,Maguire,Man Utd,Hull,False,4.9,9.2,1,90,2.0,1.0,1.0,0.04,0.04,0.0,0.0,2.0,0.4,0.0,1.0736211910843847,2,0.25930769145661314,0,4,5,0,4,0.44,0.44,4.4772307658264525,1,-3.477,94.0,5.0
419,2,Martinez,Man Utd,Hull,False,5.0,1.3,1,0,0.0,0.0,0.0,0.0,0.0,0.0,,0.0,0.0,0.0,1.0736211910843847,2,0.25930769145661314,0,0,0,0,0,0.0,0.0,0.0,0,0.0,,
420,2,Yoro,Man Utd,Hull,False,4.8,0.5,1,0,0.0,0.0,0.0,0.0,0.0,0.0,,0.0,0.0,0.0,1.0736211910843847,2,0.25930769145661314,0,0,0,0,0,0.0,0.0,0.0,0,0.0,,
421,2,Heaven,Man Utd,Hull,False,4.4,0.3,1,90,2.0,0.0,2.0,0.12,0.12,0.0,0.0,0.0,0.04,0.0,1.0736211910843847,2,0.25930769145661314,0,1,4,1,2,0.16,0.16,3.877230765826453,1,-2.877,76.0,3.0
422,2,Mazraoui,Man Utd,Hull,False,4.4,0.5,1,79,1.0,0.0,1.0,0.22,0.22,0.0,0.0,2.0,0.05,0.0,1.0736211910843847,2,0.25930769145661314,0,4,3,1,5,0.27,0.27,4.507230765826453,1,-3.507,93.0,2.0
423,2,Shaw,Man Utd,Hull,False,4.3,8.3,1,90,0.0,0.0,0.0,0.0,0.0,0.0,,4.0,0.26,0.0,1.0736211910843847,2,0.25930769145661314,0,3,3,1,4,0.26,0.26,3.8172307658264524,1,-2.817,89.0,3.0
424,2,Amass,Man Utd,Hull,False,4.0,0.2,1,0,0.0,0.0,0.0,0.0,0.0,0.0,,0.0,0.0,0.0,1.0736211910843847,2,0.25930769145661314,0,0,0,0,0,0.0,0.0,0.0,0,0.0,,
425,2,Fredricson,Man Utd,Hull,False,4.0,0.0,1,0,0.0,0.0,0.0,0.0,0.0,0.0,,0.0,0.0,0.0,1.0736211910843847,2,0.25930769145661314,0,0,0,0,0,0.0,0.0,0.0,0,0.0,,
426,3,B.Fernandes,Man Utd,Hull,False,12.0,39.9,1,90,3.0,1.0,0.0,0.08,0.08,0.0,0.0,3.0,0.26,0.0,1.0736211910843847,2,0.25930769145661314,0,1,5,0,6,0.34,0.34,3.439307691456613,2,-1.439,106.0,3.0
427,3,Mbeumo,Man Utd,Hull,False,7.9,21.5,1,90,4.0,2.0,4.0,0.5,0.5,0.0,0.0,1.0,0.23,0.0,1.0736211910843847,2,0.25930769145661314,0,0,4,0,4,0.73,0.73,6.449307691456613,2,-4.449,64.0,7.0
428,3,Cunha,Man Utd,Hull,False,7.9,5.7,1,79,3.0,1.0,3.0,0.24,0.24,0.0,0.0,2.0,0.21,0.0,1.0736211910843847,2,0.25930769145661314,0,0,3,0,3,0.44999999999999996,0.44999999999999996,4.089307691456613,2,-2.089,44.0,6.0
429,3,Rashford,Man Utd,Hull,False,7.0,1.6,1,45,0.0,0.0,0.0,0.0,0.0,0.0,,4.0,0.1,0.0,1.0736211910843847,2,0.25930769145661314,0,0,1,0,1,0.1,0.1,1.3,1,-0.3,32.0,2.0
430,3,Mount,Man Utd,Hull,False,5.4,0.0,1,0,0.0,0.0,0.0,0.0,0.0,0.0,,0.0,0.0,0.0,1.0736211910843847,2,0.25930769145661314,0,0,0,0,0,0.0,0.0,0.0,0,0.0,,
431,3,Amad,Man Utd,Hull,False,5.7,0.3,1,0,0.0,0.0,0.0,0.0,0.0,0.0,,0.0,0.0,0.0,1.0736211910843847,2,0.25930769145661314,0,0,0,0,0,0.0,0.0,0.0,0,0.0,,
432,3,Mainoo,Man Utd,Hull,False,5.5,1.6,1,23,1.0,0.0,0.0,0.07,0.07,0.0,0.0,0.0,0.01,0.0,1.0736211910843847,2,0.25930769145661314,0,0,1,0,1,0.08,0.08,1.3800000000000001,1,-0.38,33.0,0.0
433,3,Ugarte,Man Utd,Hull,False,5.0,0.0,1,0,0.0,0.0,0.0,0.0,0.0,0.0,,0.0,0.0,0.0,1.0736211910843847,2,0.25930769145661314,0,0,0,0,0,0.0,0.0,0.0,0,0.0,,
434,3,J.Fletcher,Man Utd,Hull,False,4.9,0.0,1,0,0.0,0.0,0.0,0.0,0.0,0.0,,0.0,0.0,0.0,1.0736211910843847,2,0.25930769145661314,0,0,0,0,0,0.0,0.0,0.0,0,0.0,,
435,3,Lacey,Man Utd,Hull,False,4.9,0.1,1,10,0.0,0.0,0.0,0.0,0.0,0.0,,0.0,0.0,0.0,1.0736211910843847,2,0.25930769145661314,0,0,1,0,1,0.0,0.0,1.0,1,0.0,7.0,0.0
436,3,Collyer,Man Utd,Hull,False,5.0,0.0,1,0,0.0,0.0,0.0,0.0,0.0,0.0,,0.0,0.0,0.0,1.0736211910843847,2,0.25930769145661314,0,0,0,0,0,0.0,0.0,0.0,0,0.0,,
437,3,Bendito Mantato,Man Utd,Hull,False,4.5,0.2,1,0,0.0,0.0,0.0,0.0,0.0,0.0,,0.0,0.0,0.0,1.0736211910843847,2,0.25930769145661314,0,0,0,0,0,0.0,0.0,0.0,0,0.0,,
438,3,Fletcher,Man Utd,Hull,False,4.4,0.3,1,0,0.0,0.0,0.0,0.0,0.0,0.0,,0.0,0.0,0.0,1.0736211910843847,2,0.25930769145661314,0,0,0,0,0,0.0,0.0,0.0,0,0.0,,
439,4,Šeško,Man Utd,Hull,False,7.0,1.8,1,23,1.0,0.0,1.0,0.04,0.04,0.0,0.0,0.0,0.0,0.0,1.0736211910843847,2,0.25930769145661314,0,0,0,0,0,0.04,0.04,1.16,1,-0.16,6.0,3.0
440,4,Zirkzee,Man Utd,Hull,False,5.3,0.4,1,0,0.0,0.0,0.0,0.0,0.0,0.0,,0.0,0.0,0.0,1.0736211910843847,2,0.25930769145661314,0,0,0,0,0,0.0,0.0,0.0,0,0.0,,
441,4,Obi,Man Utd,Hull,False,4.5,1.0,1,0,0.0,0.0,0.0,0.0,0.0,0.0,,0.0,0.0,0.0,1.0736211910843847,2,0.25930769145661314,0,0,0,0,0,0.0,0.0,0.0,0,0.0,,
442,1,Pope,Newcastle,Liverpool,True,4.9,1.0,1,0,0.0,0.0,0.0,0.0,0.0,0.0,,0.0,0.0,0.0,3.0021523228302587,2,0.016721759599038325,0,0,0,0,0,0.0,0.0,0.0,0,0.0,,
443,1,Gillespie,Newcastle,Liverpool,True,4.5,0.0,1,0,0.0,0.0,0.0,0.0,0.0,0.0,,0.0,0.0,0.0,3.0021523228302587,2,0.016721759599038325,0,0,0,0,0,0.0,0.0,0.0,0,0.0,,
444,1,Jaouen,Newcastle,Liverpool,True,4.4,0.0,1,0,0.0,0.0,0.0,0.0,0.0,0.0,,0.0,0.0,0.0,3.0021523228302587,2,0.016721759599038325,0,0,0,0,0,0.0,0.0,0.0,0,0.0,,
445,2,Thiaw,Newcastle,Liverpool,True,5.0,2.2,1,90,0.0,0.0,0.0,0.0,0.0,0.0,,0.0,0.0,0.0,3.0021523228302587,2,0.016721759599038325,0,15,2,0,15,0.0,0.0,3.0668870383961533,3,-0.067,48.0,0.0
446,2,Schär,Newcastle,Liverpool,True,4.9,0.2,1,1,0.0,0.0,0.0,0.0,0.0,0.0,,0.0,0.0,0.0,3.0021523228302587,2,0.016721759599038325,0,0,0,0,0,0.0,0.0,1.0,1,0.0,0.0,0.0
447,2,Botman,Newcastle,Liverpool,True,5.0,0.7,1,90,0.0,0.0,0.0,0.0,0.0,0.0,,0.0,0.01,0.0,3.0021523228302587,2,0.016721759599038325,0,10,2,0,10,0.01,0.01,3.0968870383961535,3,-0.097,48.0,0.0
448,2,Burn,Newcastle,Liverpool,True,4.9,0.8,1,0,0.0,0.0,0.0,0.0,0.0,0.0,,0.0,0.0,0.0,3.0021523228302587,2,0.016721759599038325,0,0,0,0,0,0.0,0.0,0.0,0,0.0,,
449,2,Hall,Newcastle,Liverpool,True,5.2,14.9,1,90,0.0,0.0,0.0,0.0,0.0,0.0,,1.0,0.35,0.0,3.0021523228302587,2,0.016721759599038325,0,6,8,5,11,0.35,0.35,4.116887038396153,3,-1.117,54.0,0.0
450,2,Livramento,Newcastle,Liverpool,True,4.9,0.1,1,0,0.0,0.0,0.0,0.0,0.0,0.0,,0.0,0.0,0.0,3.0021523228302587,2,0.016721759599038325,0,0,0,0,0,0.0,0.0,0.0,0,0.0,,
451,2,A.Murphy,Newcastle,Liverpool,True,4.0,0.1,1,0,0.0,0.0,0.0,0.0,0.0,0.0,,0.0,0.0,0.0,3.0021523228302587,2,0.016721759599038325,0,0,0,0,0,0.0,0.0,0.0,0,0.0,,
452,3,Bruno G.,Arsenal,Coventry,True,6.7,1.8,1,0,0.0,0.0,0.0,0.0,0.0,0.0,,0.0,0.0,0.0,0.2042657434940337,0,0.8052335860842609,1,0,0,0,0,0.0,0.0,0.0,0,0.0,,
453,3,Barnes,Newcastle,Liverpool,True,6.1,4.5,1,90,1.0,0.0,1.0,0.07,0.07,0.0,0.0,0.0,0.02,0.0,3.0021523228302587,2,0.016721759599038325,0,3,4,1,8,0.09000000000000001,0.09000000000000001,2.4267217595990385,2,-0.427,33.0,3.0
454,3,Elanga,Newcastle,Liverpool,True,6.1,5.8,1,75,2.0,2.0,1.0,0.22,0.22,1.0,1.0,0.0,0.01,0.0,3.0021523228302587,2,0.016721759599038325,0,1,1,0,2,0.23,0.23,3.146721759599038,9,5.853,32.0,3.0
455,3,Tonali,Spurs,Brentford,False,5.3,2.0,1,90,2.0,1.0,0.0,0.04,0.04,0.0,0.0,0.0,0.06,0.0,3.9058625884741534,3,0.0039128342868898535,0,0,3,1,4,0.1,0.1,2.3839128342868903,2,-0.384,76.0,0.0
456,3,J.Ramsey,Newcastle,Liverpool,True,4.9,0.3,1,34,1.0,0.0,1.0,0.06,0.06,0.0,0.0,0.0,0.01,0.0,3.0021523228302587,2,0.016721759599038325,0,3,1,2,6,0.06999999999999999,0.06999999999999999,0.33000000000000007,0,-0.33,25.0,1.0
457,3,J.Murphy,Newcastle,Liverpool,True,5.9,0.1,1,14,0.0,0.0,0.0,0.0,0.0,0.0,,0.0,0.0,0.0,3.0021523228302587,2,0.016721759599038325,0,1,1,0,2,0.0,0.0,0.0,0,0.0,7.0,1.0
458,3,Joelinton,Newcastle,Liverpool,True,5.4,0.0,1,0,0.0,0.0,0.0,0.0,0.0,0.0,,0.0,0.0,0.0,3.0021523228302587,2,0.016721759599038325,0,0,0,0,0,0.0,0.0,0.0,0,0.0,,
459,3,L.Miley,Newcastle,Liverpool,True,5.5,0.1,1,75,1.0,0.0,0.0,0.05,0.05,0.0,0.0,2.0,0.01,0.0,3.0021523228302587,2,0.016721759599038325,0,6,6,1,13,0.060000000000000005,0.060000000000000005,3.296721759599038,3,-0.297,46.0,1.0
460,3,Willock,Newcastle,Liverpool,True,5.0,0.5,1,34,1.0,1.0,0.0,0.09,0.09,1.0,1.0,1.0,0.17,0.0,3.0021523228302587,2,0.016721759599038325,0,0,1,2,3,0.26,0.26,1.96,6,4.04,15.0,1.0
461,3,Touré,Newcastle,Liverpool,True,5.8,0.1,1,0,0.0,0.0,0.0,0.0,0.0,0.0,,0.0,0.0,0.0,3.0021523228302587,2,0.016721759599038325,0,0,0,0,0,0.0,0.0,0.0,0,0.0,,
462,3,Steur,Newcastle,Liverpool,True,4.9,0.1,1,55,0.0,0.0,0.0,0.0,0.0,0.0,,0.0,0.0,0.0,3.0021523228302587,2,0.016721759599038325,0,0,2,0,2,0.0,0.0,1.0,1,0.0,31.0,0.0
463,4,Woltemade,Newcastle,Liverpool,True,5.9,0.5,1,0,0.0,0.0,0.0,0.0,0.0,0.0,,0.0,0.0,0.0,3.0021523228302587,2,0.016721759599038325,0,0,0,0,0,0.0,0.0,0.0,0,0.0,,
464,4,Wissa,Newcastle,Liverpool,True,6.2,19.3,1,90,4.0,1.0,2.0,1.0,1.0,0.0,0.0,1.0,0.02,1.0,3.0021523228302587,2,0.016721759599038325,0,1,3,4,8,1.02,1.02,5.06,4,-1.06,41.0,3.0
465,4,Osula,Newcastle,Liverpool,True,5.8,0.3,1,55,2.0,0.0,0.0,0.06,0.06,0.0,0.0,1.0,0.14,1.0,3.0021523228302587,2,0.016721759599038325,0,2,2,1,5,0.2,0.2,1.6600000000000001,4,2.34,20.0,2.0
466,4,Neave,Newcastle,Liverpool,True,4.5,0.5,1,0,0.0,0.0,0.0,0.0,0.0,0.0,,0.0,0.0,0.0,3.0021523228302587,2,0.016721759599038325,0,0,0,0,0,0.0,0.0,0.0,0,0.0,,
467,1,Sels,Nott'm Forest,Leeds,True,5.0,1.6,1,90,0.0,0.0,0.0,0.0,0.0,0.0,,0.0,0.0,0.0,0.4699079422280187,1,0.6160343192818569,0,0,9,0,0,0.0,0.0,4.464137277127428,2,-2.464,35.0,0.0
468,1,John,Nott'm Forest,Leeds,True,4.5,0.1,1,0,0.0,0.0,0.0,0.0,0.0,0.0,,0.0,0.0,0.0,0.4699079422280187,1,0.6160343192818569,0,0,0,0,0,0.0,0.0,0.0,0,0.0,,
469,2,N.Williams,Nott'm Forest,Leeds,True,5.0,9.1,1,90,0.0,0.0,0.0,0.0,0.0,0.0,,0.0,0.02,0.0,0.4699079422280187,1,0.6160343192818569,0,3,10,3,6,0.02,0.02,4.524137277127427,2,-2.524,55.0,3.0
470,2,Morato,Nott'm Forest,Leeds,True,5.0,0.0,1,0,0.0,0.0,0.0,0.0,0.0,0.0,,0.0,0.0,0.0,0.4699079422280187,1,0.6160343192818569,0,0,0,0,0,0.0,0.0,0.0,0,0.0,,
471,2,Milenković,Nott'm Forest,Leeds,True,5.4,1.1,1,90,2.0,0.0,2.0,0.11,0.11,0.0,0.0,0.0,0.02,0.0,0.4699079422280187,1,0.6160343192818569,0,7,6,0,7,0.13,0.13,5.1841372771274274,2,-3.184,61.0,5.0
472,2,Murillo,Nott'm Forest,Leeds,True,5.5,2.1,1,90,0.0,0.0,0.0,0.0,0.0,0.0,,2.0,0.28,0.0,0.4699079422280187,1,0.6160343192818569,0,12,3,2,14,0.28,0.28,10.304137277127428,4,-6.304,79.0,0.0
473,2,Aina,Nott'm Forest,Leeds,True,4.5,2.6,1,73,2.0,1.0,0.0,0.04,0.04,0.0,0.0,3.0,0.17,0.0,0.4699079422280187,1,0.6160343192818569,0,2,4,0,2,0.21000000000000002,0.21000000000000002,4.214137277127428,5,0.786,57.0,1.0
474,2,Jair Cunha,Nott'm Forest,Leeds,True,4.5,0.2,1,90,0.0,0.0,0.0,0.0,0.0,0.0,,0.0,0.0,0.0,0.4699079422280187,1,0.6160343192818569,0,7,0,1,8,0.0,0.0,3.4641372771274277,1,-2.464,60.0,0.0
475,2,Savona,Nott'm Forest,Leeds,True,4.5,0.0,1,0,0.0,0.0,0.0,0.0,0.0,0.0,,0.0,0.0,0.0,0.4699079422280187,1,0.6160343192818569,0,0,0,0,0,0.0,0.0,0.0,0,0.0,,
476,2,O.Richards,Nott'm Forest,Leeds,True,4.0,0.2,1,0,0.0,0.0,0.0,0.0,0.0,0.0,,0.0,0.0,0.0,0.4699079422280187,1,0.6160343192818569,0,0,0,0,0,0.0,0.0,0.0,0,0.0,,
477,2,Abbott,Nott'm Forest,Leeds,True,4.0,0.1,1,0,0.0,0.0,0.0,0.0,0.0,0.0,,0.0,0.0,0.0,0.4699079422280187,1,0.6160343192818569,0,0,0,0,0,0.0,0.0,0.0,0,0.0,,
478,2,Netz,Nott'm Forest,Leeds,True,4.4,0.0,1,16,0.0,0.0,0.0,0.0,0.0,0.0,,0.0,0.0,0.0,0.4699079422280187,1,0.6160343192818569,0,0,1,0,0,0.0,0.0,1.0,1,0.0,11.0,0.0
479,2,Bindon,Nott'm Forest,Leeds,True,4.0,0.1,1,0,0.0,0.0,0.0,0.0,0.0,0.0,,0.0,0.0,0.0,0.4699079422280187,1,0.6160343192818569,0,0,0,0,0,0.0,0.0,0.0,0,0.0,,
480,3,Gibbs-White,Nott'm Forest,Leeds,True,8.0,16.0,1,90,3.0,0.0,1.0,0.13,0.13,0.0,0.0,0.0,0.06,0.0,0.4699079422280187,1,0.6160343192818569,0,1,2,0,3,0.19,0.19,3.446034319281857,2,-1.446,68.0,6.0
481,3,Anderson,Man City,Bournemouth,True,6.3,4.2,1,62,0.0,0.0,0.0,0.0,0.0,0.0,,1.0,0.25,0.0,0.6461625993251799,1,0.4793738082133795,0,1,3,2,6,0.25,0.25,3.2293738082133796,2,-1.229,75.0,0.0
482,3,Hudson-Odoi,Nott'm Forest,Leeds,True,5.8,0.2,1,0,0.0,0.0,0.0,0.0,0.0,0.0,,0.0,0.0,0.0,0.4699079422280187,1,0.6160343192818569,0,0,0,0,0,0.0,0.0,0.0,0,0.0,,
483,3,Ndoye,Nott'm Forest,Leeds,True,5.5,0.8,1,61,0.0,0.0,0.0,0.0,0.0,0.0,,0.0,0.0,0.0,0.4699079422280187,1,0.6160343192818569,0,1,1,1,3,0.0,0.0,2.616034319281857,3,0.384,17.0,0.0
484,3,Hutchinson,Nott'm Forest,Leeds,True,5.4,0.1,1,0,0.0,0.0,0.0,0.0,0.0,0.0,,0.0,0.0,0.0,0.4699079422280187,1,0.6160343192818569,0,0,0,0,0,0.0,0.0,0.0,0,0.0,,
485,3,Bakwa,Nott'm Forest,Leeds,True,5.5,0.0,1,0,0.0,0.0,0.0,0.0,0.0,0.0,,0.0,0.0,0.0,0.4699079422280187,1,0.6160343192818569,0,0,0,0,0,0.0,0.0,0.0,0,0.0,,
486,3,McAtee,Nott'm Forest,Leeds,True,5.5,0.1,1,73,0.0,0.0,0.0,0.0,0.0,0.0,,3.0,0.16,0.0,0.4699079422280187,1,0.6160343192818569,0,2,5,1,8,0.16,0.16,3.096034319281857,3,-0.096,51.0,0.0
487,3,Dominguez,Nott'm Forest,Leeds,True,4.9,0.1,1,0,0.0,0.0,0.0,0.0,0.0,0.0,,0.0,0.0,0.0,0.4699079422280187,1,0.6160343192818569,0,0,0,0,0,0.0,0.0,0.0,0,0.0,,
488,3,I.Sangaré,Nott'm Forest,Leeds,True,4.9,0.4,1,90,1.0,0.0,0.0,0.03,0.03,0.0,0.0,1.0,0.01,0.0,0.4699079422280187,1,0.6160343192818569,0,3,3,0,6,0.04,0.04,2.7960343192818566,2,-0.796,61.0,1.0
489,3,Yates,Nott'm Forest,Leeds,True,4.5,1.2,1,0,0.0,0.0,0.0,0.0,0.0,0.0,,0.0,0.0,0.0,0.4699079422280187,1,0.6160343192818569,0,0,0,0,0,0.0,0.0,0.0,0,0.0,,
490,4,Wood,Nott'm Forest,Leeds,True,5.8,0.9,1,28,1.0,0.0,0.0,0.12,0.12,0.0,0.0,0.0,0.01,0.0,0.4699079422280187,1,0.6160343192818569,0,0,1,0,1,0.13,0.13,1.51,1,-0.51,9.0,1.0
491,4,Igor Jesus,Nott'm Forest,Leeds,True,5.8,2.8,1,90,3.0,1.0,3.0,0.22,0.22,0.0,0.0,0.0,0.02,0.0,0.4699079422280187,1,0.6160343192818569,0,2,1,0,3,0.24,0.24,2.94,2,-0.94,40.0,4.0
492,4,Awoniyi,Coventry,Arsenal,False,5.4,0.4,1,20,0.0,0.0,0.0,0.0,0.0,0.0,,0.0,0.0,0.0,1.8821981344372025,3,0.11206897481042176,0,0,1,0,1,0.0,0.0,1.0,1,0.0,7.0,0.0
493,4,Kalimuendo,Nott'm Forest,Leeds,True,5.4,0.1,1,1,0.0,0.0,0.0,0.0,0.0,0.0,,0.0,0.0,0.0,0.4699079422280187,1,0.6160343192818569,0,0,0,0,0,0.0,0.0,1.0,1,0.0,0.0,0.0
494,1,Vicario,Spurs,Brentford,False,4.5,0.1,1,0,0.0,0.0,0.0,0.0,0.0,0.0,,0.0,0.0,0.0,3.9058625884741534,3,0.0039128342868898535,0,0,0,0,0,0.0,0.0,0.0,0,0.0,,
495,1,Austin,Spurs,Brentford,False,4.0,1.0,1,0,0.0,0.0,0.0,0.0,0.0,0.0,,0.0,0.0,0.0,3.9058625884741534,3,0.0039128342868898535,0,0,0,0,0,0.0,0.0,0.0,0,0.0,,
496,1,Kinsky,Spurs,Brentford,False,4.5,18.2,1,90,0.0,0.0,0.0,0.0,0.0,0.0,,0.0,0.0,0.0,3.9058625884741534,3,0.0039128342868898535,0,4,12,0,0,0.0,0.0,2.0156513371475593,2,-0.016,60.0,0.0
497,1,Dubravka,Spurs,Brentford,False,4.0,17.5,1,0,0.0,0.0,0.0,0.0,0.0,0.0,,0.0,0.0,0.0,3.9058625884741534,3,0.0039128342868898535,0,0,0,0,0,0.0,0.0,0.0,0,0.0,,
498,2,Senesi,Spurs,Brentford,False,5.8,3.7,1,90,0.0,0.0,0.0,0.0,0.0,0.0,,0.0,0.02,0.0,3.9058625884741534,3,0.0039128342868898535,0,11,2,5,16,0.02,0.02,3.0756513371475593,3,-0.076,104.0,0.0
499,2,Pedro Porro,Spurs,Brentford,False,5.4,8.4,1,0,0.0,0.0,0.0,0.0,0.0,0.0,,0.0,0.0,0.0,3.9058625884741534,3,0.0039128342868898535,0,0,0,0,0,0.0,0.0,0.0,0,0.0,,
500,2,Romero,Spurs,Brentford,False,5.0,0.1,1,0,0.0,0.0,0.0,0.0,0.0,0.0,,0.0,0.0,0.0,3.9058625884741534,3,0.0039128342868898535,0,0,0,0,0,0.0,0.0,0.0,0,0.0,,
501,2,Danso,Spurs,Brentford,False,5.0,0.2,1,0,0.0,0.0,0.0,0.0,0.0,0.0,,0.0,0.0,0.0,3.9058625884741534,3,0.0039128342868898535,0,0,0,0,0,0.0,0.0,0.0,0,0.0,,
502,2,Robertson,Spurs,Brentford,False,4.4,2.6,1,90,0.0,0.0,0.0,0.0,0.0,0.0,,1.0,0.06,0.0,3.9058625884741534,3,0.0039128342868898535,0,9,3,2,11,0.06,0.06,3.1956513371475594,3,-0.196,78.0,1.0
503,2,Van de Ven,Spurs,Brentford,False,5.0,4.0,1,0,0.0,0.0,0.0,0.0,0.0,0.0,,0.0,0.0,0.0,3.9058625884741534,3,0.0039128342868898535,0,0,0,0,0,0.0,0.0,0.0,0,0.0,,
504,2,Vuskovic,Brighton,Aston Villa,True,5.0,3.2,1,90,2.0,0.0,1.0,0.13,0.13,0.0,0.0,0.0,0.03,0.0,0.2866385746747252,1,0.7435653045527727,0,4,2,0,4,0.16,0.16,6.8442612182110905,6,-0.844,112.0,3.0
505,2,Spence,Spurs,Brentford,False,4.5,0.2,1,0,0.0,0.0,0.0,0.0,0.0,0.0,,0.0,0.0,0.0,3.9058625884741534,3,0.0039128342868898535,0,0,0,0,0,0.0,0.0,0.0,0,0.0,,
506,2,Udogie,Spurs,Brentford,False,4.4,0.3,1,4,0.0,0.0,0.0,0.0,0.0,0.0,,0.0,0.02,0.0,3.9058625884741534,3,0.0039128342868898535,0,0,2,0,0,0.02,0.02,1.06,1,-0.06,13.0,0.0
507,2,Phillips,Spurs,Brentford,False,4.5,0.0,1,0,0.0,0.0,0.0,0.0,0.0,0.0,,0.0,0.0,0.0,3.9058625884741534,3,0.0039128342868898535,0,0,0,0,0,0.0,0.0,0.0,0,0.0,,
508,2,Davies,Spurs,Brentford,False,3.9,0.8,1,0,0.0,0.0,0.0,0.0,0.0,0.0,,0.0,0.0,0.0,3.9058625884741534,3,0.0039128342868898535,0,0,0,0,0,0.0,0.0,0.0,0,0.0,,
509,2,Byfield,Spurs,Brentford,False,4.0,0.1,1,0,0.0,0.0,0.0,0.0,0.0,0.0,,0.0,0.0,0.0,3.9058625884741534,3,0.0039128342868898535,0,0,0,0,0,0.0,0.0,0.0,0,0.0,,
510,2,Rowswell,Spurs,Brentford,False,4.0,0.1,1,0,0.0,0.0,0.0,0.0,0.0,0.0,,0.0,0.0,0.0,3.9058625884741534,3,0.0039128342868898535,0,0,0,0,0,0.0,0.0,0.0,0,0.0,,
511,2,Souza,Spurs,Brentford,False,4.0,0.2,1,0,0.0,0.0,0.0,0.0,0.0,0.0,,0.0,0.0,0.0,3.9058625884741534,3,0.0039128342868898535,0,0,0,0,0,0.0,0.0,0.0,0,0.0,,
512,3,Kudus,Spurs,Brentford,False,6.5,0.1,1,0,0.0,0.0,0.0,0.0,0.0,0.0,,0.0,0.0,0.0,3.9058625884741534,3,0.0039128342868898535,0,0,0,0,0,0.0,0.0,0.0,0,0.0,,
513,3,Xavi,Spurs,Brentford,False,5.9,0.0,1,0,0.0,0.0,0.0,0.0,0.0,0.0,,0.0,0.0,0.0,3.9058625884741534,3,0.0039128342868898535,0,0,0,0,0,0.0,0.0,0.0,0,0.0,,
514,3,Tel,Spurs,Brentford,False,5.7,0.2,1,90,2.0,0.0,0.0,0.06,0.06,0.0,0.0,2.0,0.06,0.0,3.9058625884741534,3,0.0039128342868898535,0,1,7,0,8,0.12,0.12,2.48391283428689,2,-0.484,64.0,3.0
515,3,Maddison,Spurs,Brentford,False,6.3,0.4,1,22,0.0,0.0,0.0,0.0,0.0,0.0,,0.0,0.01,0.0,3.9058625884741534,3,0.0039128342868898535,0,1,1,0,2,0.01,0.01,1.03,1,-0.03,29.0,4.0
516,3,Bentancur,Spurs,Brentford,False,5.5,0.2,1,45,0.0,0.0,0.0,0.0,0.0,0.0,,1.0,0.01,0.0,3.9058625884741534,3,0.0039128342868898535,0,0,2,3,5,0.01,0.01,1.03,1,-0.03,46.0,0.0
517,3,Odobert,Spurs,Brentford,False,5.5,0.0,1,0,0.0,0.0,0.0,0.0,0.0,0.0,,0.0,0.0,0.0,3.9058625884741534,3,0.0039128342868898535,0,0,0,0,0,0.0,0.0,0.0,0,0.0,,
518,3,P.M.Sarr,Spurs,Brentford,False,4.9,0.1,1,0,0.0,0.0,0.0,0.0,0.0,0.0,,0.0,0.0,0.0,3.9058625884741534,3,0.0039128342868898535,0,0,0,0,0,0.0,0.0,0.0,0,0.0,,
519,3,Gallagher,Spurs,Brentford,False,5.3,0.2,1,45,1.0,0.0,0.0,0.02,0.02,0.0,0.0,0.0,0.06,0.0,3.9058625884741534,3,0.0039128342868898535,0,0,2,1,3,0.08,0.08,0.28,0,-0.28,27.0,0.0
520,3,Bergvall,Spurs,Brentford,False,5.4,0.1,1,45,0.0,0.0,0.0,0.0,0.0,0.0,,0.0,0.01,0.0,3.9058625884741534,3,0.0039128342868898535,0,0,7,1,8,0.01,0.01,1.03,1,-0.03,27.0,1.0
521,3,Kulusevski,Spurs,Brentford,False,6.5,0.0,1,0,0.0,0.0,0.0,0.0,0.0,0.0,,0.0,0.0,0.0,3.9058625884741534,3,0.0039128342868898535,0,0,0,0,0,0.0,0.0,0.0,0,0.0,,
522,3,Gray,Spurs,Brentford,False,4.9,0.2,1,85,0.0,0.0,0.0,0.0,0.0,0.0,,0.0,0.01,0.0,3.9058625884741534,3,0.0039128342868898535,0,2,2,1,5,0.01,0.01,2.0339128342868897,2,-0.034,50.0,0.0
523,3,Moore,Spurs,Brentford,False,5.0,0.1,1,67,3.0,3.0,3.0,0.38,0.38,0.0,0.0,0.0,0.02,0.0,3.9058625884741534,3,0.0039128342868898535,0,0,1,1,2,0.4,0.4,3.96391283428689,2,-1.964,23.0,5.0
524,3,Olusesi,Spurs,Brentford,False,4.4,1.0,1,0,0.0,0.0,0.0,0.0,0.0,0.0,,0.0,0.0,0.0,3.9058625884741534,3,0.0039128342868898535,0,0,0,0,0,0.0,0.0,0.0,0,0.0,,
525,3,Fernandes,Spurs,Brentford,False,5.8,0.8,1,45,0.0,0.0,0.0,0.0,0.0,0.0,,2.0,0.06,0.0,3.9058625884741534,3,0.0039128342868898535,0,0,1,1,2,0.06,0.06,1.18,1,-0.18,44.0,1.0
526,4,Solanke,Spurs,Brentford,False,5.8,0.8,1,22,1.0,0.0,1.0,0.07,0.07,0.0,0.0,0.0,0.0,0.0,3.9058625884741534,3,0.0039128342868898535,0,0,0,0,0,0.07,0.07,1.28,1,-0.28,6.0,1.0
527,4,Richarlison,Spurs,Brentford,False,5.9,0.7,1,67,0.0,0.0,0.0,0.0,0.0,0.0,,0.0,0.0,0.0,3.9058625884741534,3,0.0039128342868898535,0,1,0,0,1,0.0,0.0,2.0,2,0.0,17.0,0.0
528,4,Scarlett,Spurs,Brentford,False,4.5,1.2,1,0,0.0,0.0,0.0,0.0,0.0,0.0,,0.0,0.0,0.0,3.9058625884741534,3,0.0039128342868898535,0,0,0,0,0,0.0,0.0,0.0,0,0.0,,
529,1,Roefs,Sunderland,Ipswich,False,4.9,2.6,1,90,0.0,0.0,0.0,0.0,0.0,0.0,,0.0,0.0,0.0,1.7958026072010393,2,0.0589798133397128,0,1,8,0,0,0.0,0.0,2.235919253358851,1,-1.236,57.0,0.0
530,1,Patterson,Sunderland,Ipswich,False,4.0,0.1,1,0,0.0,0.0,0.0,0.0,0.0,0.0,,0.0,0.0,0.0,1.7958026072010393,2,0.0589798133397128,0,0,0,0,0,0.0,0.0,0.0,0,0.0,,
531,1,Ellborg,Sunderland,Ipswich,False,4.5,0.1,1,0,0.0,0.0,0.0,0.0,0.0,0.0,,0.0,0.0,0.0,1.7958026072010393,2,0.0589798133397128,0,0,0,0,0,0.0,0.0,0.0,0,0.0,,
532,2,Ballard,Sunderland,Ipswich,False,4.9,2.6,1,90,0.0,0.0,0.0,0.0,0.0,0.0,,0.0,0.01,0.0,1.7958026072010393,2,0.0589798133397128,0,7,0,2,9,0.01,0.01,1.265919253358851,0,-1.266,73.0,0.0
533,2,Mukiele,Sunderland,Ipswich,False,5.4,1.9,1,0,0.0,0.0,0.0,0.0,0.0,0.0,,0.0,0.0,0.0,1.7958026072010393,2,0.0589798133397128,0,0,0,0,0,0.0,0.0,0.0,0,0.0,,
534,2,Hume,Sunderland,Ipswich,False,4.3,3.0,1,79,2.0,0.0,1.0,0.04,0.04,0.0,0.0,3.0,0.27,0.0,1.7958026072010393,2,0.0589798133397128,0,1,6,3,4,0.31,0.31,3.2859192533588515,2,-1.286,37.0,5.0
535,2,Alderete,Sunderland,Ipswich,False,4.9,0.2,1,23,0.0,0.0,0.0,0.0,0.0,0.0,,0.0,0.01,0.0,1.7958026072010393,2,0.0589798133397128,0,0,2,0,0,0.01,0.01,1.03,1,-0.03,38.0,0.0
536,2,Reinildo,Sunderland,Ipswich,False,4.5,0.3,1,90,0.0,0.0,0.0,0.0,0.0,0.0,,2.0,0.29,0.0,1.7958026072010393,2,0.0589798133397128,0,5,5,3,8,0.29,0.29,3.1059192533588513,1,-2.106,81.0,2.0
537,2,Seelt,Sunderland,Ipswich,False,4.5,0.0,1,0,0.0,0.0,0.0,0.0,0.0,0.0,,0.0,0.0,0.0,1.7958026072010393,2,0.0589798133397128,0,0,0,0,0,0.0,0.0,0.0,0,0.0,,
538,2,Hjelde,Sunderland,Ipswich,False,4.0,0.0,1,0,0.0,0.0,0.0,0.0,0.0,0.0,,0.0,0.0,0.0,1.7958026072010393,2,0.0589798133397128,0,0,0,0,0,0.0,0.0,0.0,0,0.0,,
539,2,O'Nien,Sunderland,Ipswich,False,3.9,2.4,1,66,1.0,0.0,0.0,0.01,0.01,0.0,0.0,0.0,0.01,0.0,1.7958026072010393,2,0.0589798133397128,0,4,4,1,5,0.02,0.02,1.325919253358851,1,-0.326,70.0,1.0
540,2,Masuaku,Sunderland,Ipswich,False,4.0,0.1,1,0,0.0,0.0,0.0,0.0,0.0,0.0,,0.0,0.0,0.0,1.7958026072010393,2,0.0589798133397128,0,0,0,0,0,0.0,0.0,0.0,0,0.0,,
541,2,Meunier,Sunderland,Ipswich,False,4.5,0.3,1,90,2.0,1.0,0.0,0.08,0.08,0.0,0.0,0.0,0.08,0.0,1.7958026072010393,2,0.0589798133397128,0,2,3,2,4,0.16,0.16,2.955919253358851,1,-1.956,83.0,1.0
542,3,E.Le Fée,Sunderland,Ipswich,False,5.7,3.5,1,79,0.0,0.0,0.0,0.0,0.0,0.0,,0.0,0.03,0.0,1.7958026072010393,2,0.0589798133397128,0,0,1,1,2,0.03,0.03,2.1489798133397127,2,-0.149,59.0,0.0
543,3,Diarra,Sunderland,Ipswich,False,5.4,0.0,1,10,1.0,0.0,0.0,0.03,0.03,0.0,0.0,0.0,0.0,0.0,1.7958026072010393,2,0.0589798133397128,0,0,0,0,0,0.03,0.03,1.15,1,-0.15,7.0,0.0
544,3,Xhaka,Sunderland,Ipswich,False,5.5,3.8,1,90,0.0,0.0,0.0,0.0,0.0,0.0,,2.0,0.09,0.0,1.7958026072010393,2,0.0589798133397128,0,2,8,3,13,0.09,0.09,4.328979813339712,9,4.671,96.0,0.0
545,3,Sadiki,Sunderland,Ipswich,False,4.9,0.2,1,90,1.0,1.0,1.0,0.06,0.06,0.0,0.0,2.0,0.03,0.0,1.7958026072010393,2,0.0589798133397128,0,0,2,0,2,0.09,0.09,2.4489798133397125,2,-0.449,74.0,5.0
546,3,Adingra,Sunderland,Ipswich,False,4.9,0.0,1,0,0.0,0.0,0.0,0.0,0.0,0.0,,0.0,0.0,0.0,1.7958026072010393,2,0.0589798133397128,0,0,0,0,0,0.0,0.0,0.0,0,0.0,,
547,3,Mundle,Sunderland,Ipswich,False,4.9,0.0,1,0,0.0,0.0,0.0,0.0,0.0,0.0,,0.0,0.0,0.0,1.7958026072010393,2,0.0589798133397128,0,0,0,0,0,0.0,0.0,0.0,0,0.0,,
548,3,Rigg,Sunderland,Ipswich,False,4.9,0.0,1,10,0.0,0.0,0.0,0.0,0.0,0.0,,0.0,0.0,0.0,1.7958026072010393,2,0.0589798133397128,0,0,1,0,1,0.0,0.0,1.0,1,0.0,4.0,0.0
549,3,Talbi,Sunderland,Ipswich,False,5.3,0.1,1,31,0.0,0.0,0.0,0.0,0.0,0.0,,0.0,0.0,0.0,1.7958026072010393,2,0.0589798133397128,0,0,2,0,2,0.0,0.0,1.0,1,0.0,16.0,0.0
550,3,Jocelin.T,Sunderland,Ipswich,False,5.0,0.0,1,0,0.0,0.0,0.0,0.0,0.0,0.0,,0.0,0.0,0.0,1.7958026072010393,2,0.0589798133397128,0,0,0,0,0,0.0,0.0,0.0,0,0.0,,
551,3,N.Angulo,Sunderland,Ipswich,False,5.0,0.1,1,58,2.0,1.0,1.0,0.15,0.15,1.0,1.0,0.0,0.01,0.0,1.7958026072010393,2,0.0589798133397128,0,1,5,1,7,0.16,0.16,0.78,5,4.22,39.0,2.0
552,4,Brobbey,Sunderland,Ipswich,False,5.7,5.4,1,66,2.0,1.0,2.0,0.3,0.3,0.0,0.0,0.0,0.0,0.0,1.7958026072010393,2,0.0589798133397128,0,0,0,0,0,0.3,0.3,3.2,2,-1.2,10.0,2.0
553,4,Isidor,Sunderland,Ipswich,False,5.5,1.3,1,23,0.0,0.0,0.0,0.0,0.0,0.0,,0.0,0.0,0.0,1.7958026072010393,2,0.0589798133397128,0,0,0,0,0,0.0,0.0,1.0,1,0.0,6.0,0.0
554,1,Van Oevelen,Ipswich,Sunderland,True,4.5,0.0,1,0,0.0,0.0,0.0,0.0,0.0,0.0,,0.0,0.0,0.0,0.664410811848938,1,0.49600691523092827,0,0,0,0,0,0.0,0.0,0.0,0,0.0,,
555,1,Matthews,Crystal Palace,Everton,False,4.0,1.7,1,0,0.0,0.0,0.0,0.0,0.0,0.0,,0.0,0.0,0.0,1.1194359352812162,2,0.28345998381185117,0,0,0,0,0,0.0,0.0,0.0,0,0.0,,
556,2,Targett,Hull,Man Utd,True,4.0,1.7,1,5,0.0,0.0,0.0,0.0,0.0,0.0,,0.0,0.0,0.0,1.826371275819837,0,0.12967322250876914,1,0,1,0,0,0.0,0.0,1.0,1,0.0,7.0,0.0
557,3,Tzolis,Arsenal,Coventry,True,6.4,13.3,1,75,4.0,2.0,3.0,0.19,0.19,0.0,0.0,3.0,0.14,0.0,0.2042657434940337,0,0.8052335860842609,1,2,3,1,6,0.33,0.33,4.175233586084261,6,1.825,52.0,8.0
558,3,Schlager,Nott'm Forest,Leeds,True,5.0,0.1,1,16,0.0,0.0,0.0,0.0,0.0,0.0,,0.0,0.0,0.0,0.4699079422280187,1,0.6160343192818569,0,0,1,0,1,0.0,0.0,1.0,1,0.0,11.0,1.0
559,3,Bamba,Newcastle,Liverpool,True,4.9,0.1,1,14,0.0,0.0,0.0,0.0,0.0,0.0,,0.0,0.0,0.0,3.0021523228302587,2,0.016721759599038325,0,1,0,1,2,0.0,0.0,1.0,1,0.0,5.0,0.0
560,1,Penders,Chelsea,Fulham,False,4.4,0.1,1,0,0.0,0.0,0.0,0.0,0.0,0.0,,0.0,0.0,0.0,1.3852128870785232,2,0.184419357872623,0,0,0,0,0,0.0,0.0,0.0,0,0.0,,
561,2,Anselmino,Chelsea,Fulham,False,4.5,0.0,1,0,0.0,0.0,0.0,0.0,0.0,0.0,,0.0,0.0,0.0,1.3852128870785232,2,0.184419357872623,0,0,0,0,0,0.0,0.0,0.0,0,0.0,,
562,3,Maeda,Ipswich,Sunderland,True,5.4,0.2,1,79,1.0,0.0,1.0,0.61,0.61,0.0,0.0,0.0,0.0,0.0,0.664410811848938,1,0.49600691523092827,0,3,2,4,9,0.61,0.61,7.546006915230928,2,-5.546,32.0,1.0
563,3,Morita,Hull,Man Utd,True,5.0,0.0,1,0,0.0,0.0,0.0,0.0,0.0,0.0,,0.0,0.0,0.0,1.826371275819837,0,0.12967322250876914,1,0,0,0,0,0.0,0.0,0.0,0,0.0,,
564,1,Scherpen,Ipswich,Sunderland,True,4.5,0.6,1,90,0.0,0.0,0.0,0.0,0.0,0.0,,0.0,0.0,0.0,0.664410811848938,1,0.49600691523092827,0,1,10,0,0,0.0,0.0,3.9840276609237133,2,-1.984,39.0,0.0
565,3,M.Sangaré,Brentford,Spurs,True,5.6,11.0,1,75,1.0,1.0,1.0,0.05,0.05,0.0,0.0,2.0,0.33,1.0,0.5676066484302278,0,0.5494351903948572,1,4,7,2,13,0.38,0.38,5.789435190394857,14,8.211,51.0,3.0
566,2,Silva,Bournemouth,Man City,False,5.0,0.4,1,90,0.0,0.0,0.0,0.0,0.0,0.0,,0.0,0.0,0.0,2.2517718449234954,2,0.040322290015146055,0,13,1,0,13,0.0,0.0,2.1612891600605844,2,-0.161,53.0,0.0
567,1,Horníček,Newcastle,Liverpool,True,5.0,1.5,1,90,0.0,0.0,0.0,0.0,0.0,0.0,,0.0,0.0,0.0,3.0021523228302587,2,0.016721759599038325,0,3,5,0,0,0.0,0.0,1.0668870383961533,1,-0.067,50.0,0.0
568,3,Barco,Chelsea,Fulham,False,5.4,0.1,1,0,0.0,0.0,0.0,0.0,0.0,0.0,,0.0,0.0,0.0,1.3852128870785232,2,0.184419357872623,0,0,0,0,0,0.0,0.0,0.0,0,0.0,,
569,4,Gonzalo,Fulham,Chelsea,True,6.0,3.7,1,90,3.0,1.0,2.0,0.73,0.73,1.0,1.0,0.0,0.01,0.0,2.2386446669697757,3,0.031794254550775974,0,0,1,1,2,0.74,0.74,5.95,6,0.05,45.0,2.0
570,3,Palacios,Fulham,Chelsea,True,5.4,0.2,1,72,2.0,0.0,1.0,0.16,0.16,0.0,0.0,0.0,0.01,0.0,2.2386446669697757,3,0.031794254550775974,0,0,2,2,4,0.17,0.17,2.861794254550776,2,-0.862,52.0,2.0
571,3,Florentino,Ipswich,Sunderland,True,4.9,0.1,1,0,0.0,0.0,0.0,0.0,0.0,0.0,,0.0,0.0,0.0,0.664410811848938,1,0.49600691523092827,0,0,0,0,0,0.0,0.0,0.0,0,0.0,,
572,1,Tzolakis,Hull,Man Utd,True,4.6,11.5,1,90,0.0,0.0,0.0,0.0,0.0,0.0,,0.0,0.0,0.0,1.826371275819837,0,0.12967322250876914,1,0,22,0,0,0.0,0.0,3.5186928900350765,10,6.481,70.0,0.0
573,2,Sanchez,Bournemouth,Man City,False,4.4,0.2,1,0,0.0,0.0,0.0,0.0,0.0,0.0,,0.0,0.0,0.0,2.2517718449234954,2,0.040322290015146055,0,0,0,0,0,0.0,0.0,0.0,0,0.0,,
574,3,Hjertø-Dahl,Hull,Man Utd,True,4.9,0.1,1,0,0.0,0.0,0.0,0.0,0.0,0.0,,0.0,0.0,0.0,1.826371275819837,0,0.12967322250876914,1,0,0,0,0,0.0,0.0,0.0,0,0.0,,
575,3,Yirenkyi,Coventry,Arsenal,False,4.9,0.1,1,61,0.0,0.0,0.0,0.0,0.0,0.0,,0.0,0.0,0.0,1.8821981344372025,3,0.11206897481042176,0,0,3,0,3,0.0,0.0,1.1120689748104216,1,-0.112,15.0,0.0
576,3,Stroud,Hull,Man Utd,True,5.0,0.1,1,70,0.0,0.0,0.0,0.0,0.0,0.0,,0.0,0.03,0.0,1.826371275819837,0,0.12967322250876914,1,1,2,3,6,0.03,0.03,2.219673222508769,3,0.78,17.0,0.0
577,2,Tomiyasu,Crystal Palace,Everton,False,4.4,0.3,1,18,0.0,0.0,0.0,0.0,0.0,0.0,,0.0,0.01,0.0,1.1194359352812162,2,0.28345998381185117,0,1,1,0,1,0.01,0.01,1.03,1,-0.03,29.0,0.0
578,3,Mudryk,Chelsea,Fulham,False,5.4,0.0,1,0,0.0,0.0,0.0,0.0,0.0,0.0,,0.0,0.0,0.0,1.3852128870785232,2,0.184419357872623,0,0,0,0,0,0.0,0.0,0.0,0,0.0,,
579,2,Araujo,Liverpool,Newcastle,False,5.4,2.9,1,20,0.0,0.0,0.0,0.0,0.0,0.0,,0.0,0.03,0.0,1.5752260554581874,2,0.14548767718878036,0,3,1,1,4,0.03,0.03,1.09,1,-0.09,35.0,0.0
580,3,Charles,Fulham,Chelsea,True,5.0,0.1,1,23,0.0,0.0,0.0,0.0,0.0,0.0,,0.0,0.0,0.0,2.2386446669697757,3,0.031794254550775974,0,0,2,1,3,0.0,0.0,1.0,1,0.0,31.0,0.0
581,2,Diomande,Nott'm Forest,Leeds,True,5.4,0.5,1,0,0.0,0.0,0.0,0.0,0.0,0.0,,0.0,0.0,0.0,0.4699079422280187,1,0.6160343192818569,0,0,0,0,0,0.0,0.0,0.0,0,0.0,,
582,4,Madjo,Aston Villa,Brighton,False,5.4,0.2,1,0,0.0,0.0,0.0,0.0,0.0,0.0,,0.0,0.0,0.0,3.766279622912406,3,0.0005667147172427399,0,0,0,0,0,0.0,0.0,0.0,0,0.0,,
583,2,Chavarria,Chelsea,Fulham,False,4.9,0.1,1,25,0.0,0.0,0.0,0.0,0.0,0.0,,0.0,0.0,0.0,1.3852128870785232,2,0.184419357872623,0,1,1,0,1,0.0,0.0,1.0,1,0.0,12.0,1.0
584,3,Hamer,Coventry,Arsenal,False,5.4,0.1,1,8,0.0,0.0,0.0,0.0,0.0,0.0,,0.0,0.0,0.0,1.8821981344372025,3,0.11206897481042176,0,0,1,0,1,0.0,0.0,1.0,1,0.0,8.0,0.0
585,2,Herrington,Hull,Man Utd,True,4.0,0.6,1,26,0.0,0.0,0.0,0.0,0.0,0.0,,0.0,0.0,0.0,1.826371275819837,0,0.12967322250876914,1,4,0,0,4,0.0,0.0,1.0,1,0.0,9.0,0.0
586,2,Mendy,Hull,Man Utd,True,4.1,6.5,1,63,1.0,1.0,1.0,0.28,0.28,1.0,1.0,0.0,0.0,0.0,1.826371275819837,0,0.12967322250876914,1,13,2,0,13,0.28,0.28,9.198692890035076,15,5.801,38.0,1.0
587,1,Rulli,Man City,Bournemouth,True,5.0,0.0,1,0,0.0,0.0,0.0,0.0,0.0,0.0,,0.0,0.0,0.0,0.6461625993251799,1,0.4793738082133795,0,0,0,0,0,0.0,0.0,0.0,0,0.0,,
588,2,Khalaili,Crystal Palace,Everton,False,5.0,0.3,1,35,0.0,0.0,0.0,0.0,0.0,0.0,,2.0,0.16,0.0,1.1194359352812162,2,0.28345998381185117,0,5,3,4,9,0.16,0.16,1.48,1,-0.48,43.0,2.0
589,3,Gourna-Douath,Hull,Man Utd,True,5.0,0.0,1,0,0.0,0.0,0.0,0.0,0.0,0.0,,0.0,0.0,0.0,1.826371275819837,0,0.12967322250876914,1,0,0,0,0,0.0,0.0,0.0,0,0.0,,
590,1,Benda,Nott'm Forest,Leeds,True,4.5,0.1,1,0,0.0,0.0,0.0,0.0,0.0,0.0,,0.0,0.0,0.0,0.4699079422280187,1,0.6160343192818569,0,0,0,0,0,0.0,0.0,0.0,0,0.0,,
591,3,Enciso,Ipswich,Sunderland,True,5.5,0.8,1,70,3.0,0.0,2.0,0.23,0.23,0.0,0.0,1.0,0.31,1.0,0.664410811848938,1,0.49600691523092827,0,2,5,1,8,0.54,0.54,4.576006915230928,5,0.424,41.0,6.0
592,2,Ouattara,Ipswich,Sunderland,True,4.0,0.9,1,10,0.0,0.0,0.0,0.0,0.0,0.0,,1.0,0.0,0.0,0.664410811848938,1,0.49600691523092827,0,2,0,0,2,0.0,0.0,1.0,1,0.0,7.0,0.0
593,2,Dedić,Newcastle,Liverpool,True,4.5,2.1,1,90,1.0,0.0,1.0,0.03,0.03,0.0,0.0,0.0,0.0,0.0,3.0021523228302587,2,0.016721759599038325,0,7,2,2,9,0.03,0.03,1.2468870383961532,1,-0.247,51.0,1.0
594,4,David,Brighton,Aston Villa,True,5.9,0.2,1,0,0.0,0.0,0.0,0.0,0.0,0.0,,0.0,0.0,0.0,0.2866385746747252,1,0.7435653045527727,0,0,0,0,0,0.0,0.0,0.0,0,0.0,,
595,3,Gozo,Crystal Palace,Everton,False,5.0,0.0,1,0,0.0,0.0,0.0,0.0,0.0,0.0,,0.0,0.0,0.0,1.1194359352812162,2,0.28345998381185117,0,0,0,0,0,0.0,0.0,0.0,0,0.0,,
596,2,Ruggeri,Aston Villa,Brighton,False,4.5,0.1,1,8,0.0,0.0,0.0,0.0,0.0,0.0,,0.0,0.0,0.0,3.766279622912406,3,0.0005667147172427399,0,0,0,2,2,0.0,0.0,1.0,1,0.0,3.0,0.0
597,1,Suzuki,Aston Villa,Brighton,False,5.0,1.8,1,0,0.0,0.0,0.0,0.0,0.0,0.0,,0.0,0.0,0.0,3.766279622912406,3,0.0005667147172427399,0,0,0,0,0,0.0,0.0,0.0,0,0.0,,
598,2,Elvedi,Leeds,Nott'm Forest,False,4.5,0.1,1,0,0.0,0.0,0.0,0.0,0.0,0.0,,0.0,0.0,0.0,0.6561932261101895,0,0.5053010376228683,1,0,0,0,0,0.0,0.0,0.0,0,0.0,,
599,4,Cherif,Coventry,Arsenal,False,5.0,0.1,1,0,0.0,0.0,0.0,0.0,0.0,0.0,,0.0,0.0,0.0,1.8821981344372025,3,0.11206897481042176,0,0,0,0,0,0.0,0.0,0.0,0,0.0,,
600,3,Osman,Brighton,Aston Villa,True,5.0,0.0,1,12,0.0,0.0,0.0,0.0,0.0,0.0,,1.0,0.05,0.0,0.2866385746747252,1,0.7435653045527727,0,0,2,0,2,0.05,0.05,1.15,1,-0.15,17.0,2.0
601,3,Williams-Barnett,Spurs,Brentford,False,4.5,0.1,1,0,0.0,0.0,0.0,0.0,0.0,0.0,,0.0,0.0,0.0,3.9058625884741534,3,0.0039128342868898535,0,0,0,0,0,0.0,0.0,0.0,0,0.0,,
602,3,Humphreys,Ipswich,Sunderland,True,4.5,0.0,1,0,0.0,0.0,0.0,0.0,0.0,0.0,,0.0,0.0,0.0,0.664410811848938,1,0.49600691523092827,0,0,0,0,0,0.0,0.0,0.0,0,0.0,,
603,2,Lienou,Leeds,Nott'm Forest,False,4.0,0.1,1,0,0.0,0.0,0.0,0.0,0.0,0.0,,0.0,0.0,0.0,0.6561932261101895,0,0.5053010376228683,1,0,0,0,0,0.0,0.0,0.0,0,0.0,,
604,3,Cresswell,Leeds,Nott'm Forest,False,4.5,0.1,1,0,0.0,0.0,0.0,0.0,0.0,0.0,,0.0,0.0,0.0,0.6561932261101895,0,0.5053010376228683,1,0,0,0,0,0.0,0.0,0.0,0,0.0,,
605,3,Yalcouyé,Brighton,Aston Villa,True,4.5,4.1,1,4,0.0,0.0,0.0,0.0,0.0,0.0,,0.0,0.01,0.0,0.2866385746747252,1,0.7435653045527727,0,0,0,0,0,0.01,0.01,1.03,1,-0.03,15.0,0.0
606,2,Rowe,Aston Villa,Brighton,False,4.0,0.2,1,0,0.0,0.0,0.0,0.0,0.0,0.0,,0.0,0.0,0.0,3.766279622912406,3,0.0005667147172427399,0,0,0,0,0,0.0,0.0,0.0,0,0.0,,
607,3,Lynch,Aston Villa,Brighton,False,4.5,0.1,1,0,0.0,0.0,0.0,0.0,0.0,0.0,,0.0,0.0,0.0,3.766279622912406,3,0.0005667147172427399,0,0,0,0,0,0.0,0.0,0.0,0,0.0,,
608,4,Jebbison,Bournemouth,Man City,False,5.0,0.1,1,15,1.0,1.0,1.0,0.1,0.1,0.0,0.0,0.0,0.0,0.0,2.2517718449234954,2,0.040322290015146055,0,0,1,0,1,0.1,0.1,1.4,1,-0.4,9.0,1.0
609,2,Shahar,Newcastle,Liverpool,True,4.0,0.2,1,0,0.0,0.0,0.0,0.0,0.0,0.0,,0.0,0.0,0.0,3.0021523228302587,2,0.016721759599038325,0,0,0,0,0,0.0,0.0,0.0,0,0.0,,
610,2,De Fougerolles,Fulham,Chelsea,True,4.0,0.1,1,0,0.0,0.0,0.0,0.0,0.0,0.0,,0.0,0.0,0.0,2.2386446669697757,3,0.031794254550775974,0,0,0,0,0,0.0,0.0,0.0,0,0.0,,
1,1,Raya,Arsenal,Aston Villa,False,6.0,41.6,2,90,0.0,0.0,0.0,0.0,0.0,0.0,,0.0,0.0,0.0,0.3341737035661933,0,0.7052134248294193,1,1,11,0,0,0.0,0.0,4.820853699317677,6,1.179,41.0,0.0
2,1,Arrizabalaga,Arsenal,Aston Villa,False,4.9,0.1,2,0,0.0,0.0,0.0,0.0,0.0,0.0,,0.0,0.0,0.0,0.3341737035661933,0,0.7052134248294193,1,0,0,0,0,0.0,0.0,0.0,0,0.0,,
3,1,Meslier,Arsenal,Aston Villa,False,4.9,0.0,2,0,0.0,0.0,0.0,0.0,0.0,0.0,,0.0,0.0,0.0,0.3341737035661933,0,0.7052134248294193,1,0,0,0,0,0.0,0.0,0.0,0,0.0,,
4,2,Gabriel,Arsenal,Aston Villa,False,8.0,23.1,2,90,1.0,0.0,1.0,0.13,0.13,0.0,0.0,0.0,0.02,0.0,0.3341737035661933,0,0.7052134248294193,1,8,5,2,10,0.15,0.15,10.660853699317677,8,-2.661,89.0,2.0
5,2,J.Timber,Arsenal,Aston Villa,False,6.5,0.3,2,0,0.0,0.0,0.0,0.0,0.0,0.0,,0.0,0.0,0.0,0.3341737035661933,0,0.7052134248294193,1,0,0,0,0,0.0,0.0,0.0,0,0.0,,
6,2,Saliba,Arsenal,Aston Villa,False,5.9,0.2,2,0,0.0,0.0,0.0,0.0,0.0,0.0,,0.0,0.0,0.0,0.3341737035661933,0,0.7052134248294193,1,0,0,0,0,0.0,0.0,0.0,0,0.0,,
7,3,Lewis-Skelly,Arsenal,Aston Villa,False,5.5,0.6,2,70,1.0,0.0,1.0,0.07,0.07,0.0,0.0,0.0,0.02,0.0,0.3341737035661933,0,0.7052134248294193,1,4,1,0,5,0.09000000000000001,0.09000000000000001,3.1152134248294194,3,-0.115,57.0,1.0
8,2,Calafiori,Arsenal,Aston Villa,False,5.8,50.7,2,90,1.0,0.0,1.0,0.11,0.11,0.0,0.0,1.0,0.46,1.0,0.3341737035661933,0,0.7052134248294193,1,2,4,1,3,0.5700000000000001,0.5700000000000001,8.860853699317676,11,2.139,38.0,2.0
9,2,Hincapie,Arsenal,Aston Villa,False,5.3,0.9,2,0,0.0,0.0,0.0,0.0,0.0,0.0,,0.0,0.0,0.0,0.3341737035661933,0,0.7052134248294193,1,0,0,0,0,0.0,0.0,0.0,0,0.0,,
10,2,White,Arsenal,Aston Villa,False,5.5,5.5,2,90,0.0,0.0,0.0,0.0,0.0,0.0,,1.0,0.05,0.0,0.3341737035661933,0,0.7052134248294193,1,3,2,1,4,0.05,0.05,4.9708536993176775,7,2.029,59.0,0.0
11,2,Mosquera,Arsenal,Aston Villa,False,5.3,1.7,2,78,0.0,0.0,0.0,0.0,0.0,0.0,,0.0,0.01,0.0,0.3341737035661933,0,0.7052134248294193,1,4,0,0,4,0.01,0.01,4.850853699317677,6,1.149,61.0,0.0
12,3,Saka,Arsenal,Aston Villa,False,9.5,13.2,2,90,2.0,1.0,1.0,0.63,0.63,1.0,1.0,0.0,0.04,0.0,0.3341737035661933,0,0.7052134248294193,1,3,6,2,11,0.67,0.67,6.975213424829419,11,4.025,77.0,6.0
13,3,Rice,Arsenal,Aston Villa,False,7.4,12.4,2,84,0.0,0.0,0.0,0.0,0.0,0.0,,2.0,0.1,0.0,0.3341737035661933,0,0.7052134248294193,1,2,7,3,12,0.1,0.1,5.005213424829419,5,-0.005,88.0,0.0
14,3,Eze,Arsenal,Aston Villa,False,6.3,1.0,2,45,0.0,0.0,0.0,0.0,0.0,0.0,,0.0,0.07,0.0,0.3341737035661933,0,0.7052134248294193,1,0,3,0,3,0.07,0.07,1.21,1,-0.21,29.0,1.0
15,3,Ødegaard,Arsenal,Aston Villa,False,6.8,20.1,2,70,1.0,0.0,0.0,0.08,0.08,0.0,0.0,0.0,0.07,0.0,0.3341737035661933,0,0.7052134248294193,1,2,1,2,5,0.15000000000000002,0.15000000000000002,3.315213424829419,3,-0.315,55.0,2.0
16,3,Madueke,Arsenal,Aston Villa,False,6.2,0.2,2,0,0.0,0.0,0.0,0.0,0.0,0.0,,0.0,0.0,0.0,0.3341737035661933,0,0.7052134248294193,1,0,0,0,0,0.0,0.0,0.0,0,0.0,,
17,3,Merino,Arsenal,Aston Villa,False,5.8,0.4,2,19,0.0,0.0,0.0,0.0,0.0,0.0,,0.0,0.0,0.0,0.3341737035661933,0,0.7052134248294193,1,0,4,0,4,0.0,0.0,1.0,1,0.0,19.0,0.0
18,3,Martinelli,Arsenal,Aston Villa,False,6.3,0.1,2,0,0.0,0.0,0.0,0.0,0.0,0.0,,0.0,0.0,0.0,0.3341737035661933,0,0.7052134248294193,1,0,0,0,0,0.0,0.0,0.0,0,0.0,,
19,3,Zubimendi,Arsenal,Aston Villa,False,5.3,0.6,2,5,0.0,0.0,0.0,0.0,0.0,0.0,,0.0,0.0,0.0,0.3341737035661933,0,0.7052134248294193,1,0,0,2,2,0.0,0.0,1.0,1,0.0,14.0,0.0
20,3,Dowman,Arsenal,Aston Villa,False,5.3,0.1,2,0,0.0,0.0,0.0,0.0,0.0,0.0,,0.0,0.0,0.0,0.3341737035661933,0,0.7052134248294193,1,0,0,0,0,0.0,0.0,0.0,0,0.0,,
21,3,Nørgaard,Everton,Bournemouth,False,4.9,0.0,2,0,0.0,0.0,0.0,0.0,0.0,0.0,,0.0,0.0,0.0,2.180264361202716,1,0.0858594992682716,0,0,0,0,0,0.0,0.0,0.0,0,0.0,,
22,3,Nwaneri,Arsenal,Aston Villa,False,5.4,0.0,2,0,0.0,0.0,0.0,0.0,0.0,0.0,,0.0,0.0,0.0,0.3341737035661933,0,0.7052134248294193,1,0,0,0,0,0.0,0.0,0.0,0,0.0,,
23,3,Fábio Vieira,Arsenal,Aston Villa,False,5.5,0.0,2,0,0.0,0.0,0.0,0.0,0.0,0.0,,0.0,0.0,0.0,0.3341737035661933,0,0.7052134248294193,1,0,0,0,0,0.0,0.0,0.0,0,0.0,,
24,3,Nelson,Arsenal,Aston Villa,False,5.5,0.0,2,0,0.0,0.0,0.0,0.0,0.0,0.0,,0.0,0.0,0.0,0.3341737035661933,0,0.7052134248294193,1,0,0,0,0,0.0,0.0,0.0,0,0.0,,
25,4,Gyökeres,Arsenal,Aston Villa,False,7.2,3.2,2,0,0.0,0.0,0.0,0.0,0.0,0.0,,0.0,0.0,0.0,0.3341737035661933,0,0.7052134248294193,1,0,0,0,0,0.0,0.0,0.0,0,0.0,,
26,4,Havertz,Arsenal,Aston Villa,False,7.6,8.5,2,90,1.0,1.0,1.0,0.02,0.02,0.0,0.0,0.0,0.03,0.0,0.3341737035661933,0,0.7052134248294193,1,0,5,0,5,0.05,0.05,2.17,2,-0.17,26.0,4.0
27,4,G.Jesus,Arsenal,Aston Villa,False,5.9,0.2,2,0,0.0,0.0,0.0,0.0,0.0,0.0,,0.0,0.0,0.0,0.3341737035661933,0,0.7052134248294193,1,0,0,0,0,0.0,0.0,0.0,0,0.0,,
28,1,Martinez,Chelsea,Brighton,True,5.0,4.9,2,90,0.0,0.0,0.0,0.0,0.0,0.0,,2.0,0.01,0.0,1.4661332210525864,2,0.18937511146735325,0,1,13,0,0,0.01,0.01,3.7875004458694126,2,-1.788,49.0,0.0
29,1,M.Bizot,Aston Villa,Arsenal,True,4.5,0.1,2,0,0.0,0.0,0.0,0.0,0.0,0.0,,0.0,0.0,0.0,1.0358090344816444,1,0.2629191200350386,0,0,0,0,0,0.0,0.0,0.0,0,0.0,,
30,2,Digne,Aston Villa,Arsenal,True,4.5,0.1,2,0,0.0,0.0,0.0,0.0,0.0,0.0,,0.0,0.0,0.0,1.0358090344816444,1,0.2629191200350386,0,0,0,0,0,0.0,0.0,0.0,0,0.0,,
31,2,Konsa,Arsenal,Aston Villa,False,4.6,19.4,2,11,0.0,0.0,0.0,0.0,0.0,0.0,,0.0,0.0,0.0,0.3341737035661933,0,0.7052134248294193,1,1,0,0,1,0.0,0.0,1.0,1,0.0,11.0,0.0
32,2,Cash,Aston Villa,Arsenal,True,4.4,5.1,2,77,1.0,0.0,1.0,0.15,0.15,0.0,0.0,0.0,0.01,0.0,1.0358090344816444,1,0.2629191200350386,0,2,1,4,6,0.16,0.16,3.981676480140154,2,-1.982,41.0,2.0
33,2,Mings,Aston Villa,Arsenal,True,4.5,0.4,2,0,0.0,0.0,0.0,0.0,0.0,0.0,,0.0,0.0,0.0,1.0358090344816444,1,0.2629191200350386,0,0,0,0,0,0.0,0.0,0.0,0,0.0,,
34,2,Pau,Aston Villa,Arsenal,True,4.5,0.3,2,90,0.0,0.0,0.0,0.0,0.0,0.0,,0.0,0.01,0.0,1.0358090344816444,1,0.2629191200350386,0,3,8,1,4,0.01,0.01,3.081676480140154,2,-1.082,61.0,0.0
35,3,Bogarde,Aston Villa,Arsenal,True,5.0,0.1,2,0,0.0,0.0,0.0,0.0,0.0,0.0,,0.0,0.0,0.0,1.0358090344816444,1,0.2629191200350386,0,0,0,0,0,0.0,0.0,0.0,0,0.0,,
36,2,Maatsen,Aston Villa,Arsenal,True,4.5,0.6,2,90,2.0,0.0,2.0,0.07,0.07,0.0,0.0,0.0,0.0,0.0,1.0358090344816444,1,0.2629191200350386,0,5,2,3,8,0.07,0.07,2.4716764801401543,1,-1.472,43.0,4.0
37,2,Lindelöf,Aston Villa,Arsenal,True,4.5,0.3,2,90,0.0,0.0,0.0,0.0,0.0,0.0,,0.0,0.08,0.0,1.0358090344816444,1,0.2629191200350386,0,6,1,1,7,0.08,0.08,3.291676480140154,2,-1.292,46.0,0.0
38,2,A.García,Aston Villa,Arsenal,True,4.0,1.6,2,0,0.0,0.0,0.0,0.0,0.0,0.0,,0.0,0.0,0.0,1.0358090344816444,1,0.2629191200350386,0,0,0,0,0,0.0,0.0,0.0,0,0.0,,
39,2,Nedeljkovic,Aston Villa,Arsenal,True,4.0,0.1,2,0,0.0,0.0,0.0,0.0,0.0,0.0,,0.0,0.0,0.0,1.0358090344816444,1,0.2629191200350386,0,0,0,0,0,0.0,0.0,0.0,0,0.0,,
40,3,Rogers,Chelsea,Brighton,True,7.7,40.0,2,90,3.0,0.0,2.0,0.14,0.14,0.0,0.0,4.0,1.01,1.0,1.4661332210525864,2,0.18937511146735325,0,1,3,1,5,1.15,1.15,6.919375111467353,5,-1.919,33.0,7.0
41,3,Buendía,Aston Villa,Arsenal,True,5.9,0.9,2,90,1.0,0.0,0.0,0.04,0.04,0.0,0.0,1.0,0.02,0.0,1.0358090344816444,1,0.2629191200350386,0,0,4,1,5,0.06,0.06,2.5229191200350387,2,-0.523,49.0,4.0
42,3,Guessand,Crystal Palace,Man City,True,5.4,0.0,2,27,0.0,0.0,0.0,0.0,0.0,0.0,,0.0,0.01,0.0,2.215117089450359,5,0.06921110647201709,0,1,0,0,1,0.01,0.01,1.03,1,-0.03,6.0,0.0
43,3,Tielemans,Man Utd,Ipswich,True,5.8,1.5,2,90,3.0,2.0,1.0,0.47,0.47,0.0,0.0,4.0,0.11,0.0,2.060829453170299,3,0.009790034765452073,0,4,7,2,13,0.58,0.58,7.689790034765451,4,-3.69,92.0,3.0
44,3,Bailey,Aston Villa,Arsenal,True,5.4,0.1,2,0,0.0,0.0,0.0,0.0,0.0,0.0,,0.0,0.0,0.0,1.0358090344816444,1,0.2629191200350386,0,0,0,0,0,0.0,0.0,0.0,0,0.0,,
45,3,McGinn,Aston Villa,Arsenal,True,5.4,2.2,2,90,2.0,0.0,0.0,0.05,0.05,0.0,0.0,1.0,0.05,0.0,1.0358090344816444,1,0.2629191200350386,0,1,2,1,4,0.1,0.1,1.6629191200350384,1,-0.663,40.0,4.0
46,3,Barkley,Aston Villa,Arsenal,True,5.0,0.3,2,77,1.0,0.0,0.0,0.03,0.03,0.0,0.0,2.0,0.02,0.0,1.0358090344816444,1,0.2629191200350386,0,1,6,3,10,0.05,0.05,2.4729191200350384,2,-0.473,45.0,0.0
47,3,Kamara,Aston Villa,Arsenal,True,5.0,0.3,2,90,0.0,0.0,0.0,0.0,0.0,0.0,,1.0,0.03,0.0,1.0358090344816444,1,0.2629191200350386,0,3,4,1,8,0.03,0.03,2.3529191200350383,2,-0.353,53.0,0.0
48,3,Onana,Aston Villa,Arsenal,True,4.9,0.0,2,0,0.0,0.0,0.0,0.0,0.0,0.0,,0.0,0.0,0.0,1.0358090344816444,1,0.2629191200350386,0,0,0,0,0,0.0,0.0,0.0,0,0.0,,
49,3,Iling Jr,Aston Villa,Arsenal,True,5.0,0.0,2,0,0.0,0.0,0.0,0.0,0.0,0.0,,0.0,0.0,0.0,1.0358090344816444,1,0.2629191200350386,0,0,0,0,0,0.0,0.0,0.0,0,0.0,,
50,3,Burrowes,Aston Villa,Arsenal,True,4.5,0.6,2,0,0.0,0.0,0.0,0.0,0.0,0.0,,0.0,0.0,0.0,1.0358090344816444,1,0.2629191200350386,0,0,0,0,0,0.0,0.0,0.0,0,0.0,,
51,3,George Hemmings,Aston Villa,Arsenal,True,4.5,1.2,2,70,0.0,0.0,0.0,0.0,0.0,0.0,,0.0,0.01,0.0,1.0358090344816444,1,0.2629191200350386,0,0,4,2,6,0.01,0.01,2.2929191200350383,2,-0.293,22.0,0.0
52,3,Alysson,Aston Villa,Arsenal,True,5.0,0.1,2,19,0.0,0.0,0.0,0.0,0.0,0.0,,0.0,0.0,0.0,1.0358090344816444,1,0.2629191200350386,0,0,1,1,2,0.0,0.0,0.0,0,0.0,11.0,1.0
53,3,Manzambi,Aston Villa,Arsenal,True,5.9,0.1,2,0,0.0,0.0,0.0,0.0,0.0,0.0,,0.0,0.0,0.0,1.0358090344816444,1,0.2629191200350386,0,0,0,0,0,0.0,0.0,0.0,0,0.0,,
54,3,Gomes,Aston Villa,Arsenal,True,5.5,0.0,2,0,0.0,0.0,0.0,0.0,0.0,0.0,,0.0,0.0,0.0,1.0358090344816444,1,0.2629191200350386,0,0,0,0,0,0.0,0.0,0.0,0,0.0,,
55,4,Watkins,Aston Villa,Arsenal,True,7.8,2.6,2,0,0.0,0.0,0.0,0.0,0.0,0.0,,0.0,0.0,0.0,1.0358090344816444,1,0.2629191200350386,0,0,0,0,0,0.0,0.0,0.0,0,0.0,,
56,4,Abraham,Aston Villa,Arsenal,True,5.5,0.2,2,19,0.0,0.0,0.0,0.0,0.0,0.0,,0.0,0.0,0.0,1.0358090344816444,1,0.2629191200350386,0,0,0,0,0,0.0,0.0,1.0,1,0.0,1.0,0.0
57,1,Petrović,Bournemouth,Everton,True,4.5,3.0,2,90,0.0,0.0,0.0,0.0,0.0,0.0,,0.0,0.0,0.0,1.8620471330359571,1,0.050283227509486925,0,3,8,0,0,0.0,0.0,3.2011329100379475,3,-0.201,49.0,0.0
58,1,Forster,Bournemouth,Everton,True,4.0,3.5,2,0,0.0,0.0,0.0,0.0,0.0,0.0,,0.0,0.0,0.0,1.8620471330359571,1,0.050283227509486925,0,0,0,0,0,0.0,0.0,0.0,0,0.0,,
59,1,Dennis,Bournemouth,Everton,True,4.0,0.1,2,0,0.0,0.0,0.0,0.0,0.0,0.0,,0.0,0.0,0.0,1.8620471330359571,1,0.050283227509486925,0,0,0,0,0,0.0,0.0,0.0,0,0.0,,
60,2,Hill,Bournemouth,Everton,True,5.5,0.8,2,90,0.0,0.0,0.0,0.0,0.0,0.0,,2.0,0.74,0.0,1.8620471330359571,1,0.050283227509486925,0,9,3,3,12,0.74,0.74,8.421132910037947,4,-4.421,82.0,2.0
61,2,Truffert,Bournemouth,Everton,True,5.5,3.1,2,90,0.0,0.0,0.0,0.0,0.0,0.0,,2.0,0.07,0.0,1.8620471330359571,1,0.050283227509486925,0,7,6,2,9,0.07,0.07,2.4111329100379475,4,1.589,70.0,2.0
62,2,Diakité,Bournemouth,Everton,True,5.0,0.2,2,0,0.0,0.0,0.0,0.0,0.0,0.0,,0.0,0.0,0.0,1.8620471330359571,1,0.050283227509486925,0,0,0,0,0,0.0,0.0,0.0,0,0.0,,
63,2,Milosavljević,Bournemouth,Everton,True,4.9,0.0,2,0,0.0,0.0,0.0,0.0,0.0,0.0,,0.0,0.0,0.0,1.8620471330359571,1,0.050283227509486925,0,0,0,0,0,0.0,0.0,0.0,0,0.0,,
64,2,Smith,Bournemouth,Everton,True,4.5,0.1,2,90,0.0,0.0,0.0,0.0,0.0,0.0,,1.0,0.02,0.0,1.8620471330359571,1,0.050283227509486925,0,4,0,2,6,0.02,0.02,1.2611329100379476,1,-0.261,57.0,0.0
65,2,J.Araujo,Bournemouth,Everton,True,4.4,0.0,2,0,0.0,0.0,0.0,0.0,0.0,0.0,,0.0,0.0,0.0,1.8620471330359571,1,0.050283227509486925,0,0,0,0,0,0.0,0.0,0.0,0,0.0,,
66,2,Soler,Bournemouth,Everton,True,4.0,0.3,2,0,0.0,0.0,0.0,0.0,0.0,0.0,,0.0,0.0,0.0,1.8620471330359571,1,0.050283227509486925,0,0,0,0,0,0.0,0.0,0.0,0,0.0,,
67,3,Rayan,Bournemouth,Everton,True,6.3,1.6,2,90,5.0,2.0,3.0,0.4,0.4,0.0,0.0,0.0,0.02,0.0,1.8620471330359571,1,0.050283227509486925,0,1,3,1,5,0.42000000000000004,0.42000000000000004,4.110283227509487,2,-2.11,32.0,4.0
68,3,Tavernier,Bournemouth,Everton,True,6.1,6.5,2,90,2.0,0.0,2.0,0.09,0.09,0.0,0.0,2.0,0.21,0.0,1.8620471330359571,1,0.050283227509486925,0,1,6,4,11,0.3,0.3,2.130283227509487,1,-1.13,75.0,3.0
69,3,Scott,Bournemouth,Everton,True,6.1,5.8,2,86,2.0,1.0,1.0,0.26,0.26,1.0,1.0,2.0,0.27,0.0,1.8620471330359571,1,0.050283227509486925,0,3,9,3,15,0.53,0.53,5.1602832275094865,12,6.84,84.0,2.0
70,3,Kluivert,Bournemouth,Everton,True,6.0,1.0,2,80,4.0,2.0,3.0,0.61,0.61,0.0,0.0,2.0,0.05,0.0,1.8620471330359571,1,0.050283227509486925,0,0,5,0,5,0.66,0.66,5.250283227509487,3,-2.25,34.0,7.0
71,3,Cook,Bournemouth,Everton,True,5.0,0.2,2,68,0.0,0.0,0.0,0.0,0.0,0.0,,1.0,0.01,0.0,1.8620471330359571,1,0.050283227509486925,0,0,2,0,2,0.01,0.01,2.080283227509487,3,0.92,41.0,0.0
72,3,Gannon-Doak,Bournemouth,Everton,True,4.9,0.1,2,0,0.0,0.0,0.0,0.0,0.0,0.0,,0.0,0.0,0.0,1.8620471330359571,1,0.050283227509486925,0,0,0,0,0,0.0,0.0,0.0,0,0.0,,
73,3,Adams,Bournemouth,Everton,True,5.0,0.3,2,21,0.0,0.0,0.0,0.0,0.0,0.0,,0.0,0.0,0.0,1.8620471330359571,1,0.050283227509486925,0,0,3,0,3,0.0,0.0,1.0,1,0.0,17.0,0.0
74,3,Brooks,Bournemouth,Everton,True,5.0,0.1,2,9,0.0,0.0,0.0,0.0,0.0,0.0,,0.0,0.01,0.0,1.8620471330359571,1,0.050283227509486925,0,0,0,0,0,0.01,0.01,1.03,1,-0.03,10.0,0.0
75,3,Christie,Bournemouth,Everton,True,5.0,0.0,2,3,0.0,0.0,0.0,0.0,0.0,0.0,,0.0,0.0,0.0,1.8620471330359571,1,0.050283227509486925,0,0,1,1,2,0.0,0.0,1.0,1,0.0,8.0,0.0
76,3,Tóth.A,Bournemouth,Everton,True,4.9,0.0,2,0,0.0,0.0,0.0,0.0,0.0,0.0,,0.0,0.0,0.0,1.8620471330359571,1,0.050283227509486925,0,0,0,0,0,0.0,0.0,0.0,0,0.0,,
77,3,Adli,Bournemouth,Everton,True,4.9,0.0,2,0,0.0,0.0,0.0,0.0,0.0,0.0,,0.0,0.0,0.0,1.8620471330359571,1,0.050283227509486925,0,0,0,0,0,0.0,0.0,0.0,0,0.0,,
78,3,Kroupi.Jr,Bournemouth,Everton,True,7.4,0.2,2,0,0.0,0.0,0.0,0.0,0.0,0.0,,0.0,0.0,0.0,1.8620471330359571,1,0.050283227509486925,0,0,0,0,0,0.0,0.0,0.0,0,0.0,,
79,4,Evanilson,Bournemouth,Everton,True,6.0,3.3,2,80,3.0,0.0,3.0,0.58,0.58,0.0,0.0,2.0,0.04,1.0,1.8620471330359571,1,0.050283227509486925,0,1,2,0,3,0.62,0.62,4.44,5,0.56,35.0,4.0
80,4,Enes Ünal,Bournemouth,Everton,True,5.5,0.0,2,0,0.0,0.0,0.0,0.0,0.0,0.0,,0.0,0.0,0.0,1.8620471330359571,1,0.050283227509486925,0,0,0,0,0,0.0,0.0,0.0,0,0.0,,
81,4,Rodríguez,Bournemouth,Everton,True,6.0,0.1,2,9,0.0,0.0,0.0,0.0,0.0,0.0,,0.0,0.0,0.0,1.8620471330359571,1,0.050283227509486925,0,0,1,0,1,0.0,0.0,1.0,1,0.0,6.0,0.0
82,1,Kelleher,Brentford,Leeds,False,5.0,6.1,2,90,0.0,0.0,0.0,0.0,0.0,0.0,,0.0,0.0,0.0,1.4552918737754221,1,0.04431979584120046,0,2,4,0,0,0.0,0.0,2.177279183364802,2,-0.177,41.0,0.0
83,1,Valdimarsson,Brentford,Leeds,False,4.5,0.1,2,0,0.0,0.0,0.0,0.0,0.0,0.0,,0.0,0.0,0.0,1.4552918737754221,1,0.04431979584120046,0,0,0,0,0,0.0,0.0,0.0,0,0.0,,
84,2,Collins,Brentford,Leeds,False,5.4,1.0,2,90,3.0,1.0,3.0,0.17,0.17,0.0,0.0,0.0,0.01,0.0,1.4552918737754221,1,0.04431979584120046,0,11,8,2,13,0.18000000000000002,0.18000000000000002,4.227279183364802,3,-1.227,75.0,4.0
85,2,Van den Berg,Brentford,Leeds,False,4.9,0.1,2,0,0.0,0.0,0.0,0.0,0.0,0.0,,0.0,0.0,0.0,1.4552918737754221,1,0.04431979584120046,0,0,0,0,0,0.0,0.0,0.0,0,0.0,,
86,3,Lewis-Potter,Brentford,Leeds,False,5.5,1.8,2,87,1.0,0.0,0.0,0.02,0.02,0.0,0.0,2.0,0.13,1.0,1.4552918737754221,1,0.04431979584120046,0,3,6,2,11,0.15,0.15,2.5343197958412005,6,3.466,67.0,0.0
87,2,Ajer,Brentford,Leeds,False,4.5,4.0,2,90,0.0,0.0,0.0,0.0,0.0,0.0,,2.0,0.01,0.0,1.4552918737754221,1,0.04431979584120046,0,17,2,0,17,0.01,0.01,3.2072791833648018,3,-0.207,50.0,1.0
88,2,Kayode,Brentford,Leeds,False,4.6,7.7,2,87,1.0,0.0,0.0,0.02,0.02,0.0,0.0,1.0,0.21,0.0,1.4552918737754221,1,0.04431979584120046,0,3,4,1,4,0.22999999999999998,0.22999999999999998,2.927279183364802,2,-0.927,54.0,3.0
89,2,Henry,Brentford,Leeds,False,4.4,0.2,2,2,0.0,0.0,0.0,0.0,0.0,0.0,,0.0,0.0,0.0,1.4552918737754221,1,0.04431979584120046,0,0,0,0,0,0.0,0.0,1.0,1,0.0,2.0,0.0
90,2,Hickey,Brentford,Leeds,False,4.5,0.1,2,2,0.0,0.0,0.0,0.0,0.0,0.0,,0.0,0.02,0.0,1.4552918737754221,1,0.04431979584120046,0,0,0,1,1,0.02,0.02,1.06,1,-0.06,11.0,0.0
91,2,Pinnock,Coventry,Hull,True,4.5,0.1,2,12,0.0,0.0,0.0,0.0,0.0,0.0,,0.0,0.0,0.0,0.7184322937391696,1,0.422391393413313,0,2,0,0,2,0.0,0.0,1.0,1,0.0,15.0,0.0
92,2,Ji-soo,Brentford,Leeds,False,4.5,0.0,2,0,0.0,0.0,0.0,0.0,0.0,0.0,,0.0,0.0,0.0,1.4552918737754221,1,0.04431979584120046,0,0,0,0,0,0.0,0.0,0.0,0,0.0,,
93,2,Schuster,Brentford,Leeds,False,4.5,0.2,2,0,0.0,0.0,0.0,0.0,0.0,0.0,,0.0,0.0,0.0,1.4552918737754221,1,0.04431979584120046,0,0,0,0,0,0.0,0.0,0.0,0,0.0,,
94,3,Schade,Brentford,Leeds,False,6.1,8.0,2,87,3.0,1.0,3.0,0.25,0.25,1.0,1.0,1.0,0.02,0.0,1.4552918737754221,1,0.04431979584120046,0,3,4,2,9,0.27,0.27,3.3543197958412003,10,6.646,46.0,7.0
95,3,O.Dango,Brentford,Leeds,False,6.3,0.5,2,29,1.0,0.0,0.0,0.02,0.02,0.0,0.0,1.0,0.08,0.0,1.4552918737754221,1,0.04431979584120046,0,3,3,1,7,0.1,0.1,1.34,1,-0.34,22.0,0.0
96,3,Damsgaard,Brentford,Leeds,False,5.4,0.4,2,68,2.0,1.0,2.0,0.03,0.03,0.0,0.0,2.0,0.13,0.0,1.4552918737754221,1,0.04431979584120046,0,2,5,2,9,0.16,0.16,2.5843197958412003,3,0.416,60.0,4.0
97,3,Jensen,Brentford,Leeds,False,5.4,0.1,2,0,0.0,0.0,0.0,0.0,0.0,0.0,,0.0,0.0,0.0,1.4552918737754221,1,0.04431979584120046,0,0,0,0,0,0.0,0.0,0.0,0,0.0,,
98,3,Janelt,Brentford,Leeds,False,5.0,2.5,2,90,0.0,0.0,0.0,0.0,0.0,0.0,,2.0,0.14,0.0,1.4552918737754221,1,0.04431979584120046,0,5,2,3,10,0.14,0.14,1.4643197958412002,1,-0.464,69.0,2.0
99,3,Milambo,Brentford,Leeds,False,5.0,0.0,2,0,0.0,0.0,0.0,0.0,0.0,0.0,,0.0,0.0,0.0,1.4552918737754221,1,0.04431979584120046,0,0,0,0,0,0.0,0.0,0.0,0,0.0,,
100,3,Carvalho,Brentford,Leeds,False,5.0,0.0,2,0,0.0,0.0,0.0,0.0,0.0,0.0,,0.0,0.0,0.0,1.4552918737754221,1,0.04431979584120046,0,0,0,0,0,0.0,0.0,0.0,0,0.0,,
101,3,Henderson,Chelsea,Brighton,True,4.9,0.0,2,0,0.0,0.0,0.0,0.0,0.0,0.0,,0.0,0.0,0.0,1.4661332210525864,2,0.18937511146735325,0,0,0,0,0,0.0,0.0,0.0,0,0.0,,
102,3,Yarmoliuk,Brentford,Leeds,False,4.8,0.7,2,21,0.0,0.0,0.0,0.0,0.0,0.0,,1.0,0.01,0.0,1.4552918737754221,1,0.04431979584120046,0,0,0,0,0,0.01,0.01,1.03,1,-0.03,16.0,2.0
103,3,Dasilva,Brentford,Leeds,False,4.9,0.0,2,0,0.0,0.0,0.0,0.0,0.0,0.0,,0.0,0.0,0.0,1.4552918737754221,1,0.04431979584120046,0,0,0,0,0,0.0,0.0,0.0,0,0.0,,
104,3,Onyeka,Coventry,Hull,True,4.9,0.1,2,0,0.0,0.0,0.0,0.0,0.0,0.0,,0.0,0.0,0.0,0.7184322937391696,1,0.422391393413313,0,0,0,0,0,0.0,0.0,0.0,0,0.0,,
105,3,Anthony,Brentford,Leeds,False,5.9,0.1,2,60,2.0,0.0,1.0,0.11,0.11,0.0,0.0,2.0,0.06,0.0,1.4552918737754221,1,0.04431979584120046,0,0,1,0,1,0.16999999999999998,0.16999999999999998,1.7743197958412007,2,0.226,30.0,5.0
106,4,Thiago,Brentford,Leeds,False,7.8,8.9,2,90,5.0,2.0,5.0,0.8,0.8,0.0,0.0,0.0,0.01,0.0,1.4552918737754221,1,0.04431979584120046,0,0,3,1,4,0.81,0.81,7.23,2,-5.23,43.0,8.0
107,4,Furo,Brentford,Leeds,False,4.5,1.0,2,0,0.0,0.0,0.0,0.0,0.0,0.0,,0.0,0.0,0.0,1.4552918737754221,1,0.04431979584120046,0,0,0,0,0,0.0,0.0,0.0,0,0.0,,
108,4,Wilson,Brentford,Leeds,False,5.4,0.3,2,2,1.0,0.0,1.0,0.04,0.04,0.0,0.0,0.0,0.0,0.0,1.4552918737754221,1,0.04431979584120046,0,0,1,0,1,0.04,0.04,1.16,1,-0.16,4.0,2.0
109,1,Verbruggen,Brighton,Chelsea,False,4.5,21.7,2,90,0.0,0.0,0.0,0.0,0.0,0.0,,0.0,0.0,0.0,3.03403059951961,5,0.021281541142787207,0,0,14,0,0,0.0,0.0,1.085126164571149,0,-1.085,56.0,0.0
110,1,Rushworth,Coventry,Hull,True,4.5,0.8,2,90,0.0,0.0,0.0,0.0,0.0,0.0,,0.0,0.0,0.0,0.7184322937391696,1,0.422391393413313,0,1,13,0,0,0.0,0.0,3.689565573653252,2,-1.69,54.0,0.0
111,1,Steele,Brighton,Chelsea,False,4.0,4.2,2,0,0.0,0.0,0.0,0.0,0.0,0.0,,0.0,0.0,0.0,3.03403059951961,5,0.021281541142787207,0,0,0,0,0,0.0,0.0,0.0,0,0.0,,
112,2,Van Hecke,Spurs,Newcastle,True,4.9,6.7,2,90,1.0,1.0,1.0,0.11,0.11,0.0,0.0,1.0,0.03,0.0,0.7234829813241954,2,0.4601469183215041,0,6,4,2,8,0.14,0.14,5.5905876732860165,1,-4.591,95.0,1.0
113,2,F.Kadıoğlu,Brighton,Chelsea,False,4.4,1.6,2,90,1.0,0.0,1.0,0.02,0.02,0.0,0.0,1.0,0.01,0.0,3.03403059951961,5,0.021281541142787207,0,0,2,0,0,0.03,0.03,1.235126164571149,0,-1.235,70.0,2.0
114,2,Boscagli,Brighton,Chelsea,False,4.5,0.3,2,90,1.0,1.0,0.0,0.05,0.05,0.0,0.0,1.0,0.11,0.0,3.03403059951961,5,0.021281541142787207,0,3,2,0,3,0.16,0.16,0.7151261645711491,-1,-1.715,92.0,2.0
115,2,De Cuyper,Brighton,Chelsea,False,4.9,25.2,2,90,1.0,0.0,1.0,0.03,0.03,0.0,0.0,1.0,0.05,0.0,3.03403059951961,5,0.021281541142787207,0,2,3,0,2,0.08,0.08,1.415126164571149,0,-1.415,70.0,1.0
116,2,Dunk,Brighton,Chelsea,False,4.5,1.5,2,90,0.0,0.0,0.0,0.0,0.0,0.0,,0.0,0.01,0.0,3.03403059951961,5,0.021281541142787207,0,2,4,1,3,0.01,0.01,0.11512616457114899,-1,-1.115,112.0,0.0
117,2,Coppola,Brighton,Chelsea,False,4.5,0.0,2,0,0.0,0.0,0.0,0.0,0.0,0.0,,0.0,0.0,0.0,3.03403059951961,5,0.021281541142787207,0,0,0,0,0,0.0,0.0,0.0,0,0.0,,
118,2,Igor,Brighton,Chelsea,False,4.5,0.0,2,0,0.0,0.0,0.0,0.0,0.0,0.0,,0.0,0.0,0.0,3.03403059951961,5,0.021281541142787207,0,0,0,0,0,0.0,0.0,0.0,0,0.0,,
119,2,Costinha,Brighton,Chelsea,False,4.5,0.0,2,10,0.0,0.0,0.0,0.0,0.0,0.0,,0.0,0.0,0.0,3.03403059951961,5,0.021281541142787207,0,0,0,0,0,0.0,0.0,0.0,0,0.0,11.0,0.0
120,2,Svoboda,Brighton,Chelsea,False,5.0,0.1,2,0,0.0,0.0,0.0,0.0,0.0,0.0,,0.0,0.0,0.0,3.03403059951961,5,0.021281541142787207,0,0,0,0,0,0.0,0.0,0.0,0,0.0,,
121,3,Mitoma,Brighton,Chelsea,False,5.9,0.0,2,0,0.0,0.0,0.0,0.0,0.0,0.0,,0.0,0.0,0.0,3.03403059951961,5,0.021281541142787207,0,0,0,0,0,0.0,0.0,0.0,0,0.0,,
122,3,Minteh,Brighton,Chelsea,False,5.9,0.0,2,0,0.0,0.0,0.0,0.0,0.0,0.0,,0.0,0.0,0.0,3.03403059951961,5,0.021281541142787207,0,0,0,0,0,0.0,0.0,0.0,0,0.0,,
123,3,Hinshelwood,Brighton,Chelsea,False,5.9,0.6,2,0,0.0,0.0,0.0,0.0,0.0,0.0,,0.0,0.0,0.0,3.03403059951961,5,0.021281541142787207,0,0,0,0,0,0.0,0.0,0.0,0,0.0,,
124,3,Groß,Brighton,Chelsea,False,5.7,21.5,2,90,1.0,1.0,1.0,0.05,0.05,1.0,1.0,2.0,0.11,0.0,3.03403059951961,5,0.021281541142787207,0,2,3,1,6,0.16,0.16,2.601281541142787,13,10.399,78.0,4.0
125,4,Georginio,Brighton,Chelsea,False,5.4,0.5,2,0,0.0,0.0,0.0,0.0,0.0,0.0,,0.0,0.0,0.0,3.03403059951961,5,0.021281541142787207,0,0,0,0,0,0.0,0.0,0.0,0,0.0,,
126,3,O'Riley,Brighton,Chelsea,False,5.4,0.1,2,0,0.0,0.0,0.0,0.0,0.0,0.0,,0.0,0.0,0.0,3.03403059951961,5,0.021281541142787207,0,0,0,0,0,0.0,0.0,0.0,0,0.0,,
127,3,Gomez,Brighton,Chelsea,False,5.0,4.2,2,90,5.0,1.0,5.0,0.38,0.38,0.0,0.0,1.0,0.17,0.0,3.03403059951961,5,0.021281541142787207,0,1,2,2,5,0.55,0.55,4.431281541142787,5,0.569,50.0,8.0
128,3,Buonanotte,Brighton,Chelsea,False,5.0,0.0,2,0,0.0,0.0,0.0,0.0,0.0,0.0,,0.0,0.0,0.0,3.03403059951961,5,0.021281541142787207,0,0,0,0,0,0.0,0.0,0.0,0,0.0,,
129,3,Ayari,Brighton,Chelsea,False,5.4,0.4,2,0,0.0,0.0,0.0,0.0,0.0,0.0,,0.0,0.0,0.0,3.03403059951961,5,0.021281541142787207,0,0,0,0,0,0.0,0.0,0.0,0,0.0,,
130,2,Wieffer,Brighton,Chelsea,False,4.9,0.2,2,79,1.0,0.0,1.0,0.03,0.03,0.0,0.0,0.0,0.08,0.0,3.03403059951961,5,0.021281541142787207,0,7,4,0,7,0.11,0.11,1.505126164571149,0,-1.505,72.0,1.0
131,3,Baleba,Man Utd,Ipswich,True,4.9,0.1,2,0,0.0,0.0,0.0,0.0,0.0,0.0,,0.0,0.0,0.0,2.060829453170299,3,0.009790034765452073,0,0,0,0,0,0.0,0.0,0.0,0,0.0,,
132,3,Howell,Brighton,Chelsea,False,4.5,0.0,2,0,0.0,0.0,0.0,0.0,0.0,0.0,,0.0,0.0,0.0,3.03403059951961,5,0.021281541142787207,0,0,0,0,0,0.0,0.0,0.0,0,0.0,,
133,3,Watson,Brighton,Chelsea,False,5.0,0.0,2,0,0.0,0.0,0.0,0.0,0.0,0.0,,0.0,0.0,0.0,3.03403059951961,5,0.021281541142787207,0,0,0,0,0,0.0,0.0,0.0,0,0.0,,
134,3,Oriola,Brighton,Chelsea,False,4.5,0.2,2,0,0.0,0.0,0.0,0.0,0.0,0.0,,0.0,0.0,0.0,3.03403059951961,5,0.021281541142787207,0,0,0,0,0,0.0,0.0,0.0,0,0.0,,
135,3,Yohanna,Brighton,Chelsea,False,4.9,0.0,2,0,0.0,0.0,0.0,0.0,0.0,0.0,,0.0,0.0,0.0,3.03403059951961,5,0.021281541142787207,0,0,0,0,0,0.0,0.0,0.0,0,0.0,,
136,4,Welbeck,Chelsea,Brighton,True,5.9,1.0,2,0,0.0,0.0,0.0,0.0,0.0,0.0,,0.0,0.0,0.0,1.4661332210525864,2,0.18937511146735325,0,0,0,0,0,0.0,0.0,0.0,0,0.0,,
137,4,Tzimas,Brighton,Chelsea,False,5.4,0.0,2,0,0.0,0.0,0.0,0.0,0.0,0.0,,0.0,0.0,0.0,3.03403059951961,5,0.021281541142787207,0,0,0,0,0,0.0,0.0,0.0,0,0.0,,
138,4,Kostoulas,Brighton,Chelsea,False,5.5,1.0,2,79,1.0,1.0,1.0,0.17,0.17,0.0,0.0,1.0,0.02,0.0,3.03403059951961,5,0.021281541142787207,0,0,6,0,6,0.19,0.19,2.74,5,2.26,30.0,1.0
139,4,Ferguson,Brighton,Chelsea,False,5.0,0.0,2,0,0.0,0.0,0.0,0.0,0.0,0.0,,0.0,0.0,0.0,3.03403059951961,5,0.021281541142787207,0,0,0,0,0,0.0,0.0,0.0,0,0.0,,
140,1,Sánchez,Chelsea,Brighton,True,4.9,0.7,2,0,0.0,0.0,0.0,0.0,0.0,0.0,,0.0,0.0,0.0,1.4661332210525864,2,0.18937511146735325,0,0,0,0,0,0.0,0.0,0.0,0,0.0,,
141,1,Jörgensen,Chelsea,Brighton,True,5.0,0.0,2,0,0.0,0.0,0.0,0.0,0.0,0.0,,0.0,0.0,0.0,1.4661332210525864,2,0.18937511146735325,0,0,0,0,0,0.0,0.0,0.0,0,0.0,,
142,2,James,Chelsea,Brighton,True,5.4,6.5,2,22,0.0,0.0,0.0,0.0,0.0,0.0,,0.0,0.0,0.0,1.4661332210525864,2,0.18937511146735325,0,0,1,0,0,0.0,0.0,1.0,1,0.0,8.0,1.0
143,2,Chalobah,Chelsea,Brighton,True,5.5,0.1,2,0,0.0,0.0,0.0,0.0,0.0,0.0,,0.0,0.0,0.0,1.4661332210525864,2,0.18937511146735325,0,0,0,0,0,0.0,0.0,0.0,0,0.0,,
144,2,Gusto,Chelsea,Brighton,True,5.0,1.0,2,90,0.0,0.0,0.0,0.0,0.0,0.0,,0.0,0.01,0.0,1.4661332210525864,2,0.18937511146735325,0,4,3,1,5,0.01,0.01,2.7875004458694126,1,-1.788,28.0,0.0
145,2,Fofana,Chelsea,Brighton,True,5.0,0.2,2,67,0.0,0.0,0.0,0.0,0.0,0.0,,0.0,0.01,0.0,1.4661332210525864,2,0.18937511146735325,0,9,0,0,9,0.01,0.01,1.7875004458694126,0,-1.788,24.0,0.0
146,2,B.Badiashile,Chelsea,Brighton,True,4.5,0.0,2,0,0.0,0.0,0.0,0.0,0.0,0.0,,0.0,0.0,0.0,1.4661332210525864,2,0.18937511146735325,0,0,0,0,0,0.0,0.0,0.0,0,0.0,,
147,2,Tosin,Chelsea,Brighton,True,4.4,0.2,2,0,0.0,0.0,0.0,0.0,0.0,0.0,,0.0,0.0,0.0,1.4661332210525864,2,0.18937511146735325,0,0,0,0,0,0.0,0.0,0.0,0,0.0,,
148,2,Hato,Chelsea,Brighton,True,4.5,0.9,2,90,0.0,0.0,0.0,0.0,0.0,0.0,,2.0,0.06,1.0,1.4661332210525864,2,0.18937511146735325,0,4,3,2,6,0.06,0.06,2.937500445869413,4,1.062,30.0,0.0
149,2,Colwill,Chelsea,Brighton,True,4.8,0.9,2,71,0.0,0.0,0.0,0.0,0.0,0.0,,0.0,0.0,0.0,1.4661332210525864,2,0.18937511146735325,0,8,2,1,9,0.0,0.0,2.757500445869413,1,-1.758,36.0,0.0
150,2,M.Sarr,Chelsea,Brighton,True,4.5,0.0,2,0,0.0,0.0,0.0,0.0,0.0,0.0,,0.0,0.0,0.0,1.4661332210525864,2,0.18937511146735325,0,0,0,0,0,0.0,0.0,0.0,0,0.0,,
151,2,Acheampong,Chelsea,Brighton,True,4.5,0.4,2,22,0.0,0.0,0.0,0.0,0.0,0.0,,0.0,0.0,0.0,1.4661332210525864,2,0.18937511146735325,0,2,0,1,3,0.0,0.0,1.0,1,0.0,10.0,0.0
152,2,Palestra,Chelsea,Brighton,True,5.3,0.6,2,0,0.0,0.0,0.0,0.0,0.0,0.0,,0.0,0.0,0.0,1.4661332210525864,2,0.18937511146735325,0,0,0,0,0,0.0,0.0,0.0,0,0.0,,
153,2,Disasi,Crystal Palace,Man City,True,4.5,0.1,2,16,0.0,0.0,0.0,0.0,0.0,0.0,,0.0,0.0,0.0,2.215117089450359,5,0.06921110647201709,0,0,1,1,1,0.0,0.0,1.0,1,0.0,8.0,0.0
154,3,Palmer,Chelsea,Brighton,True,9.7,27.0,2,90,4.0,1.0,3.0,0.66,0.66,1.0,1.0,2.0,0.13,0.0,1.4661332210525864,2,0.18937511146735325,0,2,4,2,8,0.79,0.79,5.879375111467353,7,1.121,36.0,4.0
155,3,Enzo,Chelsea,Brighton,True,6.9,3.5,2,0,0.0,0.0,0.0,0.0,0.0,0.0,,0.0,0.0,0.0,1.4661332210525864,2,0.18937511146735325,0,0,0,0,0,0.0,0.0,0.0,0,0.0,,
156,3,Neto,Chelsea,Brighton,True,6.5,1.4,2,67,2.0,2.0,2.0,0.41,0.41,1.0,1.0,2.0,0.33,0.0,1.4661332210525864,2,0.18937511146735325,0,3,1,0,4,0.74,0.74,5.229375111467354,7,1.771,23.0,4.0
157,3,Estêvão,Chelsea,Brighton,True,6.3,0.7,2,0,0.0,0.0,0.0,0.0,0.0,0.0,,0.0,0.0,0.0,1.4661332210525864,2,0.18937511146735325,0,0,0,0,0,0.0,0.0,0.0,0,0.0,,
158,3,Gittens,Chelsea,Brighton,True,5.9,0.0,2,0,0.0,0.0,0.0,0.0,0.0,0.0,,0.0,0.0,0.0,1.4661332210525864,2,0.18937511146735325,0,0,0,0,0,0.0,0.0,0.0,0,0.0,,
159,3,Caicedo,Chelsea,Brighton,True,5.3,1.1,2,13,0.0,0.0,0.0,0.0,0.0,0.0,,0.0,0.0,0.0,1.4661332210525864,2,0.18937511146735325,0,0,0,0,0,0.0,0.0,1.0,1,0.0,2.0,0.0
160,3,Garnacho,Aston Villa,Arsenal,True,5.8,0.3,2,12,0.0,0.0,0.0,0.0,0.0,0.0,,0.0,0.0,0.0,1.0358090344816444,1,0.2629191200350386,0,0,2,0,2,0.0,0.0,1.0,1,0.0,10.0,0.0
161,3,Lavia,Chelsea,Brighton,True,5.0,0.2,2,67,1.0,1.0,1.0,0.54,0.54,1.0,1.0,0.0,0.0,0.0,1.4661332210525864,2,0.18937511146735325,0,3,3,1,7,0.54,0.54,4.889375111467354,7,2.111,26.0,1.0
162,3,Andrey Santos,Man Utd,Ipswich,True,4.8,0.6,2,10,0.0,0.0,0.0,0.0,0.0,0.0,,0.0,0.0,0.0,2.060829453170299,3,0.009790034765452073,0,0,2,3,5,0.0,0.0,1.0,1,0.0,19.0,0.0
163,3,D.Essugo,Chelsea,Brighton,True,4.5,0.1,2,0,0.0,0.0,0.0,0.0,0.0,0.0,,0.0,0.0,0.0,1.4661332210525864,2,0.18937511146735325,0,0,0,0,0,0.0,0.0,0.0,0,0.0,,
164,3,Quenda,Chelsea,Brighton,True,5.3,0.0,2,0,0.0,0.0,0.0,0.0,0.0,0.0,,0.0,0.0,0.0,1.4661332210525864,2,0.18937511146735325,0,0,0,0,0,0.0,0.0,0.0,0,0.0,,
165,4,João Pedro,Chelsea,Brighton,True,7.8,68.4,2,90,5.0,2.0,6.0,1.23,1.23,1.0,1.0,2.0,0.04,1.0,1.4661332210525864,2,0.18937511146735325,0,0,2,1,3,1.27,1.27,10.04,9,-1.04,43.0,9.0
166,4,N.Jackson,Aston Villa,Arsenal,True,6.5,1.2,2,70,0.0,0.0,0.0,0.0,0.0,0.0,,0.0,0.1,0.0,1.0358090344816444,1,0.2629191200350386,0,0,3,0,3,0.1,0.1,2.3,2,-0.3,24.0,1.0
167,4,Delap,Nott'm Forest,Liverpool,False,5.6,2.9,2,24,1.0,0.0,1.0,0.07,0.07,0.0,0.0,1.0,0.0,0.0,1.747105638496577,2,0.059425024024822894,0,0,0,0,0,0.07,0.07,1.28,1,-0.28,12.0,2.0
168,4,Marc Guiu,Chelsea,Brighton,True,5.0,0.2,2,0,0.0,0.0,0.0,0.0,0.0,0.0,,0.0,0.0,0.0,1.4661332210525864,2,0.18937511146735325,0,0,0,0,0,0.0,0.0,0.0,0,0.0,,
169,4,Mheuka,Chelsea,Brighton,True,4.5,0.5,2,0,0.0,0.0,0.0,0.0,0.0,0.0,,0.0,0.0,0.0,1.4661332210525864,2,0.18937511146735325,0,0,0,0,0,0.0,0.0,0.0,0,0.0,,
170,4,Emegha,Chelsea,Brighton,True,5.0,0.1,2,0,0.0,0.0,0.0,0.0,0.0,0.0,,0.0,0.0,0.0,1.4661332210525864,2,0.18937511146735325,0,0,0,0,0,0.0,0.0,0.0,0,0.0,,
171,1,Dovin,Coventry,Hull,True,4.0,1.0,2,0,0.0,0.0,0.0,0.0,0.0,0.0,,0.0,0.0,0.0,0.7184322937391696,1,0.422391393413313,0,0,0,0,0,0.0,0.0,0.0,0,0.0,,
172,1,Wilson,Coventry,Hull,True,4.4,0.4,2,0,0.0,0.0,0.0,0.0,0.0,0.0,,0.0,0.0,0.0,0.7184322937391696,1,0.422391393413313,0,0,0,0,0,0.0,0.0,0.0,0,0.0,,
173,2,Thomas,Coventry,Hull,True,4.0,8.6,2,77,0.0,0.0,0.0,0.0,0.0,0.0,,0.0,0.01,0.0,0.7184322937391696,1,0.422391393413313,0,9,6,0,9,0.01,0.01,3.719565573653252,8,4.28,78.0,0.0
174,2,Kitching,Coventry,Hull,True,4.0,0.4,2,0,0.0,0.0,0.0,0.0,0.0,0.0,,0.0,0.0,0.0,0.7184322937391696,1,0.422391393413313,0,0,0,0,0,0.0,0.0,0.0,0,0.0,,
175,2,van Ewijk,Coventry,Hull,True,4.0,9.5,2,90,0.0,0.0,0.0,0.0,0.0,0.0,,2.0,0.19,0.0,0.7184322937391696,1,0.422391393413313,0,1,3,1,2,0.19,0.19,4.259565573653252,2,-2.26,69.0,3.0
176,2,Dasilva,Coventry,Hull,True,4.0,0.7,2,90,1.0,1.0,1.0,0.18,0.18,0.0,0.0,0.0,0.05,0.0,0.7184322937391696,1,0.422391393413313,0,1,3,2,3,0.22999999999999998,0.22999999999999998,6.919565573653252,2,-4.92,92.0,1.0
177,2,Kesler-Hayden,Coventry,Hull,True,3.9,0.0,2,0,0.0,0.0,0.0,0.0,0.0,0.0,,0.0,0.0,0.0,0.7184322937391696,1,0.422391393413313,0,0,0,0,0,0.0,0.0,0.0,0,0.0,,
178,2,Bidwell,Coventry,Hull,True,4.0,0.1,2,0,0.0,0.0,0.0,0.0,0.0,0.0,,0.0,0.0,0.0,0.7184322937391696,1,0.422391393413313,0,0,0,0,0,0.0,0.0,0.0,0,0.0,,
179,2,Latibeaudiere,Coventry,Hull,True,4.0,0.0,2,0,0.0,0.0,0.0,0.0,0.0,0.0,,0.0,0.0,0.0,0.7184322937391696,1,0.422391393413313,0,0,0,0,0,0.0,0.0,0.0,0,0.0,,
180,2,Woolfenden,Coventry,Hull,True,4.0,0.1,2,0,0.0,0.0,0.0,0.0,0.0,0.0,,0.0,0.0,0.0,0.7184322937391696,1,0.422391393413313,0,0,0,0,0,0.0,0.0,0.0,0,0.0,,
181,2,Brau,Coventry,Hull,True,4.0,0.0,2,0,0.0,0.0,0.0,0.0,0.0,0.0,,0.0,0.0,0.0,0.7184322937391696,1,0.422391393413313,0,0,0,0,0,0.0,0.0,0.0,0,0.0,,
182,2,Amenda,Coventry,Hull,True,4.0,0.7,2,90,1.0,0.0,0.0,0.02,0.02,0.0,0.0,0.0,0.04,0.0,0.7184322937391696,1,0.422391393413313,0,4,1,0,4,0.06,0.06,2.929565573653252,1,-1.93,83.0,1.0
183,3,Rudoni,Coventry,Hull,True,4.9,0.1,2,70,1.0,0.0,0.0,0.06,0.06,0.0,0.0,2.0,0.09,0.0,0.7184322937391696,1,0.422391393413313,0,1,4,1,6,0.15,0.15,2.9923913934133126,3,0.008,46.0,1.0
184,3,Grimes,Coventry,Hull,True,4.9,0.1,2,90,1.0,0.0,0.0,0.01,0.01,0.0,0.0,1.0,0.04,0.0,0.7184322937391696,1,0.422391393413313,0,1,9,0,10,0.05,0.05,2.5923913934133127,2,-0.592,121.0,0.0
185,3,Sakamoto,Coventry,Hull,True,4.8,0.1,2,31,1.0,0.0,1.0,0.02,0.02,0.0,0.0,0.0,0.02,0.0,0.7184322937391696,1,0.422391393413313,0,0,2,2,4,0.04,0.04,1.1600000000000001,1,-0.16,27.0,2.0
186,3,Mason-Clark,Coventry,Hull,True,5.4,0.1,2,57,0.0,0.0,0.0,0.0,0.0,0.0,,1.0,0.06,0.0,0.7184322937391696,1,0.422391393413313,0,2,2,0,4,0.06,0.06,1.18,1,-0.18,28.0,0.0
187,3,Eccles,Coventry,Hull,True,4.9,0.0,2,0,0.0,0.0,0.0,0.0,0.0,0.0,,0.0,0.0,0.0,0.7184322937391696,1,0.422391393413313,0,0,0,0,0,0.0,0.0,0.0,0,0.0,,
188,3,Torp,Coventry,Hull,True,5.3,0.1,2,19,0.0,0.0,0.0,0.0,0.0,0.0,,0.0,0.01,0.0,0.7184322937391696,1,0.422391393413313,0,0,2,0,2,0.01,0.01,1.03,1,-0.03,19.0,0.0
189,3,Shepherd,Coventry,Hull,True,4.4,0.2,2,0,0.0,0.0,0.0,0.0,0.0,0.0,,0.0,0.0,0.0,0.7184322937391696,1,0.422391393413313,0,0,0,0,0,0.0,0.0,0.0,0,0.0,,
190,3,Tchaouna,Coventry,Hull,True,5.4,0.1,2,58,1.0,0.0,0.0,0.05,0.05,0.0,0.0,1.0,0.13,0.0,0.7184322937391696,1,0.422391393413313,0,2,3,1,6,0.18,0.18,1.6400000000000001,1,-0.64,32.0,2.0
191,3,Borges Rodrigues,Coventry,Hull,True,4.5,0.1,2,0,0.0,0.0,0.0,0.0,0.0,0.0,,0.0,0.0,0.0,0.7184322937391696,1,0.422391393413313,0,0,0,0,0,0.0,0.0,0.0,0,0.0,,
192,3,Andrews,Coventry,Hull,True,4.5,0.3,2,0,0.0,0.0,0.0,0.0,0.0,0.0,,0.0,0.0,0.0,0.7184322937391696,1,0.422391393413313,0,0,0,0,0,0.0,0.0,0.0,0,0.0,,
193,4,Wright,Coventry,Hull,True,5.4,0.1,2,0,0.0,0.0,0.0,0.0,0.0,0.0,,0.0,0.0,0.0,0.7184322937391696,1,0.422391393413313,0,0,0,0,0,0.0,0.0,0.0,0,0.0,,
194,4,Thomas-Asante,Coventry,Hull,True,5.0,0.7,2,32,0.0,0.0,0.0,0.0,0.0,0.0,,0.0,0.0,0.0,0.7184322937391696,1,0.422391393413313,0,0,2,0,2,0.0,0.0,1.0,1,0.0,18.0,1.0
195,4,Simms,Coventry,Hull,True,5.0,0.7,2,0,0.0,0.0,0.0,0.0,0.0,0.0,,0.0,0.0,0.0,0.7184322937391696,1,0.422391393413313,0,0,0,0,0,0.0,0.0,0.0,0,0.0,,
196,4,Markelo,Coventry,Hull,True,5.0,0.0,2,0,0.0,0.0,0.0,0.0,0.0,0.0,,0.0,0.0,0.0,0.7184322937391696,1,0.422391393413313,0,0,0,0,0,0.0,0.0,0.0,0,0.0,,
197,4,Bassette,Coventry,Hull,True,4.5,0.0,2,0,0.0,0.0,0.0,0.0,0.0,0.0,,0.0,0.0,0.0,0.7184322937391696,1,0.422391393413313,0,0,0,0,0,0.0,0.0,0.0,0,0.0,,
198,1,Henderson,Crystal Palace,Man City,True,5.0,1.4,2,90,0.0,0.0,0.0,0.0,0.0,0.0,,0.0,0.0,0.0,2.215117089450359,5,0.06921110647201709,0,2,11,0,0,0.0,0.0,2.2768444258880685,1,-1.277,28.0,0.0
199,1,Benitez,Crystal Palace,Man City,True,4.5,0.1,2,0,0.0,0.0,0.0,0.0,0.0,0.0,,0.0,0.0,0.0,2.215117089450359,5,0.06921110647201709,0,0,0,0,0,0.0,0.0,0.0,0,0.0,,
200,2,Lacroix,Chelsea,Brighton,True,5.9,7.0,2,90,1.0,0.0,1.0,0.02,0.02,0.0,0.0,0.0,0.0,0.0,1.4661332210525864,2,0.18937511146735325,0,8,1,1,9,0.02,0.02,2.877500445869413,1,-1.878,36.0,2.0
201,2,Muñoz,Crystal Palace,Man City,True,5.4,6.0,2,0,0.0,0.0,0.0,0.0,0.0,0.0,,0.0,0.0,0.0,2.215117089450359,5,0.06921110647201709,0,0,0,0,0,0.0,0.0,0.0,0,0.0,,
202,2,Richards,Crystal Palace,Man City,True,5.0,0.6,2,90,1.0,1.0,1.0,0.04,0.04,0.0,0.0,0.0,0.0,0.0,2.215117089450359,5,0.06921110647201709,0,4,2,2,6,0.04,0.04,1.5168444258880684,0,-1.517,38.0,1.0
203,2,Canvot,Crystal Palace,Man City,True,4.8,0.2,2,90,0.0,0.0,0.0,0.0,0.0,0.0,,0.0,0.0,0.0,2.215117089450359,5,0.06921110647201709,0,6,1,1,7,0.0,0.0,1.2768444258880685,0,-1.277,64.0,0.0
204,2,Mitchell,Crystal Palace,Man City,True,4.5,6.1,2,90,2.0,0.0,1.0,0.11,0.11,0.0,0.0,2.0,0.16,0.0,2.215117089450359,5,0.06921110647201709,0,3,1,2,5,0.27,0.27,2.4168444258880686,0,-2.417,44.0,2.0
205,2,Sosa,Crystal Palace,Man City,True,4.5,0.0,2,0,0.0,0.0,0.0,0.0,0.0,0.0,,0.0,0.0,0.0,2.215117089450359,5,0.06921110647201709,0,0,0,0,0,0.0,0.0,0.0,0,0.0,,
206,2,Chadi Riad,Crystal Palace,Man City,True,4.3,0.0,2,0,0.0,0.0,0.0,0.0,0.0,0.0,,0.0,0.0,0.0,2.215117089450359,5,0.06921110647201709,0,0,0,0,0,0.0,0.0,0.0,0,0.0,,
207,2,Mingueza,Crystal Palace,Man City,True,4.4,0.1,2,15,0.0,0.0,0.0,0.0,0.0,0.0,,0.0,0.0,0.0,2.215117089450359,5,0.06921110647201709,0,0,0,1,1,0.0,0.0,1.0,1,0.0,7.0,0.0
208,3,Sarr,Crystal Palace,Man City,True,6.2,0.6,2,0,0.0,0.0,0.0,0.0,0.0,0.0,,0.0,0.0,0.0,2.215117089450359,5,0.06921110647201709,0,0,0,0,0,0.0,0.0,0.0,0,0.0,,
209,3,Johnson,Everton,Bournemouth,False,5.9,0.1,2,28,0.0,0.0,0.0,0.0,0.0,0.0,,0.0,0.0,0.0,2.180264361202716,1,0.0858594992682716,0,0,1,1,2,0.0,0.0,1.0,1,0.0,6.0,0.0
210,3,Wharton,Crystal Palace,Man City,True,5.5,0.8,2,90,0.0,0.0,0.0,0.0,0.0,0.0,,2.0,0.07,0.0,2.215117089450359,5,0.06921110647201709,0,0,3,4,7,0.07,0.07,2.279211106472017,2,-0.279,36.0,0.0
211,3,Yeremy,Crystal Palace,Man City,True,5.5,0.4,2,67,1.0,0.0,0.0,0.05,0.05,0.0,0.0,2.0,0.07,0.0,2.215117089450359,5,0.06921110647201709,0,2,6,2,10,0.12000000000000001,0.12000000000000001,2.529211106472017,5,2.471,44.0,4.0
212,3,Hughes,Crystal Palace,Man City,True,4.4,7.7,2,0,0.0,0.0,0.0,0.0,0.0,0.0,,0.0,0.0,0.0,2.215117089450359,5,0.06921110647201709,0,0,0,0,0,0.0,0.0,0.0,0,0.0,,
213,3,Lerma,Crystal Palace,Man City,True,4.9,0.1,2,0,0.0,0.0,0.0,0.0,0.0,0.0,,0.0,0.0,0.0,2.215117089450359,5,0.06921110647201709,0,0,0,0,0,0.0,0.0,0.0,0,0.0,,
214,3,Kamada,Crystal Palace,Man City,True,5.0,0.5,2,90,1.0,0.0,1.0,0.05,0.05,0.0,0.0,0.0,0.02,0.0,2.215117089450359,5,0.06921110647201709,0,1,2,6,9,0.07,0.07,2.379211106472017,2,-0.379,51.0,2.0
215,3,Devenny,Crystal Palace,Man City,True,5.0,0.0,2,0,0.0,0.0,0.0,0.0,0.0,0.0,,0.0,0.0,0.0,2.215117089450359,5,0.06921110647201709,0,0,0,0,0,0.0,0.0,0.0,0,0.0,,
216,3,Esse,Crystal Palace,Man City,True,5.0,0.0,2,0,0.0,0.0,0.0,0.0,0.0,0.0,,0.0,0.0,0.0,2.215117089450359,5,0.06921110647201709,0,0,0,0,0,0.0,0.0,0.0,0,0.0,,
217,3,M.França,Crystal Palace,Man City,True,4.9,0.0,2,0,0.0,0.0,0.0,0.0,0.0,0.0,,0.0,0.0,0.0,2.215117089450359,5,0.06921110647201709,0,0,0,0,0,0.0,0.0,0.0,0,0.0,,
218,3,Doucouré,Crystal Palace,Man City,True,4.9,0.0,2,0,0.0,0.0,0.0,0.0,0.0,0.0,,0.0,0.0,0.0,2.215117089450359,5,0.06921110647201709,0,0,0,0,0,0.0,0.0,0.0,0,0.0,,
219,3,J.Rak-Sakyi,Crystal Palace,Man City,True,4.9,0.0,2,0,0.0,0.0,0.0,0.0,0.0,0.0,,0.0,0.0,0.0,2.215117089450359,5,0.06921110647201709,0,0,0,0,0,0.0,0.0,0.0,0,0.0,,
220,2,Cardines,Crystal Palace,Man City,True,4.5,0.0,2,0,0.0,0.0,0.0,0.0,0.0,0.0,,0.0,0.0,0.0,2.215117089450359,5,0.06921110647201709,0,0,0,0,0,0.0,0.0,0.0,0,0.0,,
221,3,Drakes-Thomas,Crystal Palace,Man City,True,4.5,0.1,2,0,0.0,0.0,0.0,0.0,0.0,0.0,,0.0,0.0,0.0,2.215117089450359,5,0.06921110647201709,0,0,0,0,0,0.0,0.0,0.0,0,0.0,,
222,4,Strand Larsen,Crystal Palace,Man City,True,6.0,0.6,2,62,1.0,0.0,1.0,0.05,0.05,0.0,0.0,0.0,0.0,0.0,2.215117089450359,5,0.06921110647201709,0,2,1,1,4,0.05,0.05,2.2,2,-0.2,18.0,1.0
223,4,Mateta,Crystal Palace,Man City,True,6.3,1.4,2,0,0.0,0.0,0.0,0.0,0.0,0.0,,0.0,0.0,0.0,2.215117089450359,5,0.06921110647201709,0,0,0,0,0,0.0,0.0,0.0,0,0.0,,
224,4,Nketiah,Crystal Palace,Man City,True,5.5,0.5,2,67,2.0,0.0,2.0,0.36,0.36,0.0,0.0,1.0,0.0,0.0,2.215117089450359,5,0.06921110647201709,0,1,3,2,6,0.36,0.36,3.44,2,-1.44,22.0,2.0
225,4,Uche,Crystal Palace,Man City,True,5.0,0.0,2,0,0.0,0.0,0.0,0.0,0.0,0.0,,0.0,0.0,0.0,2.215117089450359,5,0.06921110647201709,0,0,0,0,0,0.0,0.0,0.0,0,0.0,,
226,1,Pickford,Everton,Bournemouth,False,5.5,9.0,2,90,0.0,0.0,0.0,0.0,0.0,0.0,,0.0,0.0,0.0,2.180264361202716,1,0.0858594992682716,0,4,11,0,0,0.0,0.0,2.3434379970730865,3,0.657,47.0,0.0
227,1,Travers,Everton,Bournemouth,False,5.0,0.0,2,0,0.0,0.0,0.0,0.0,0.0,0.0,,0.0,0.0,0.0,2.180264361202716,1,0.0858594992682716,0,0,0,0,0,0.0,0.0,0.0,0,0.0,,
228,1,King,Everton,Bournemouth,False,4.5,0.0,2,0,0.0,0.0,0.0,0.0,0.0,0.0,,0.0,0.0,0.0,2.180264361202716,1,0.0858594992682716,0,0,0,0,0,0.0,0.0,0.0,0,0.0,,
229,2,Tarkowski,Everton,Bournemouth,False,6.1,14.1,2,90,1.0,1.0,1.0,0.1,0.1,1.0,1.0,1.0,0.01,0.0,2.180264361202716,1,0.0858594992682716,0,9,3,1,10,0.11,0.11,3.973437997073087,12,8.027,57.0,2.0
230,2,Branthwaite,Everton,Bournemouth,False,5.5,2.3,2,90,1.0,1.0,1.0,0.09,0.09,0.0,0.0,0.0,0.01,0.0,2.180264361202716,1,0.0858594992682716,0,11,3,1,12,0.09999999999999999,0.09999999999999999,3.9134379970730864,4,0.087,42.0,1.0
231,2,Keane,Everton,Bournemouth,False,4.8,0.8,2,0,0.0,0.0,0.0,0.0,0.0,0.0,,0.0,0.0,0.0,2.180264361202716,1,0.0858594992682716,0,0,0,0,0,0.0,0.0,0.0,0,0.0,,
232,2,O'Brien,Everton,Bournemouth,False,4.9,0.3,2,0,0.0,0.0,0.0,0.0,0.0,0.0,,0.0,0.0,0.0,2.180264361202716,1,0.0858594992682716,0,0,0,0,0,0.0,0.0,0.0,0,0.0,,
233,2,Mykolenko,Everton,Bournemouth,False,4.6,4.2,2,90,0.0,0.0,0.0,0.0,0.0,0.0,,0.0,0.01,0.0,2.180264361202716,1,0.0858594992682716,0,11,7,1,12,0.01,0.01,3.3734379970730863,4,0.627,68.0,0.0
234,2,Patterson,Everton,Bournemouth,False,4.5,0.0,2,0,0.0,0.0,0.0,0.0,0.0,0.0,,0.0,0.0,0.0,2.180264361202716,1,0.0858594992682716,0,0,0,0,0,0.0,0.0,0.0,0,0.0,,
235,2,Aznou,Everton,Bournemouth,False,4.0,0.1,2,0,0.0,0.0,0.0,0.0,0.0,0.0,,0.0,0.0,0.0,2.180264361202716,1,0.0858594992682716,0,0,0,0,0,0.0,0.0,0.0,0,0.0,,
236,3,Dewsbury-Hall,Everton,Bournemouth,False,6.6,6.2,2,90,2.0,1.0,1.0,0.06,0.06,0.0,0.0,4.0,0.16,0.0,2.180264361202716,1,0.0858594992682716,0,0,7,3,10,0.22,0.22,2.8658594992682715,2,-0.866,52.0,2.0
237,3,Ndiaye,Everton,Bournemouth,False,5.8,7.3,2,90,2.0,1.0,0.0,0.02,0.02,0.0,0.0,1.0,0.07,0.0,2.180264361202716,1,0.0858594992682716,0,5,7,1,13,0.09000000000000001,0.09000000000000001,4.395859499268272,4,-0.396,54.0,1.0
238,3,Grealish,Man City,Crystal Palace,False,6.5,0.4,2,0,0.0,0.0,0.0,0.0,0.0,0.0,,0.0,0.0,0.0,0.6639268770813939,0,0.4785899066963961,1,0,0,0,0,0.0,0.0,0.0,0,0.0,,
239,3,Garner,Everton,Bournemouth,False,6.0,0.2,2,61,0.0,0.0,0.0,0.0,0.0,0.0,,0.0,0.0,0.0,2.180264361202716,1,0.0858594992682716,0,0,7,3,10,0.0,0.0,1.0858594992682717,1,-0.086,33.0,0.0
240,3,Iroegbunam,Everton,Bournemouth,False,5.0,0.0,2,4,0.0,0.0,0.0,0.0,0.0,0.0,,0.0,0.0,0.0,2.180264361202716,1,0.0858594992682716,0,0,0,0,0,0.0,0.0,1.0,1,0.0,1.0,0.0
241,3,McNeil,Crystal Palace,Man City,True,5.4,0.1,2,22,0.0,0.0,0.0,0.0,0.0,0.0,,0.0,0.0,0.0,2.215117089450359,5,0.06921110647201709,0,1,1,0,2,0.0,0.0,1.0,1,0.0,6.0,0.0
242,3,George,Everton,Bournemouth,False,5.5,1.0,2,61,2.0,1.0,0.0,0.05,0.05,0.0,0.0,1.0,0.01,0.0,2.180264361202716,1,0.0858594992682716,0,0,1,1,2,0.060000000000000005,0.060000000000000005,2.3658594992682715,2,-0.366,27.0,4.0
243,3,Alcaraz,Everton,Bournemouth,False,4.9,0.1,2,4,1.0,0.0,1.0,0.03,0.03,0.0,0.0,0.0,0.02,0.0,2.180264361202716,1,0.0858594992682716,0,0,0,0,0,0.05,0.05,0.20999999999999996,0,-0.21,5.0,3.0
244,3,Armstrong,Everton,Bournemouth,False,5.0,0.4,2,86,0.0,0.0,0.0,0.0,0.0,0.0,,1.0,0.03,0.0,2.180264361202716,1,0.0858594992682716,0,3,3,3,9,0.03,0.03,2.1758594992682716,2,-0.176,35.0,0.0
245,3,Dibling,Everton,Bournemouth,False,5.4,0.0,2,0,0.0,0.0,0.0,0.0,0.0,0.0,,0.0,0.0,0.0,2.180264361202716,1,0.0858594992682716,0,0,0,0,0,0.0,0.0,0.0,0,0.0,,
246,3,Röhl,Everton,Bournemouth,False,4.9,0.0,2,85,0.0,0.0,0.0,0.0,0.0,0.0,,0.0,0.01,0.0,2.180264361202716,1,0.0858594992682716,0,2,4,3,9,0.01,0.01,2.1158594992682715,2,-0.116,50.0,0.0
247,3,Hackney,Everton,Bournemouth,False,5.5,0.2,2,28,0.0,0.0,0.0,0.0,0.0,0.0,,0.0,0.01,0.0,2.180264361202716,1,0.0858594992682716,0,2,1,0,3,0.01,0.01,1.03,1,-0.03,22.0,1.0
248,4,Beto,Everton,Bournemouth,False,5.4,0.7,2,20,1.0,0.0,0.0,0.04,0.04,0.0,0.0,0.0,0.0,0.0,2.180264361202716,1,0.0858594992682716,0,1,0,0,1,0.04,0.04,1.16,1,-0.16,8.0,1.0
249,4,Barry,Everton,Bournemouth,False,5.6,7.9,2,69,3.0,2.0,3.0,1.48,1.48,0.0,0.0,1.0,0.0,0.0,2.180264361202716,1,0.0858594992682716,0,2,1,0,3,1.48,1.48,10.92,2,-8.92,19.0,5.0
250,1,Leno,Fulham,Sunderland,False,4.5,3.1,2,90,0.0,0.0,0.0,0.0,0.0,0.0,,0.0,0.0,0.0,2.0242508519440885,1,0.04969890102575893,0,2,8,0,0,0.0,0.0,2.1987956041030357,3,0.801,59.0,0.0
251,1,Lecomte,Fulham,Sunderland,False,4.0,1.1,2,0,0.0,0.0,0.0,0.0,0.0,0.0,,0.0,0.0,0.0,2.0242508519440885,1,0.04969890102575893,0,0,0,0,0,0.0,0.0,0.0,0,0.0,,
252,1,McNally,Fulham,Sunderland,False,4.0,0.1,2,0,0.0,0.0,0.0,0.0,0.0,0.0,,0.0,0.0,0.0,2.0242508519440885,1,0.04969890102575893,0,0,0,0,0,0.0,0.0,0.0,0,0.0,,
253,2,Andersen,Fulham,Sunderland,False,5.0,0.1,2,90,0.0,0.0,0.0,0.0,0.0,0.0,,1.0,0.04,0.0,2.0242508519440885,1,0.04969890102575893,0,8,2,0,8,0.04,0.04,0.31879560410303576,1,0.681,100.0,1.0
254,2,Robinson,Fulham,Sunderland,False,4.5,1.4,2,90,0.0,0.0,0.0,0.0,0.0,0.0,,0.0,0.02,0.0,2.0242508519440885,1,0.04969890102575893,0,0,2,3,3,0.02,0.02,1.2587956041030357,2,0.741,74.0,0.0
255,2,J.Cuenca,Fulham,Sunderland,False,4.5,0.0,2,0,0.0,0.0,0.0,0.0,0.0,0.0,,0.0,0.0,0.0,2.0242508519440885,1,0.04969890102575893,0,0,0,0,0,0.0,0.0,0.0,0,0.0,,
256,2,Tete,Fulham,Sunderland,False,4.4,0.2,2,0,0.0,0.0,0.0,0.0,0.0,0.0,,0.0,0.0,0.0,2.0242508519440885,1,0.04969890102575893,0,0,0,0,0,0.0,0.0,0.0,0,0.0,,
257,2,Bassey,Fulham,Sunderland,False,4.5,0.7,2,90,0.0,0.0,0.0,0.0,0.0,0.0,,0.0,0.01,0.0,2.0242508519440885,1,0.04969890102575893,0,6,6,1,7,0.01,0.01,1.2287956041030357,2,0.771,91.0,0.0
258,2,Castagne,Fulham,Sunderland,False,4.5,0.9,2,67,0.0,0.0,0.0,0.0,0.0,0.0,,0.0,0.0,0.0,2.0242508519440885,1,0.04969890102575893,0,1,2,1,2,0.0,0.0,2.1987956041030357,6,3.801,30.0,0.0
259,2,Diop,Ipswich,Man Utd,False,4.0,13.2,2,90,0.0,0.0,0.0,0.0,0.0,0.0,,0.0,0.0,0.0,5.145451183469592,4,0.00020088348565560802,0,12,4,0,12,0.0,0.0,2.0008035339426224,2,-0.001,56.0,0.0
260,3,Wilson,Leeds,Brentford,True,6.2,2.0,2,45,1.0,0.0,0.0,0.01,0.01,0.0,0.0,1.0,0.04,0.0,1.714782859198748,1,0.13887372126414396,0,2,3,1,6,0.05,0.05,1.17,1,-0.17,26.0,2.0
261,3,Iwobi,Fulham,Sunderland,False,5.4,0.7,2,90,1.0,0.0,0.0,0.01,0.01,0.0,0.0,2.0,0.4,0.0,2.0242508519440885,1,0.04969890102575893,0,1,2,1,4,0.41000000000000003,0.41000000000000003,3.299698901025759,2,-1.3,69.0,0.0
262,3,Smith Rowe,Fulham,Sunderland,False,5.4,0.2,2,14,1.0,0.0,1.0,0.06,0.06,0.0,0.0,2.0,0.02,0.0,2.0242508519440885,1,0.04969890102575893,0,0,1,0,1,0.08,0.08,1.36,1,-0.36,21.0,2.0
263,3,Kevin,Fulham,Sunderland,False,5.3,0.0,2,7,0.0,0.0,0.0,0.0,0.0,0.0,,0.0,0.04,0.0,2.0242508519440885,1,0.04969890102575893,0,0,0,0,0,0.04,0.04,1.12,1,-0.12,8.0,0.0
264,3,Bobb,Fulham,Sunderland,False,5.5,0.3,2,67,0.0,0.0,0.0,0.0,0.0,0.0,,1.0,0.01,0.0,2.0242508519440885,1,0.04969890102575893,0,1,2,2,5,0.01,0.01,2.079698901025759,3,0.92,38.0,3.0
265,3,Berge,Fulham,Sunderland,False,4.9,0.3,2,82,0.0,0.0,0.0,0.0,0.0,0.0,,2.0,0.2,0.0,2.0242508519440885,1,0.04969890102575893,0,0,2,0,2,0.2,0.2,2.6496989010257592,2,-0.65,59.0,1.0
266,3,Cairney,Fulham,Sunderland,False,4.9,0.0,2,0,0.0,0.0,0.0,0.0,0.0,0.0,,0.0,0.0,0.0,2.0242508519440885,1,0.04969890102575893,0,0,0,0,0,0.0,0.0,0.0,0,0.0,,
267,3,Lukić,Ipswich,Man Utd,False,5.0,0.1,2,72,1.0,0.0,0.0,0.02,0.02,0.0,0.0,1.0,0.02,0.0,5.145451183469592,4,0.00020088348565560802,0,7,1,3,11,0.04,0.04,1.1602008834856559,1,-0.16,53.0,0.0
268,3,King,Fulham,Sunderland,False,5.5,2.1,2,90,2.0,0.0,2.0,0.47,0.47,0.0,0.0,0.0,0.03,0.0,2.0242508519440885,1,0.04969890102575893,0,1,1,2,4,0.5,0.5,4.489698901025759,2,-2.49,53.0,8.0
269,2,Sessegnon,Fulham,Sunderland,False,4.4,0.3,2,22,1.0,0.0,0.0,0.02,0.02,0.0,0.0,0.0,0.12,0.0,2.0242508519440885,1,0.04969890102575893,0,0,1,1,1,0.13999999999999999,0.13999999999999999,1.48,1,-0.48,29.0,3.0
270,3,Reed,Fulham,Sunderland,False,4.4,1.2,2,0,0.0,0.0,0.0,0.0,0.0,0.0,,0.0,0.0,0.0,2.0242508519440885,1,0.04969890102575893,0,0,0,0,0,0.0,0.0,0.0,0,0.0,,
271,4,Muniz,Fulham,Sunderland,False,5.4,0.4,2,0,0.0,0.0,0.0,0.0,0.0,0.0,,0.0,0.0,0.0,2.0242508519440885,1,0.04969890102575893,0,0,0,0,0,0.0,0.0,0.0,0,0.0,,
272,4,Kusi-Asare,Fulham,Sunderland,False,4.5,5.6,2,0,0.0,0.0,0.0,0.0,0.0,0.0,,0.0,0.0,0.0,2.0242508519440885,1,0.04969890102575893,0,0,0,0,0,0.0,0.0,0.0,0,0.0,,
273,1,Phillips,Hull,Coventry,False,4.0,1.4,2,0,0.0,0.0,0.0,0.0,0.0,0.0,,0.0,0.0,0.0,1.2919564996846016,0,0.15141208673386736,1,0,0,0,0,0.0,0.0,0.0,0,0.0,,
274,1,Butland,Hull,Coventry,False,4.5,0.1,2,0,0.0,0.0,0.0,0.0,0.0,0.0,,0.0,0.0,0.0,1.2919564996846016,0,0.15141208673386736,1,0,0,0,0,0.0,0.0,0.0,0,0.0,,
275,1,Cartwright,Hull,Coventry,False,4.0,0.0,2,0,0.0,0.0,0.0,0.0,0.0,0.0,,0.0,0.0,0.0,1.2919564996846016,0,0.15141208673386736,1,0,0,0,0,0.0,0.0,0.0,0,0.0,,
276,1,Lo-Tutala,Hull,Coventry,False,4.0,0.0,2,0,0.0,0.0,0.0,0.0,0.0,0.0,,0.0,0.0,0.0,1.2919564996846016,0,0.15141208673386736,1,0,0,0,0,0.0,0.0,0.0,0,0.0,,
277,2,Egan,Hull,Coventry,False,4.1,7.1,2,90,0.0,0.0,0.0,0.0,0.0,0.0,,0.0,0.0,0.0,1.2919564996846016,0,0.15141208673386736,1,12,1,1,13,0.0,0.0,5.605648346935469,9,3.394,46.0,0.0
278,2,Hughes,Hull,Coventry,False,3.9,0.2,2,0,0.0,0.0,0.0,0.0,0.0,0.0,,0.0,0.0,0.0,1.2919564996846016,0,0.15141208673386736,1,0,0,0,0,0.0,0.0,0.0,0,0.0,,
279,2,Ajayi,Hull,Coventry,False,4.2,14.3,2,90,0.0,0.0,0.0,0.0,0.0,0.0,,0.0,0.0,0.0,1.2919564996846016,0,0.15141208673386736,1,5,5,2,7,0.0,0.0,2.605648346935469,6,3.394,37.0,0.0
280,2,Coyle,Hull,Coventry,False,4.0,0.7,2,45,0.0,0.0,0.0,0.0,0.0,0.0,,0.0,0.0,0.0,1.2919564996846016,0,0.15141208673386736,1,4,1,0,4,0.0,0.0,0.0,0,0.0,25.0,0.0
281,2,Drameh,Hull,Coventry,False,4.0,0.0,2,45,0.0,0.0,0.0,0.0,0.0,0.0,,0.0,0.0,0.0,1.2919564996846016,0,0.15141208673386736,1,3,2,0,3,0.0,0.0,1.0,1,0.0,16.0,0.0
282,2,Giles,Hull,Coventry,False,4.0,2.9,2,90,0.0,0.0,0.0,0.0,0.0,0.0,,1.0,0.07,0.0,1.2919564996846016,0,0.15141208673386736,1,1,4,1,2,0.07,0.07,2.815648346935469,6,3.184,42.0,1.0
283,2,Jacob,Hull,Coventry,False,4.0,0.0,2,0,0.0,0.0,0.0,0.0,0.0,0.0,,0.0,0.0,0.0,1.2919564996846016,0,0.15141208673386736,1,0,0,0,0,0.0,0.0,0.0,0,0.0,,
284,2,McCarthy,Hull,Coventry,False,4.0,0.1,2,0,0.0,0.0,0.0,0.0,0.0,0.0,,0.0,0.0,0.0,1.2919564996846016,0,0.15141208673386736,1,0,0,0,0,0.0,0.0,0.0,0,0.0,,
285,2,McNair,Hull,Coventry,False,4.0,0.1,2,0,0.0,0.0,0.0,0.0,0.0,0.0,,0.0,0.0,0.0,1.2919564996846016,0,0.15141208673386736,1,0,0,0,0,0.0,0.0,0.0,0,0.0,,
286,3,Belloumi,Hull,Coventry,False,5.1,4.4,2,82,1.0,0.0,1.0,0.12,0.12,0.0,0.0,1.0,0.02,1.0,1.2919564996846016,0,0.15141208673386736,1,3,5,2,10,0.13999999999999999,0.13999999999999999,2.8114120867338674,6,3.189,33.0,3.0
287,3,Millar,Hull,Coventry,False,5.0,0.0,2,31,3.0,1.0,1.0,0.58,0.58,1.0,1.0,0.0,0.0,0.0,1.2919564996846016,0,0.15141208673386736,1,1,0,0,1,0.58,0.58,3.9,6,2.1,12.0,1.0
288,3,Dowell,Hull,Coventry,False,4.5,0.3,2,0,0.0,0.0,0.0,0.0,0.0,0.0,,0.0,0.0,0.0,1.2919564996846016,0,0.15141208673386736,1,0,0,0,0,0.0,0.0,0.0,0,0.0,,
289,3,Crooks,Hull,Coventry,False,4.4,0.5,2,0,0.0,0.0,0.0,0.0,0.0,0.0,,0.0,0.0,0.0,1.2919564996846016,0,0.15141208673386736,1,0,0,0,0,0.0,0.0,0.0,0,0.0,,
290,3,Slater,Hull,Coventry,False,4.5,5.5,2,90,0.0,0.0,0.0,0.0,0.0,0.0,,0.0,0.01,0.0,1.2919564996846016,0,0.15141208673386736,1,2,4,4,10,0.01,0.01,1.181412086733867,2,0.819,43.0,1.0
291,3,Matazo,Hull,Coventry,False,4.5,0.0,2,0,0.0,0.0,0.0,0.0,0.0,0.0,,0.0,0.0,0.0,1.2919564996846016,0,0.15141208673386736,1,0,0,0,0,0.0,0.0,0.0,0,0.0,,
292,3,Ömür,Hull,Coventry,False,4.9,0.0,2,0,0.0,0.0,0.0,0.0,0.0,0.0,,0.0,0.0,0.0,1.2919564996846016,0,0.15141208673386736,1,0,0,0,0,0.0,0.0,0.0,0,0.0,,
293,3,Kamara,Hull,Coventry,False,5.0,0.0,2,0,0.0,0.0,0.0,0.0,0.0,0.0,,0.0,0.0,0.0,1.2919564996846016,0,0.15141208673386736,1,0,0,0,0,0.0,0.0,0.0,0,0.0,,
294,3,Zambrano,Hull,Coventry,False,4.5,0.1,2,0,0.0,0.0,0.0,0.0,0.0,0.0,,0.0,0.0,0.0,1.2919564996846016,0,0.15141208673386736,1,0,0,0,0,0.0,0.0,0.0,0,0.0,,
295,4,McBurnie,Hull,Coventry,False,5.5,2.0,2,90,0.0,0.0,0.0,0.0,0.0,0.0,,1.0,0.01,0.0,1.2919564996846016,0,0.15141208673386736,1,0,4,0,4,0.01,0.01,1.0299999999999998,1,-0.03,34.0,4.0
296,3,Akintola,Hull,Coventry,False,5.0,0.0,2,0,0.0,0.0,0.0,0.0,0.0,0.0,,0.0,0.0,0.0,1.2919564996846016,0,0.15141208673386736,1,0,0,0,0,0.0,0.0,0.0,0,0.0,,
297,3,Gyabi,Hull,Coventry,False,4.5,0.0,2,0,0.0,0.0,0.0,0.0,0.0,0.0,,0.0,0.0,0.0,1.2919564996846016,0,0.15141208673386736,1,0,0,0,0,0.0,0.0,0.0,0,0.0,,
298,4,Destan,Hull,Coventry,False,4.5,0.2,2,0,0.0,0.0,0.0,0.0,0.0,0.0,,0.0,0.0,0.0,1.2919564996846016,0,0.15141208673386736,1,0,0,0,0,0.0,0.0,0.0,0,0.0,,
299,4,Burstow,Hull,Coventry,False,4.5,0.0,2,0,0.0,0.0,0.0,0.0,0.0,0.0,,0.0,0.0,0.0,1.2919564996846016,0,0.15141208673386736,1,0,0,0,0,0.0,0.0,0.0,0,0.0,,
300,1,Walton,Ipswich,Man Utd,False,4.4,0.4,2,0,0.0,0.0,0.0,0.0,0.0,0.0,,0.0,0.0,0.0,5.145451183469592,4,0.00020088348565560802,0,0,0,0,0,0.0,0.0,0.0,0,0.0,,
301,1,Palmer,Ipswich,Man Utd,False,4.0,4.0,2,0,0.0,0.0,0.0,0.0,0.0,0.0,,0.0,0.0,0.0,5.145451183469592,4,0.00020088348565560802,0,0,0,0,0,0.0,0.0,0.0,0,0.0,,
302,1,Button,Ipswich,Man Utd,False,4.0,0.6,2,0,0.0,0.0,0.0,0.0,0.0,0.0,,0.0,0.0,0.0,5.145451183469592,4,0.00020088348565560802,0,0,0,0,0,0.0,0.0,0.0,0,0.0,,
303,2,Kipré,Ipswich,Man Utd,False,3.9,0.9,2,0,0.0,0.0,0.0,0.0,0.0,0.0,,0.0,0.0,0.0,5.145451183469592,4,0.00020088348565560802,0,0,0,0,0,0.0,0.0,0.0,0,0.0,,
304,2,O'Shea,Ipswich,Man Utd,False,4.0,2.8,2,90,1.0,0.0,1.0,0.07,0.07,0.0,0.0,0.0,0.01,0.0,5.145451183469592,4,0.00020088348565560802,0,1,2,0,1,0.08,0.08,0.4508035339426225,0,-0.451,50.0,2.0
305,2,Davis,Ipswich,Man Utd,False,4.0,6.8,2,90,2.0,2.0,2.0,0.54,0.54,1.0,1.0,1.0,0.12,0.0,5.145451183469592,4,0.00020088348565560802,0,4,1,0,4,0.66,0.66,3.6008035339426225,6,2.399,42.0,2.0
306,2,Greaves,Ipswich,Man Utd,False,4.0,1.1,2,90,0.0,0.0,1.0,0.0,0.0,0.0,0.0,0.0,0.01,0.0,5.145451183469592,4,0.00020088348565560802,0,9,4,1,10,0.01,0.01,1.0308035339426225,-1,-2.031,63.0,0.0
307,2,Johnson,Ipswich,Man Utd,False,4.0,0.1,2,0,0.0,0.0,0.0,0.0,0.0,0.0,,0.0,0.0,0.0,5.145451183469592,4,0.00020088348565560802,0,0,0,0,0,0.0,0.0,0.0,0,0.0,,
308,2,Furlong,Ipswich,Man Utd,False,3.9,0.6,2,17,0.0,0.0,0.0,0.0,0.0,0.0,,0.0,0.0,0.0,5.145451183469592,4,0.00020088348565560802,0,2,0,1,3,0.0,0.0,1.0,1,0.0,19.0,0.0
309,3,Núñez,Ipswich,Man Utd,False,4.9,0.1,2,61,0.0,0.0,0.0,0.0,0.0,0.0,,1.0,0.02,0.0,5.145451183469592,4,0.00020088348565560802,0,4,4,1,9,0.02,0.02,2.0602008834856558,2,-0.06,37.0,1.0
310,3,Matusiwa,Ipswich,Man Utd,False,4.9,0.0,2,0,0.0,0.0,0.0,0.0,0.0,0.0,,0.0,0.0,0.0,5.145451183469592,4,0.00020088348565560802,0,0,0,0,0,0.0,0.0,0.0,0,0.0,,
311,3,Burns,Ipswich,Man Utd,False,5.0,0.0,2,0,0.0,0.0,0.0,0.0,0.0,0.0,,0.0,0.0,0.0,5.145451183469592,4,0.00020088348565560802,0,0,0,0,0,0.0,0.0,0.0,0,0.0,,
312,3,Taylor,Ipswich,Man Utd,False,4.5,0.0,2,0,0.0,0.0,0.0,0.0,0.0,0.0,,0.0,0.0,0.0,5.145451183469592,4,0.00020088348565560802,0,0,0,0,0,0.0,0.0,0.0,0,0.0,,
313,3,Clarke,Ipswich,Man Utd,False,5.4,0.2,2,0,0.0,0.0,0.0,0.0,0.0,0.0,,0.0,0.0,0.0,5.145451183469592,4,0.00020088348565560802,0,0,0,0,0,0.0,0.0,0.0,0,0.0,,
314,3,Ogbene,Ipswich,Man Utd,False,4.9,0.0,2,0,0.0,0.0,0.0,0.0,0.0,0.0,,0.0,0.0,0.0,5.145451183469592,4,0.00020088348565560802,0,0,0,0,0,0.0,0.0,0.0,0,0.0,,
315,3,Fatawu,Ipswich,Man Utd,False,5.4,0.2,2,82,0.0,0.0,0.0,0.0,0.0,0.0,,3.0,0.22,1.0,5.145451183469592,4,0.00020088348565560802,0,1,2,1,4,0.22,0.22,1.6602008834856559,4,2.34,38.0,1.0
316,4,Emersonn,Ipswich,Man Utd,False,5.5,3.3,2,45,0.0,0.0,0.0,0.0,0.0,0.0,,1.0,0.0,0.0,5.145451183469592,4,0.00020088348565560802,0,1,0,0,1,0.0,0.0,1.0,1,0.0,10.0,1.0
317,4,Hirst,Ipswich,Man Utd,False,5.0,0.1,2,0,0.0,0.0,0.0,0.0,0.0,0.0,,0.0,0.0,0.0,5.145451183469592,4,0.00020088348565560802,0,0,0,0,0,0.0,0.0,0.0,0,0.0,,
318,3,Philogene,Ipswich,Man Utd,False,5.4,0.1,2,0,0.0,0.0,0.0,0.0,0.0,0.0,,0.0,0.0,0.0,5.145451183469592,4,0.00020088348565560802,0,0,0,0,0,0.0,0.0,0.0,0,0.0,,
319,3,Szmodics,Ipswich,Man Utd,False,5.0,0.0,2,0,0.0,0.0,0.0,0.0,0.0,0.0,,0.0,0.0,0.0,5.145451183469592,4,0.00020088348565560802,0,0,0,0,0,0.0,0.0,0.0,0,0.0,,
320,4,Akpom,Ipswich,Man Utd,False,5.0,1.2,2,45,1.0,1.0,1.0,0.97,0.97,1.0,1.0,0.0,0.0,0.0,5.145451183469592,4,0.00020088348565560802,0,0,0,0,0,0.97,0.97,4.88,5,0.12,12.0,1.0
321,4,Walle Egeli,Ipswich,Man Utd,False,4.5,3.6,2,0,0.0,0.0,0.0,0.0,0.0,0.0,,0.0,0.0,0.0,5.145451183469592,4,0.00020088348565560802,0,0,0,0,0,0.0,0.0,0.0,0,0.0,,
322,4,Al-Hamadi,Ipswich,Man Utd,False,5.0,0.1,2,0,0.0,0.0,0.0,0.0,0.0,0.0,,0.0,0.0,0.0,5.145451183469592,4,0.00020088348565560802,0,0,0,0,0,0.0,0.0,0.0,0,0.0,,
323,3,McAteer,Ipswich,Man Utd,False,4.5,1.1,2,7,0.0,0.0,0.0,0.0,0.0,0.0,,0.0,0.0,0.0,5.145451183469592,4,0.00020088348565560802,0,0,1,0,1,0.0,0.0,1.0,1,0.0,6.0,0.0
324,3,Mehmeti,Ipswich,Man Utd,False,4.9,0.0,2,0,0.0,0.0,0.0,0.0,0.0,0.0,,0.0,0.0,0.0,5.145451183469592,4,0.00020088348565560802,0,0,0,0,0,0.0,0.0,0.0,0,0.0,,
325,1,Darlow,Man Utd,Ipswich,True,4.5,0.0,2,0,0.0,0.0,0.0,0.0,0.0,0.0,,0.0,0.0,0.0,2.060829453170299,3,0.009790034765452073,0,0,0,0,0,0.0,0.0,0.0,0,0.0,,
326,1,Perri,Leeds,Brentford,True,4.5,0.3,2,0,0.0,0.0,0.0,0.0,0.0,0.0,,0.0,0.0,0.0,1.714782859198748,1,0.13887372126414396,0,0,0,0,0,0.0,0.0,0.0,0,0.0,,
327,2,Bijol,Leeds,Brentford,True,5.0,0.7,2,45,0.0,0.0,0.0,0.0,0.0,0.0,,0.0,0.0,0.0,1.714782859198748,1,0.13887372126414396,0,5,2,0,5,0.0,0.0,1.0,1,0.0,26.0,0.0
328,2,Struijk,Brighton,Chelsea,False,4.9,0.2,2,0,0.0,0.0,0.0,0.0,0.0,0.0,,0.0,0.0,0.0,3.03403059951961,5,0.021281541142787207,0,0,0,0,0,0.0,0.0,0.0,0,0.0,,
329,2,Rodon,Leeds,Brentford,True,4.3,0.8,2,33,0.0,0.0,0.0,0.0,0.0,0.0,,0.0,0.0,0.0,1.714782859198748,1,0.13887372126414396,0,4,1,0,4,0.0,0.0,1.0,1,0.0,18.0,1.0
330,2,Bogle,Leeds,Brentford,True,4.6,5.9,2,67,0.0,0.0,0.0,0.0,0.0,0.0,,1.0,0.01,0.0,1.714782859198748,1,0.13887372126414396,0,5,5,2,7,0.01,0.01,2.5854948850565758,2,-0.585,47.0,2.0
331,2,Gudmundsson,Leeds,Brentford,True,4.5,0.1,2,0,0.0,0.0,0.0,0.0,0.0,0.0,,0.0,0.0,0.0,1.714782859198748,1,0.13887372126414396,0,0,0,0,0,0.0,0.0,0.0,0,0.0,,
332,2,Justin,Leeds,Brentford,True,4.5,1.5,2,90,1.0,1.0,0.0,0.03,0.03,0.0,0.0,1.0,0.01,0.0,1.714782859198748,1,0.13887372126414396,0,6,3,2,8,0.04,0.04,2.765494885056576,2,-0.765,51.0,1.0
333,2,Bornauw,Leeds,Brentford,True,4.5,0.0,2,0,0.0,0.0,0.0,0.0,0.0,0.0,,0.0,0.0,0.0,1.714782859198748,1,0.13887372126414396,0,0,0,0,0,0.0,0.0,0.0,0,0.0,,
334,2,Muharemović,Leeds,Brentford,True,5.0,4.3,2,90,0.0,0.0,0.0,0.0,0.0,0.0,,0.0,0.01,0.0,1.714782859198748,1,0.13887372126414396,0,17,3,2,19,0.01,0.01,4.585494885056576,4,-0.585,79.0,1.0
335,3,Stach,Leeds,Brentford,True,6.0,2.6,2,90,1.0,0.0,0.0,0.07,0.07,0.0,0.0,1.0,0.01,0.0,1.714782859198748,1,0.13887372126414396,0,8,4,4,16,0.08,0.08,4.518873721264144,4,-0.519,65.0,1.0
336,3,Okafor,Leeds,Brentford,True,5.8,0.4,2,68,2.0,0.0,2.0,0.08,0.08,0.0,0.0,0.0,0.01,0.0,1.714782859198748,1,0.13887372126414396,0,1,0,1,2,0.09,0.09,2.5688737212641435,2,-0.569,28.0,2.0
337,3,Aaronson,Leeds,Brentford,True,5.4,0.5,2,45,0.0,0.0,0.0,0.0,0.0,0.0,,0.0,0.01,0.0,1.714782859198748,1,0.13887372126414396,0,1,1,1,3,0.01,0.01,1.03,1,-0.03,13.0,0.0
338,3,Ampadu,Leeds,Brentford,True,5.4,0.9,2,90,1.0,0.0,0.0,0.01,0.01,0.0,0.0,1.0,0.09,0.0,1.714782859198748,1,0.13887372126414396,0,5,3,2,10,0.09999999999999999,0.09999999999999999,2.4588737212641436,2,-0.459,58.0,0.0
339,3,Longstaff,Leeds,Brentford,True,4.9,0.1,2,0,0.0,0.0,0.0,0.0,0.0,0.0,,0.0,0.0,0.0,1.714782859198748,1,0.13887372126414396,0,0,0,0,0,0.0,0.0,0.0,0,0.0,,
340,3,Gelhardt,Hull,Coventry,False,5.0,0.0,2,0,0.0,0.0,0.0,0.0,0.0,0.0,,0.0,0.0,0.0,1.2919564996846016,0,0.15141208673386736,1,0,0,0,0,0.0,0.0,0.0,0,0.0,,
341,3,Gnonto,Leeds,Brentford,True,5.0,0.0,2,0,0.0,0.0,0.0,0.0,0.0,0.0,,0.0,0.0,0.0,1.714782859198748,1,0.13887372126414396,0,0,0,0,0,0.0,0.0,0.0,0,0.0,,
342,3,Harrison,Leeds,Brentford,True,5.0,0.0,2,0,0.0,0.0,0.0,0.0,0.0,0.0,,0.0,0.0,0.0,1.714782859198748,1,0.13887372126414396,0,0,0,0,0,0.0,0.0,0.0,0,0.0,,
343,3,James,Leeds,Brentford,True,4.9,0.1,2,22,4.0,0.0,2.0,0.24,0.24,0.0,0.0,0.0,0.01,0.0,1.714782859198748,1,0.13887372126414396,0,0,2,0,2,0.25,0.25,2.23,1,-1.23,16.0,2.0
344,3,Gruev,Leeds,Brentford,True,5.0,0.0,2,0,0.0,0.0,0.0,0.0,0.0,0.0,,0.0,0.0,0.0,1.714782859198748,1,0.13887372126414396,0,0,0,0,0,0.0,0.0,0.0,0,0.0,,
345,3,Tanaka,Leeds,Brentford,True,4.9,0.3,2,45,0.0,0.0,0.0,0.0,0.0,0.0,,0.0,0.01,0.0,1.714782859198748,1,0.13887372126414396,0,5,3,3,11,0.01,0.01,1.03,1,-0.03,37.0,0.0
346,4,Calvert-Lewin,Leeds,Brentford,True,6.0,25.7,2,90,1.0,1.0,1.0,0.92,0.92,1.0,1.0,0.0,0.02,0.0,1.714782859198748,1,0.13887372126414396,0,3,1,0,4,0.9400000000000001,0.9400000000000001,8.739999999999998,8,-0.74,24.0,2.0
347,4,Nmecha,Leeds,Brentford,True,5.4,0.5,2,21,1.0,0.0,1.0,0.1,0.1,0.0,0.0,2.0,0.0,1.0,1.714782859198748,1,0.13887372126414396,0,0,1,0,1,0.1,0.1,1.4,4,2.6,9.0,2.0
348,4,Piroe,Leeds,Brentford,True,5.0,0.1,2,0,0.0,0.0,0.0,0.0,0.0,0.0,,0.0,0.0,0.0,1.714782859198748,1,0.13887372126414396,0,0,0,0,0,0.0,0.0,0.0,0,0.0,,
349,4,Mateo Joseph,Leeds,Brentford,True,4.5,0.1,2,0,0.0,0.0,0.0,0.0,0.0,0.0,,0.0,0.0,0.0,1.714782859198748,1,0.13887372126414396,0,0,0,0,0,0.0,0.0,0.0,0,0.0,,
350,1,A.Becker,Liverpool,Nott'm Forest,True,5.5,3.9,2,90,0.0,0.0,0.0,0.0,0.0,0.0,,0.0,0.0,0.0,2.30147557336986,2,0.03443599474690991,0,2,4,0,0,0.0,0.0,0.1377439789876398,0,-0.138,34.0,0.0
351,1,Mamardashvili,Liverpool,Nott'm Forest,True,4.9,0.1,2,0,0.0,0.0,0.0,0.0,0.0,0.0,,0.0,0.0,0.0,2.30147557336986,2,0.03443599474690991,0,0,0,0,0,0.0,0.0,0.0,0,0.0,,
352,1,Woodman,Liverpool,Nott'm Forest,True,4.0,1.0,2,0,0.0,0.0,0.0,0.0,0.0,0.0,,0.0,0.0,0.0,2.30147557336986,2,0.03443599474690991,0,0,0,0,0,0.0,0.0,0.0,0,0.0,,
353,1,Pecsi,Liverpool,Nott'm Forest,True,4.0,0.0,2,0,0.0,0.0,0.0,0.0,0.0,0.0,,0.0,0.0,0.0,2.30147557336986,2,0.03443599474690991,0,0,0,0,0,0.0,0.0,0.0,0,0.0,,
354,1,Jaros,Liverpool,Nott'm Forest,True,4.0,0.0,2,0,0.0,0.0,0.0,0.0,0.0,0.0,,0.0,0.0,0.0,2.30147557336986,2,0.03443599474690991,0,0,0,0,0,0.0,0.0,0.0,0,0.0,,
355,1,Davies,Liverpool,Nott'm Forest,True,4.0,0.2,2,0,0.0,0.0,0.0,0.0,0.0,0.0,,0.0,0.0,0.0,2.30147557336986,2,0.03443599474690991,0,0,0,0,0,0.0,0.0,0.0,0,0.0,,
356,2,Virgil,Liverpool,Nott'm Forest,True,6.5,16.4,2,90,0.0,0.0,0.0,0.0,0.0,0.0,,0.0,0.03,0.0,2.30147557336986,2,0.03443599474690991,0,7,5,0,7,0.03,0.03,1.2277439789876399,1,-0.228,124.0,1.0
357,2,Frimpong,Liverpool,Nott'm Forest,True,5.3,1.9,2,70,0.0,0.0,0.0,0.0,0.0,0.0,,1.0,0.02,0.0,2.30147557336986,2,0.03443599474690991,0,4,3,2,6,0.02,0.02,2.19774397898764,1,-1.198,64.0,2.0
358,2,Kerkez,Liverpool,Nott'm Forest,True,5.4,2.3,2,70,0.0,0.0,0.0,0.0,0.0,0.0,,1.0,0.01,0.0,2.30147557336986,2,0.03443599474690991,0,7,4,1,8,0.01,0.01,2.1677439789876396,1,-1.168,55.0,0.0
359,2,Gomez,Liverpool,Nott'm Forest,True,4.9,0.0,2,0,0.0,0.0,0.0,0.0,0.0,0.0,,0.0,0.0,0.0,2.30147557336986,2,0.03443599474690991,0,0,0,0,0,0.0,0.0,0.0,0,0.0,,
360,2,Bradley,Liverpool,Nott'm Forest,True,5.0,0.0,2,0,0.0,0.0,0.0,0.0,0.0,0.0,,0.0,0.0,0.0,2.30147557336986,2,0.03443599474690991,0,0,0,0,0,0.0,0.0,0.0,0,0.0,,
361,2,Lucky,Liverpool,Nott'm Forest,True,4.0,0.1,2,0,0.0,0.0,0.0,0.0,0.0,0.0,,0.0,0.0,0.0,2.30147557336986,2,0.03443599474690991,0,0,0,0,0,0.0,0.0,0.0,0,0.0,,
362,2,Jacquet,Liverpool,Nott'm Forest,True,5.0,3.3,2,76,0.0,0.0,0.0,0.0,0.0,0.0,,1.0,0.05,0.0,2.30147557336986,2,0.03443599474690991,0,8,4,3,11,0.05,0.05,4.28774397898764,3,-1.288,110.0,1.0
363,2,Leoni,Liverpool,Nott'm Forest,True,4.0,0.0,2,0,0.0,0.0,0.0,0.0,0.0,0.0,,0.0,0.0,0.0,2.30147557336986,2,0.03443599474690991,0,0,0,0,0,0.0,0.0,0.0,0,0.0,,
364,2,Tsimikas,Liverpool,Nott'm Forest,True,4.9,0.1,2,19,1.0,1.0,0.0,0.04,0.04,0.0,0.0,0.0,0.01,0.0,2.30147557336986,2,0.03443599474690991,0,0,0,0,0,0.05,0.05,1.27,1,-0.27,20.0,1.0
365,2,Ramsay,Liverpool,Nott'm Forest,True,4.0,0.1,2,0,0.0,0.0,0.0,0.0,0.0,0.0,,0.0,0.0,0.0,2.30147557336986,2,0.03443599474690991,0,0,0,0,0,0.0,0.0,0.0,0,0.0,,
366,3,Wirtz,Liverpool,Nott'm Forest,True,7.3,6.1,2,90,2.0,1.0,2.0,0.23,0.23,0.0,0.0,1.0,0.2,1.0,2.30147557336986,2,0.03443599474690991,0,0,7,3,10,0.43000000000000005,0.43000000000000005,2.7844359947469104,4,1.216,72.0,2.0
367,3,Gakpo,Liverpool,Nott'm Forest,True,7.2,12.8,2,70,0.0,0.0,0.0,0.0,0.0,0.0,,2.0,0.65,1.0,2.30147557336986,2,0.03443599474690991,0,1,2,0,3,0.65,0.65,3.98443599474691,5,1.016,40.0,3.0
368,3,Szoboszlai,Liverpool,Nott'm Forest,True,7.0,34.5,2,90,3.0,0.0,0.0,0.16,0.16,0.0,0.0,2.0,0.17,0.0,2.30147557336986,2,0.03443599474690991,0,3,7,3,13,0.33,0.33,5.34443599474691,4,-1.344,117.0,0.0
369,3,Ngumoha,Liverpool,Nott'm Forest,True,5.7,0.5,2,19,0.0,0.0,0.0,0.0,0.0,0.0,,0.0,0.03,0.0,2.30147557336986,2,0.03443599474690991,0,0,0,0,0,0.03,0.03,1.09,1,-0.09,18.0,1.0
370,3,Chiesa,Liverpool,Nott'm Forest,True,5.3,0.0,2,0,0.0,0.0,0.0,0.0,0.0,0.0,,0.0,0.0,0.0,2.30147557336986,2,0.03443599474690991,0,0,0,0,0,0.0,0.0,0.0,0,0.0,,
371,3,Gravenberch,Liverpool,Nott'm Forest,True,5.8,1.2,2,19,0.0,0.0,0.0,0.0,0.0,0.0,,1.0,0.01,0.0,2.30147557336986,2,0.03443599474690991,0,0,0,1,1,0.01,0.01,1.03,1,-0.03,17.0,0.0
372,3,Mac Allister,Liverpool,Nott'm Forest,True,5.4,1.3,2,76,0.0,0.0,0.0,0.0,0.0,0.0,,0.0,0.39,0.0,2.30147557336986,2,0.03443599474690991,0,2,5,3,10,0.39,0.39,3.20443599474691,2,-1.204,71.0,0.0
373,3,C.Jones,Liverpool,Nott'm Forest,True,5.5,0.0,2,0,0.0,0.0,0.0,0.0,0.0,0.0,,0.0,0.0,0.0,2.30147557336986,2,0.03443599474690991,0,0,0,0,0,0.0,0.0,0.0,0,0.0,,
374,3,Endo,Liverpool,Nott'm Forest,True,4.9,0.1,2,0,0.0,0.0,0.0,0.0,0.0,0.0,,0.0,0.0,0.0,2.30147557336986,2,0.03443599474690991,0,0,0,0,0,0.0,0.0,0.0,0,0.0,,
375,3,Nyoni,Liverpool,Nott'm Forest,True,4.9,0.0,2,13,0.0,0.0,0.0,0.0,0.0,0.0,,0.0,0.0,0.0,2.30147557336986,2,0.03443599474690991,0,1,2,2,5,0.0,0.0,1.0,1,0.0,23.0,0.0
376,3,Bajcetic,Liverpool,Nott'm Forest,True,5.0,0.0,2,0,0.0,0.0,0.0,0.0,0.0,0.0,,0.0,0.0,0.0,2.30147557336986,2,0.03443599474690991,0,0,0,0,0,0.0,0.0,0.0,0,0.0,,
377,3,Munoz,Liverpool,Nott'm Forest,True,6.5,1.0,2,90,4.0,1.0,3.0,0.32,0.32,1.0,1.0,1.0,0.19,0.0,2.30147557336986,2,0.03443599474690991,0,4,1,2,7,0.51,0.51,3.20443599474691,6,2.796,56.0,4.0
378,3,McConnell,Liverpool,Nott'm Forest,True,4.4,0.2,2,0,0.0,0.0,0.0,0.0,0.0,0.0,,0.0,0.0,0.0,2.30147557336986,2,0.03443599474690991,0,0,0,0,0,0.0,0.0,0.0,0,0.0,,
379,4,Isak,Liverpool,Nott'm Forest,True,9.1,21.9,2,90,3.0,1.0,3.0,0.99,0.99,1.0,1.0,1.0,0.0,0.0,2.30147557336986,2,0.03443599474690991,0,0,0,1,1,0.99,0.99,7.96,8,0.04,14.0,6.0
380,4,Ekitiké,Liverpool,Nott'm Forest,True,7.4,0.1,2,0,0.0,0.0,0.0,0.0,0.0,0.0,,0.0,0.0,0.0,2.30147557336986,2,0.03443599474690991,0,0,0,0,0,0.0,0.0,0.0,0,0.0,,
381,3,Koumas,Liverpool,Nott'm Forest,True,5.0,0.0,2,0,0.0,0.0,0.0,0.0,0.0,0.0,,0.0,0.0,0.0,2.30147557336986,2,0.03443599474690991,0,0,0,0,0,0.0,0.0,0.0,0,0.0,,
382,4,Danns,Liverpool,Nott'm Forest,True,4.5,0.2,2,0,0.0,0.0,0.0,0.0,0.0,0.0,,0.0,0.0,0.0,2.30147557336986,2,0.03443599474690991,0,0,0,0,0,0.0,0.0,0.0,0,0.0,,
383,3,Elliott,Liverpool,Nott'm Forest,True,5.4,0.0,2,0,0.0,0.0,0.0,0.0,0.0,0.0,,0.0,0.0,0.0,2.30147557336986,2,0.03443599474690991,0,0,0,0,0,0.0,0.0,0.0,0,0.0,,
384,1,Donnarumma,Man City,Crystal Palace,False,5.5,7.8,2,90,0.0,0.0,1.0,0.0,0.0,0.0,0.0,0.0,0.0,0.0,0.6639268770813939,0,0.4785899066963961,1,0,8,0,0,0.0,0.0,3.9143596267855845,0,-3.914,43.0,0.0
385,1,Trafford,Leeds,Brentford,True,5.0,5.4,2,90,0.0,0.0,0.0,0.0,0.0,0.0,,0.0,0.0,0.0,1.714782859198748,1,0.13887372126414396,0,0,11,0,0,0.0,0.0,3.555494885056576,3,-0.555,55.0,0.0
386,1,Bettinelli,Man City,Crystal Palace,False,4.5,0.0,2,0,0.0,0.0,0.0,0.0,0.0,0.0,,0.0,0.0,0.0,0.6639268770813939,0,0.4785899066963961,1,0,0,0,0,0.0,0.0,0.0,0,0.0,,
387,2,O'Reilly,Man City,Crystal Palace,False,6.4,11.5,2,88,1.0,0.0,0.0,0.02,0.02,0.0,0.0,0.0,0.02,0.0,0.6639268770813939,0,0.4785899066963961,1,0,2,1,1,0.04,0.04,4.094359626785584,2,-2.094,70.0,2.0
388,2,Guéhi,Man City,Crystal Palace,False,6.0,18.6,2,90,0.0,0.0,0.0,0.0,0.0,0.0,,1.0,0.04,0.0,0.6639268770813939,0,0.4785899066963961,1,5,4,0,5,0.04,0.04,4.034359626785585,2,-2.034,124.0,0.0
389,2,Matheus N.,Man City,Crystal Palace,False,5.9,1.0,2,0,0.0,0.0,0.0,0.0,0.0,0.0,,0.0,0.0,0.0,0.6639268770813939,0,0.4785899066963961,1,0,0,0,0,0.0,0.0,0.0,0,0.0,,
390,2,Rúben,Man City,Crystal Palace,False,5.5,1.9,2,90,1.0,1.0,1.0,0.09,0.09,0.0,0.0,2.0,0.57,0.0,0.6639268770813939,0,0.4785899066963961,1,5,6,1,6,0.6599999999999999,0.6599999999999999,8.164359626785584,2,-6.164,118.0,2.0
391,2,Gvardiol,Man City,Crystal Palace,False,5.7,25.9,2,74,0.0,0.0,0.0,0.0,0.0,0.0,,2.0,0.04,1.0,0.6639268770813939,0,0.4785899066963961,1,1,0,1,2,0.04,0.04,4.034359626785585,5,0.966,64.0,1.0
392,2,Aït-Nouri,Man City,Crystal Palace,False,5.3,0.4,2,0,0.0,0.0,0.0,0.0,0.0,0.0,,0.0,0.0,0.0,0.6639268770813939,0,0.4785899066963961,1,0,0,0,0,0.0,0.0,0.0,0,0.0,,
393,2,Khusanov,Man City,Crystal Palace,False,5.4,1.4,2,88,0.0,0.0,0.0,0.0,0.0,0.0,,0.0,0.02,0.0,0.6639268770813939,0,0.4785899066963961,1,3,3,4,7,0.02,0.02,3.9743596267855845,2,-1.974,106.0,2.0
394,2,Alleyne,Man City,Crystal Palace,False,5.0,0.0,2,0,0.0,0.0,0.0,0.0,0.0,0.0,,0.0,0.0,0.0,0.6639268770813939,0,0.4785899066963961,1,0,0,0,0,0.0,0.0,0.0,0,0.0,,
395,2,Lewis,Man City,Crystal Palace,False,4.4,0.2,2,0,0.0,0.0,0.0,0.0,0.0,0.0,,0.0,0.0,0.0,0.6639268770813939,0,0.4785899066963961,1,0,0,0,0,0.0,0.0,0.0,0,0.0,,
396,2,Vitor Reis,Man City,Crystal Palace,False,4.5,0.0,2,1,0.0,0.0,0.0,0.0,0.0,0.0,,0.0,0.0,0.0,0.6639268770813939,0,0.4785899066963961,1,0,0,0,0,0.0,0.0,1.0,1,0.0,15.0,0.0
397,3,Semenyo,Man City,Crystal Palace,False,8.4,14.7,2,90,2.0,1.0,2.0,0.06,0.06,0.0,0.0,3.0,0.57,1.0,0.6639268770813939,0,0.4785899066963961,1,0,2,1,3,0.6299999999999999,0.6299999999999999,4.4885899066963955,5,0.511,68.0,11.0
398,3,Foden,Man City,Crystal Palace,False,6.9,2.0,2,90,3.0,0.0,2.0,0.87,0.87,0.0,0.0,3.0,0.45,2.0,0.6639268770813939,0,0.4785899066963961,1,2,4,1,7,1.32,1.32,11.178589906696395,9,-2.179,70.0,4.0
399,3,Cherki,Man City,Crystal Palace,False,7.8,28.0,2,81,3.0,3.0,2.0,0.35,0.35,2.0,2.0,3.0,0.55,0.0,0.6639268770813939,0,0.4785899066963961,1,0,3,0,3,0.9,0.9,5.878589906696396,14,8.121,84.0,6.0
400,3,Doku,Man City,Crystal Palace,False,7.4,0.7,2,0,0.0,0.0,0.0,0.0,0.0,0.0,,0.0,0.0,0.0,0.6639268770813939,0,0.4785899066963961,1,0,0,0,0,0.0,0.0,0.0,0,0.0,,
401,4,Marmoush,Spurs,Newcastle,True,7.0,2.2,2,90,3.0,1.0,2.0,0.17,0.17,0.0,0.0,3.0,0.07,0.0,0.7234829813241954,2,0.4601469183215041,0,0,3,1,4,0.24000000000000002,0.24000000000000002,2.89,2,-0.89,37.0,4.0
402,3,Rodrigo,Man City,Crystal Palace,False,6.5,0.0,2,0,0.0,0.0,0.0,0.0,0.0,0.0,,0.0,0.0,0.0,0.6639268770813939,0,0.4785899066963961,1,0,0,0,0,0.0,0.0,0.0,0,0.0,,
403,3,Sávio,Spurs,Newcastle,True,6.5,0.7,2,0,0.0,0.0,0.0,0.0,0.0,0.0,,0.0,0.0,0.0,0.7234829813241954,2,0.4601469183215041,0,0,0,0,0,0.0,0.0,0.0,0,0.0,,
404,3,Reijnders,Man City,Crystal Palace,False,6.0,0.0,2,0,0.0,0.0,0.0,0.0,0.0,0.0,,0.0,0.0,0.0,0.6639268770813939,0,0.4785899066963961,1,0,0,0,0,0.0,0.0,0.0,0,0.0,,
405,3,N.Gonzalez,Newcastle,Spurs,False,5.5,0.2,2,70,0.0,0.0,0.0,0.0,0.0,0.0,,2.0,0.2,0.0,1.1190587142482395,0,0.2977934494481549,1,2,2,0,4,0.2,0.2,1.8977934494481548,2,0.102,58.0,0.0
406,3,Kovačić,Man City,Crystal Palace,False,5.4,0.1,2,15,0.0,0.0,0.0,0.0,0.0,0.0,,0.0,0.01,0.0,0.6639268770813939,0,0.4785899066963961,1,0,0,0,0,0.01,0.01,1.03,1,-0.03,34.0,0.0
407,3,Echeverri,Man City,Crystal Palace,False,4.9,0.0,2,0,0.0,0.0,0.0,0.0,0.0,0.0,,0.0,0.0,0.0,0.6639268770813939,0,0.4785899066963961,1,0,0,0,0,0.0,0.0,0.0,0,0.0,,
408,3,Phillips,Man City,Crystal Palace,False,5.0,0.0,2,0,0.0,0.0,0.0,0.0,0.0,0.0,,0.0,0.0,0.0,0.6639268770813939,0,0.4785899066963961,1,0,0,0,0,0.0,0.0,0.0,0,0.0,,
409,3,Mukasa,Man City,Crystal Palace,False,4.5,0.1,2,0,0.0,0.0,0.0,0.0,0.0,0.0,,0.0,0.0,0.0,0.6639268770813939,0,0.4785899066963961,1,0,0,0,0,0.0,0.0,0.0,0,0.0,,
410,3,Monga,Man City,Crystal Palace,False,4.9,0.0,2,0,0.0,0.0,0.0,0.0,0.0,0.0,,0.0,0.0,0.0,0.6639268770813939,0,0.4785899066963961,1,0,0,0,0,0.0,0.0,0.0,0,0.0,,
411,4,Haaland,Man City,Crystal Palace,False,15.6,73.3,2,90,5.0,3.0,5.0,0.66,0.66,2.0,2.0,0.0,0.0,0.0,0.6639268770813939,0,0.4785899066963961,1,3,2,0,5,0.66,0.66,4.640000000000001,13,8.36,19.0,6.0
412,1,Lammens,Man Utd,Ipswich,True,4.9,10.3,2,90,0.0,0.0,0.0,0.0,0.0,0.0,,0.0,0.0,0.0,2.060829453170299,3,0.009790034765452073,0,1,6,0,0,0.0,0.0,2.039160139061808,2,-0.039,28.0,0.0
413,1,Bayindir,Man Utd,Ipswich,True,4.5,0.0,2,0,0.0,0.0,0.0,0.0,0.0,0.0,,0.0,0.0,0.0,2.060829453170299,3,0.009790034765452073,0,0,0,0,0,0.0,0.0,0.0,0,0.0,,
414,1,Heaton,Man Utd,Ipswich,True,4.0,0.1,2,0,0.0,0.0,0.0,0.0,0.0,0.0,,0.0,0.0,0.0,2.060829453170299,3,0.009790034765452073,0,0,0,0,0,0.0,0.0,0.0,0,0.0,,
415,3,Dorgu,Man Utd,Ipswich,True,5.8,0.5,2,10,2.0,1.0,2.0,0.18,0.18,0.0,0.0,1.0,0.01,0.0,2.060829453170299,3,0.009790034765452073,0,1,0,1,2,0.19,0.19,1.93,1,-0.93,13.0,3.0
416,2,De Ligt,Man Utd,Ipswich,True,5.0,0.0,2,0,0.0,0.0,0.0,0.0,0.0,0.0,,0.0,0.0,0.0,2.060829453170299,3,0.009790034765452073,0,0,0,0,0,0.0,0.0,0.0,0,0.0,,
417,2,Dalot,Man Utd,Ipswich,True,4.9,1.7,2,73,4.0,1.0,3.0,0.15,0.15,0.0,0.0,3.0,0.12,0.0,2.060829453170299,3,0.009790034765452073,0,4,1,0,4,0.27,0.27,3.299160139061808,2,-1.299,53.0,6.0
418,2,Maguire,Man Utd,Ipswich,True,4.9,9.2,2,90,1.0,0.0,1.0,0.03,0.03,0.0,0.0,0.0,0.01,0.0,2.060829453170299,3,0.009790034765452073,0,4,4,1,5,0.04,0.04,1.2491601390618081,4,2.751,53.0,2.0
419,2,Martinez,Man Utd,Ipswich,True,5.0,1.3,2,90,1.0,0.0,0.0,0.03,0.03,0.0,0.0,0.0,0.06,0.0,2.060829453170299,3,0.009790034765452073,0,0,6,0,0,0.09,0.09,1.399160139061808,1,-0.399,96.0,1.0
420,2,Yoro,Man Utd,Ipswich,True,4.8,0.5,2,16,0.0,0.0,0.0,0.0,0.0,0.0,,0.0,0.01,0.0,2.060829453170299,3,0.009790034765452073,0,2,1,0,2,0.01,0.01,1.03,1,-0.03,21.0,0.0
421,2,Heaven,Man Utd,Ipswich,True,4.4,0.3,2,0,0.0,0.0,0.0,0.0,0.0,0.0,,0.0,0.0,0.0,2.060829453170299,3,0.009790034765452073,0,0,0,0,0,0.0,0.0,0.0,0,0.0,,
422,2,Mazraoui,Man Utd,Ipswich,True,4.4,0.5,2,17,0.0,0.0,0.0,0.0,0.0,0.0,,0.0,0.0,0.0,2.060829453170299,3,0.009790034765452073,0,0,0,0,0,0.0,0.0,1.0,1,0.0,23.0,0.0
423,2,Shaw,Man Utd,Ipswich,True,4.3,8.3,2,72,0.0,0.0,0.0,0.0,0.0,0.0,,0.0,0.02,0.0,2.060829453170299,3,0.009790034765452073,0,4,2,4,8,0.02,0.02,2.099160139061808,2,-0.099,63.0,2.0
424,2,Amass,Man Utd,Ipswich,True,4.0,0.2,2,0,0.0,0.0,0.0,0.0,0.0,0.0,,0.0,0.0,0.0,2.060829453170299,3,0.009790034765452073,0,0,0,0,0,0.0,0.0,0.0,0,0.0,,
425,2,Fredricson,Man Utd,Ipswich,True,4.0,0.0,2,0,0.0,0.0,0.0,0.0,0.0,0.0,,0.0,0.0,0.0,2.060829453170299,3,0.009790034765452073,0,0,0,0,0,0.0,0.0,0.0,0,0.0,,
426,3,B.Fernandes,Man Utd,Ipswich,True,12.0,39.9,2,90,8.0,3.0,4.0,2.02,1.2316,3.0,2.0,3.0,0.48,1.0,2.060829453170299,3,0.009790034765452073,0,1,5,2,8,2.5,1.7116,16.54979003476545,23,6.45,94.0,5.0
427,3,Mbeumo,Man Utd,Ipswich,True,7.9,21.5,2,90,5.0,1.0,4.0,1.76,1.76,1.0,1.0,3.0,0.21,0.0,2.060829453170299,3,0.009790034765452073,0,0,2,3,5,1.97,1.97,12.439790034765453,11,-1.44,43.0,7.0
428,3,Cunha,Man Utd,Ipswich,True,7.9,5.7,2,79,2.0,1.0,1.0,0.11,0.11,0.0,0.0,2.0,0.15,1.0,2.060829453170299,3,0.009790034765452073,0,0,2,0,2,0.26,0.26,3.0097900347654525,9,5.99,32.0,6.0
429,3,Rashford,Man Utd,Ipswich,True,7.0,1.6,2,79,4.0,2.0,2.0,0.26,0.26,0.0,0.0,3.0,0.05,0.0,2.060829453170299,3,0.009790034765452073,0,0,3,3,6,0.31,0.31,3.459790034765452,2,-1.46,52.0,7.0
430,3,Mount,Man Utd,Ipswich,True,5.4,0.0,2,0,0.0,0.0,0.0,0.0,0.0,0.0,,0.0,0.0,0.0,2.060829453170299,3,0.009790034765452073,0,0,0,0,0,0.0,0.0,0.0,0,0.0,,
431,3,Amad,Man Utd,Ipswich,True,5.7,0.3,2,0,0.0,0.0,0.0,0.0,0.0,0.0,,0.0,0.0,0.0,2.060829453170299,3,0.009790034765452073,0,0,0,0,0,0.0,0.0,0.0,0,0.0,,
432,3,Mainoo,Man Utd,Ipswich,True,5.5,1.6,2,79,3.0,0.0,1.0,0.14,0.14,0.0,0.0,0.0,0.27,0.0,2.060829453170299,3,0.009790034765452073,0,2,10,3,15,0.41000000000000003,0.41000000000000003,5.519790034765452,4,-1.52,68.0,1.0
433,3,Ugarte,Man Utd,Ipswich,True,5.0,0.0,2,0,0.0,0.0,0.0,0.0,0.0,0.0,,0.0,0.0,0.0,2.060829453170299,3,0.009790034765452073,0,0,0,0,0,0.0,0.0,0.0,0,0.0,,
434,3,J.Fletcher,Man Utd,Ipswich,True,4.9,0.0,2,0,0.0,0.0,0.0,0.0,0.0,0.0,,0.0,0.0,0.0,2.060829453170299,3,0.009790034765452073,0,0,0,0,0,0.0,0.0,0.0,0,0.0,,
435,3,Lacey,Man Utd,Ipswich,True,4.9,0.1,2,0,0.0,0.0,0.0,0.0,0.0,0.0,,0.0,0.0,0.0,2.060829453170299,3,0.009790034765452073,0,0,0,0,0,0.0,0.0,0.0,0,0.0,,
436,3,Collyer,Man Utd,Ipswich,True,5.0,0.0,2,0,0.0,0.0,0.0,0.0,0.0,0.0,,0.0,0.0,0.0,2.060829453170299,3,0.009790034765452073,0,0,0,0,0,0.0,0.0,0.0,0,0.0,,
437,3,Bendito Mantato,Man Utd,Ipswich,True,4.5,0.2,2,0,0.0,0.0,0.0,0.0,0.0,0.0,,0.0,0.0,0.0,2.060829453170299,3,0.009790034765452073,0,0,0,0,0,0.0,0.0,0.0,0,0.0,,
438,3,Fletcher,Man Utd,Ipswich,True,4.4,0.3,2,0,0.0,0.0,0.0,0.0,0.0,0.0,,0.0,0.0,0.0,2.060829453170299,3,0.009790034765452073,0,0,0,0,0,0.0,0.0,0.0,0,0.0,,
439,4,Šeško,Man Utd,Ipswich,True,7.0,1.8,2,10,0.0,0.0,0.0,0.0,0.0,0.0,,1.0,0.01,0.0,2.060829453170299,3,0.009790034765452073,0,0,3,0,3,0.01,0.01,1.03,1,-0.03,9.0,1.0
440,4,Zirkzee,Man Utd,Ipswich,True,5.3,0.4,2,0,0.0,0.0,0.0,0.0,0.0,0.0,,0.0,0.0,0.0,2.060829453170299,3,0.009790034765452073,0,0,0,0,0,0.0,0.0,0.0,0,0.0,,
441,4,Obi,Man Utd,Ipswich,True,4.5,1.0,2,0,0.0,0.0,0.0,0.0,0.0,0.0,,0.0,0.0,0.0,2.060829453170299,3,0.009790034765452073,0,0,0,0,0,0.0,0.0,0.0,0,0.0,,
442,1,Pope,Newcastle,Spurs,False,4.9,1.0,2,0,0.0,0.0,0.0,0.0,0.0,0.0,,0.0,0.0,0.0,1.1190587142482395,0,0.2977934494481549,1,0,0,0,0,0.0,0.0,0.0,0,0.0,,
443,1,Gillespie,Newcastle,Spurs,False,4.5,0.0,2,0,0.0,0.0,0.0,0.0,0.0,0.0,,0.0,0.0,0.0,1.1190587142482395,0,0.2977934494481549,1,0,0,0,0,0.0,0.0,0.0,0,0.0,,
444,1,Jaouen,Newcastle,Spurs,False,4.4,0.0,2,0,0.0,0.0,0.0,0.0,0.0,0.0,,0.0,0.0,0.0,1.1190587142482395,0,0.2977934494481549,1,0,0,0,0,0.0,0.0,0.0,0,0.0,,
445,2,Thiaw,Newcastle,Spurs,False,5.0,2.2,2,90,0.0,0.0,0.0,0.0,0.0,0.0,,0.0,0.02,0.0,1.1190587142482395,0,0.2977934494481549,1,3,1,0,3,0.02,0.02,3.2511737977926196,6,2.749,45.0,0.0
446,2,Schär,Newcastle,Spurs,False,4.9,0.2,2,0,0.0,0.0,0.0,0.0,0.0,0.0,,0.0,0.0,0.0,1.1190587142482395,0,0.2977934494481549,1,0,0,0,0,0.0,0.0,0.0,0,0.0,,
447,2,Botman,Newcastle,Spurs,False,5.0,0.7,2,90,1.0,0.0,0.0,0.01,0.01,0.0,0.0,0.0,0.0,0.0,1.1190587142482395,0,0.2977934494481549,1,4,4,1,5,0.01,0.01,2.2511737977926196,5,2.749,62.0,0.0
448,2,Burn,Newcastle,Spurs,False,4.9,0.8,2,0,0.0,0.0,0.0,0.0,0.0,0.0,,0.0,0.0,0.0,1.1190587142482395,0,0.2977934494481549,1,0,0,0,0,0.0,0.0,0.0,0,0.0,,
449,2,Hall,Newcastle,Spurs,False,5.2,14.9,2,90,1.0,0.0,1.0,0.03,0.03,0.0,0.0,1.0,0.31,0.0,1.1190587142482395,0,0.2977934494481549,1,11,6,2,13,0.33999999999999997,0.33999999999999997,9.30117379779262,11,1.699,75.0,1.0
450,2,Livramento,Newcastle,Spurs,False,4.9,0.1,2,0,0.0,0.0,0.0,0.0,0.0,0.0,,0.0,0.0,0.0,1.1190587142482395,0,0.2977934494481549,1,0,0,0,0,0.0,0.0,0.0,0,0.0,,
451,2,A.Murphy,Newcastle,Spurs,False,4.0,0.1,2,0,0.0,0.0,0.0,0.0,0.0,0.0,,0.0,0.0,0.0,1.1190587142482395,0,0.2977934494481549,1,0,0,0,0,0.0,0.0,0.0,0,0.0,,
452,3,Bruno G.,Arsenal,Aston Villa,False,6.7,1.8,2,19,0.0,0.0,0.0,0.0,0.0,0.0,,0.0,0.01,0.0,0.3341737035661933,0,0.7052134248294193,1,0,3,0,3,0.01,0.01,1.03,1,-0.03,22.0,1.0
453,3,Barnes,Newcastle,Spurs,False,6.1,4.5,2,90,1.0,0.0,0.0,0.04,0.04,0.0,0.0,2.0,0.01,0.0,1.1190587142482395,0,0.2977934494481549,1,2,0,2,4,0.05,0.05,2.5277934494481547,3,0.472,30.0,3.0
454,3,Elanga,Newcastle,Spurs,False,6.1,5.8,2,81,2.0,1.0,2.0,0.2,0.2,1.0,1.0,1.0,0.1,0.0,1.1190587142482395,0,0.2977934494481549,1,0,1,2,3,0.30000000000000004,0.30000000000000004,3.5977934494481545,8,4.402,30.0,6.0
455,3,Tonali,Spurs,Newcastle,True,5.3,2.0,2,74,1.0,0.0,1.0,0.05,0.05,0.0,0.0,2.0,0.02,0.0,0.7234829813241954,2,0.4601469183215041,0,1,3,0,4,0.07,0.07,2.770146918321504,2,-0.77,41.0,1.0
456,3,J.Ramsey,Newcastle,Spurs,False,4.9,0.3,2,8,0.0,0.0,0.0,0.0,0.0,0.0,,0.0,0.13,0.0,1.1190587142482395,0,0.2977934494481549,1,0,1,0,1,0.13,0.13,1.3900000000000001,1,-0.39,8.0,0.0
457,3,J.Murphy,Newcastle,Spurs,False,5.9,0.1,2,8,0.0,0.0,0.0,0.0,0.0,0.0,,0.0,0.2,0.0,1.1190587142482395,0,0.2977934494481549,1,0,2,1,3,0.2,0.2,1.6,1,-0.6,6.0,1.0
458,3,Joelinton,Newcastle,Spurs,False,5.4,0.0,2,0,0.0,0.0,0.0,0.0,0.0,0.0,,0.0,0.0,0.0,1.1190587142482395,0,0.2977934494481549,1,0,0,0,0,0.0,0.0,0.0,0,0.0,,
459,3,L.Miley,Newcastle,Spurs,False,5.5,0.1,2,90,0.0,0.0,0.0,0.0,0.0,0.0,,1.0,0.04,0.0,1.1190587142482395,0,0.2977934494481549,1,3,6,0,9,0.04,0.04,2.4177934494481548,3,0.582,63.0,0.0
460,3,Willock,Newcastle,Spurs,False,5.0,0.5,2,70,3.0,0.0,1.0,0.07,0.07,0.0,0.0,0.0,0.02,0.0,1.1190587142482395,0,0.2977934494481549,1,1,1,0,2,0.09000000000000001,0.09000000000000001,2.707793449448155,3,0.292,29.0,1.0
461,3,Touré,Newcastle,Spurs,False,5.8,0.1,2,1,0.0,0.0,0.0,0.0,0.0,0.0,,0.0,0.0,0.0,1.1190587142482395,0,0.2977934494481549,1,0,0,0,0,0.0,0.0,1.0,1,0.0,2.0,0.0
462,3,Steur,Newcastle,Spurs,False,4.9,0.1,2,19,0.0,0.0,0.0,0.0,0.0,0.0,,0.0,0.0,0.0,1.1190587142482395,0,0.2977934494481549,1,3,0,0,3,0.0,0.0,1.0,1,0.0,12.0,0.0
463,4,Woltemade,Newcastle,Spurs,False,5.9,0.5,2,19,1.0,0.0,1.0,0.02,0.02,0.0,0.0,1.0,0.01,1.0,1.1190587142482395,0,0.2977934494481549,1,0,0,0,0,0.03,0.03,1.11,4,2.89,11.0,4.0
464,4,Wissa,Newcastle,Spurs,False,6.2,19.3,2,81,2.0,1.0,2.0,0.35,0.35,1.0,1.0,1.0,0.0,0.0,1.1190587142482395,0,0.2977934494481549,1,1,4,1,6,0.35,0.35,3.4,8,4.6,25.0,5.0
465,4,Osula,Newcastle,Spurs,False,5.8,0.3,2,0,0.0,0.0,0.0,0.0,0.0,0.0,,0.0,0.0,0.0,1.1190587142482395,0,0.2977934494481549,1,0,0,0,0,0.0,0.0,0.0,0,0.0,,
466,4,Neave,Newcastle,Spurs,False,4.5,0.5,2,0,0.0,0.0,0.0,0.0,0.0,0.0,,0.0,0.0,0.0,1.1190587142482395,0,0.2977934494481549,1,0,0,0,0,0.0,0.0,0.0,0,0.0,,
467,1,Sels,Nott'm Forest,Liverpool,False,5.0,1.6,2,90,0.0,0.0,0.0,0.0,0.0,0.0,,0.0,0.01,0.0,1.747105638496577,2,0.059425024024822894,0,3,6,0,0,0.01,0.01,2.2677000960992912,1,-1.268,44.0,0.0
468,1,John,Nott'm Forest,Liverpool,False,4.5,0.1,2,0,0.0,0.0,0.0,0.0,0.0,0.0,,0.0,0.0,0.0,1.747105638496577,2,0.059425024024822894,0,0,0,0,0,0.0,0.0,0.0,0,0.0,,
469,2,N.Williams,Nott'm Forest,Liverpool,False,5.0,9.1,2,90,1.0,0.0,1.0,0.12,0.12,0.0,0.0,2.0,0.15,0.0,1.747105638496577,2,0.059425024024822894,0,6,1,6,12,0.27,0.27,5.407700096099291,6,0.592,57.0,2.0
470,2,Morato,Nott'm Forest,Liverpool,False,5.0,0.0,2,0,0.0,0.0,0.0,0.0,0.0,0.0,,0.0,0.0,0.0,1.747105638496577,2,0.059425024024822894,0,0,0,0,0,0.0,0.0,0.0,0,0.0,,
471,2,Milenković,Nott'm Forest,Liverpool,False,5.4,1.1,2,90,0.0,0.0,0.0,0.0,0.0,0.0,,0.0,0.0,0.0,1.747105638496577,2,0.059425024024822894,0,10,3,3,13,0.0,0.0,4.237700096099291,3,-1.238,28.0,0.0
472,2,Murillo,Nott'm Forest,Liverpool,False,5.5,2.1,2,90,1.0,0.0,1.0,0.18,0.18,0.0,0.0,0.0,0.0,0.0,1.747105638496577,2,0.059425024024822894,0,6,3,0,6,0.18,0.18,3.3177000960992915,1,-2.318,32.0,1.0
473,2,Aina,Nott'm Forest,Liverpool,False,4.5,2.6,2,85,0.0,0.0,0.0,0.0,0.0,0.0,,1.0,0.35,0.0,1.747105638496577,2,0.059425024024822894,0,3,4,2,5,0.35,0.35,2.2877000960992913,0,-2.288,62.0,2.0
474,2,Jair Cunha,Nott'm Forest,Liverpool,False,4.5,0.2,2,90,0.0,0.0,0.0,0.0,0.0,0.0,,0.0,0.0,0.0,1.747105638496577,2,0.059425024024822894,0,6,3,2,8,0.0,0.0,2.2377000960992914,1,-1.238,33.0,0.0
475,2,Savona,Nott'm Forest,Liverpool,False,4.5,0.0,2,0,0.0,0.0,0.0,0.0,0.0,0.0,,0.0,0.0,0.0,1.747105638496577,2,0.059425024024822894,0,0,0,0,0,0.0,0.0,0.0,0,0.0,,
476,2,O.Richards,Nott'm Forest,Liverpool,False,4.0,0.2,2,0,0.0,0.0,0.0,0.0,0.0,0.0,,0.0,0.0,0.0,1.747105638496577,2,0.059425024024822894,0,0,0,0,0,0.0,0.0,0.0,0,0.0,,
477,2,Abbott,Nott'm Forest,Liverpool,False,4.0,0.1,2,0,0.0,0.0,0.0,0.0,0.0,0.0,,0.0,0.0,0.0,1.747105638496577,2,0.059425024024822894,0,0,0,0,0,0.0,0.0,0.0,0,0.0,,
478,2,Netz,Nott'm Forest,Liverpool,False,4.4,0.0,2,4,0.0,0.0,0.0,0.0,0.0,0.0,,0.0,0.0,0.0,1.747105638496577,2,0.059425024024822894,0,0,0,1,1,0.0,0.0,1.0,1,0.0,4.0,0.0
479,2,Bindon,Nott'm Forest,Liverpool,False,4.0,0.1,2,0,0.0,0.0,0.0,0.0,0.0,0.0,,0.0,0.0,0.0,1.747105638496577,2,0.059425024024822894,0,0,0,0,0,0.0,0.0,0.0,0,0.0,,
480,3,Gibbs-White,Nott'm Forest,Liverpool,False,8.0,16.0,2,90,1.0,1.0,1.0,0.79,0.0016000000000000458,1.0,0.0,1.0,0.04,1.0,1.747105638496577,2,0.059425024024822894,0,1,2,2,5,0.8300000000000001,0.04160000000000005,9.129425024024822,13,3.871,43.0,1.0
481,3,Anderson,Man City,Crystal Palace,False,6.3,4.2,2,81,2.0,1.0,1.0,0.07,0.07,0.0,0.0,1.0,0.22,0.0,0.6639268770813939,0,0.4785899066963961,1,4,5,5,14,0.29000000000000004,0.29000000000000004,4.488589906696396,3,-1.489,122.0,1.0
482,3,Hudson-Odoi,Nott'm Forest,Liverpool,False,5.8,0.2,2,1,0.0,0.0,0.0,0.0,0.0,0.0,,0.0,0.0,0.0,1.747105638496577,2,0.059425024024822894,0,0,0,0,0,0.0,0.0,1.0,1,0.0,5.0,0.0
483,3,Ndoye,Nott'm Forest,Liverpool,False,5.5,0.8,2,65,3.0,1.0,3.0,0.35,0.35,1.0,1.0,2.0,0.63,0.0,1.747105638496577,2,0.059425024024822894,0,1,8,0,9,0.98,0.98,6.699425024024823,9,2.301,34.0,7.0
484,3,Hutchinson,Nott'm Forest,Liverpool,False,5.4,0.1,2,0,0.0,0.0,0.0,0.0,0.0,0.0,,0.0,0.0,0.0,1.747105638496577,2,0.059425024024822894,0,0,0,0,0,0.0,0.0,0.0,0,0.0,,
485,3,Bakwa,Nott'm Forest,Liverpool,False,5.5,0.0,2,0,0.0,0.0,0.0,0.0,0.0,0.0,,0.0,0.0,0.0,1.747105638496577,2,0.059425024024822894,0,0,0,0,0,0.0,0.0,0.0,0,0.0,,
486,3,McAtee,Nott'm Forest,Liverpool,False,5.5,0.1,2,90,0.0,0.0,0.0,0.0,0.0,0.0,,1.0,0.16,0.0,1.747105638496577,2,0.059425024024822894,0,2,5,1,8,0.16,0.16,2.539425024024823,2,-0.539,54.0,0.0
487,3,Dominguez,Nott'm Forest,Liverpool,False,4.9,0.1,2,1,0.0,0.0,0.0,0.0,0.0,0.0,,0.0,0.0,0.0,1.747105638496577,2,0.059425024024822894,0,0,0,0,0,0.0,0.0,1.0,1,0.0,3.0,0.0
488,3,I.Sangaré,Nott'm Forest,Liverpool,False,4.9,0.4,2,0,0.0,0.0,0.0,0.0,0.0,0.0,,0.0,0.0,0.0,1.747105638496577,2,0.059425024024822894,0,0,0,0,0,0.0,0.0,0.0,0,0.0,,
489,3,Yates,Nott'm Forest,Liverpool,False,4.5,1.2,2,0,0.0,0.0,0.0,0.0,0.0,0.0,,0.0,0.0,0.0,1.747105638496577,2,0.059425024024822894,0,0,0,0,0,0.0,0.0,0.0,0,0.0,,
490,4,Wood,Nott'm Forest,Liverpool,False,5.8,0.9,2,0,0.0,0.0,0.0,0.0,0.0,0.0,,0.0,0.0,0.0,1.747105638496577,2,0.059425024024822894,0,0,0,0,0,0.0,0.0,0.0,0,0.0,,
491,4,Igor Jesus,Nott'm Forest,Liverpool,False,5.8,2.8,2,90,3.0,1.0,3.0,0.74,0.74,0.0,0.0,1.0,0.04,0.0,1.747105638496577,2,0.059425024024822894,0,3,1,1,5,0.78,0.78,4.08,1,-3.08,51.0,7.0
492,4,Awoniyi,Coventry,Hull,True,5.4,0.4,2,90,4.0,2.0,4.0,0.93,0.93,0.0,0.0,2.0,0.03,0.0,0.7184322937391696,1,0.422391393413313,0,1,2,0,3,0.9600000000000001,0.9600000000000001,8.81,2,-6.81,25.0,7.0
493,4,Kalimuendo,Nott'm Forest,Liverpool,False,5.4,0.1,2,0,0.0,0.0,0.0,0.0,0.0,0.0,,0.0,0.0,0.0,1.747105638496577,2,0.059425024024822894,0,0,0,0,0,0.0,0.0,0.0,0,0.0,,
494,1,Vicario,Spurs,Newcastle,True,4.5,0.1,2,0,0.0,0.0,0.0,0.0,0.0,0.0,,0.0,0.0,0.0,0.7234829813241954,2,0.4601469183215041,0,0,0,0,0,0.0,0.0,0.0,0,0.0,,
495,1,Austin,Spurs,Newcastle,True,4.0,1.0,2,0,0.0,0.0,0.0,0.0,0.0,0.0,,0.0,0.0,0.0,0.7234829813241954,2,0.4601469183215041,0,0,0,0,0,0.0,0.0,0.0,0,0.0,,
496,1,Kinsky,Spurs,Newcastle,True,4.5,18.2,2,90,0.0,0.0,0.0,0.0,0.0,0.0,,0.0,0.0,0.0,0.7234829813241954,2,0.4601469183215041,0,0,6,0,0,0.0,0.0,3.8405876732860165,1,-2.841,45.0,0.0
497,1,Dubravka,Spurs,Newcastle,True,4.0,17.5,2,0,0.0,0.0,0.0,0.0,0.0,0.0,,0.0,0.0,0.0,0.7234829813241954,2,0.4601469183215041,0,0,0,0,0,0.0,0.0,0.0,0,0.0,,
498,2,Senesi,Spurs,Newcastle,True,5.8,3.7,2,0,0.0,0.0,0.0,0.0,0.0,0.0,,0.0,0.0,0.0,0.7234829813241954,2,0.4601469183215041,0,0,0,0,0,0.0,0.0,0.0,0,0.0,,
499,2,Pedro Porro,Spurs,Newcastle,True,5.4,8.4,2,90,4.0,1.0,2.0,0.33,0.33,0.0,0.0,0.0,0.1,0.0,0.7234829813241954,2,0.4601469183215041,0,3,2,1,4,0.43000000000000005,0.43000000000000005,8.120587673286018,1,-7.121,55.0,7.0
500,2,Romero,Spurs,Newcastle,True,5.0,0.1,2,0,0.0,0.0,0.0,0.0,0.0,0.0,,0.0,0.0,0.0,0.7234829813241954,2,0.4601469183215041,0,0,0,0,0,0.0,0.0,0.0,0,0.0,,
501,2,Danso,Spurs,Newcastle,True,5.0,0.2,2,0,0.0,0.0,0.0,0.0,0.0,0.0,,0.0,0.0,0.0,0.7234829813241954,2,0.4601469183215041,0,0,0,0,0,0.0,0.0,0.0,0,0.0,,
502,2,Robertson,Spurs,Newcastle,True,4.4,2.6,2,67,1.0,1.0,1.0,0.06,0.06,0.0,0.0,1.0,0.02,0.0,0.7234829813241954,2,0.4601469183215041,0,2,1,1,3,0.08,0.08,4.260587673286016,2,-2.261,50.0,5.0
503,2,Van de Ven,Spurs,Newcastle,True,5.0,4.0,2,90,0.0,0.0,0.0,0.0,0.0,0.0,,0.0,0.02,0.0,0.7234829813241954,2,0.4601469183215041,0,7,4,1,8,0.02,0.02,2.9005876732860165,0,-2.901,88.0,0.0
504,2,Vuskovic,Brighton,Chelsea,False,5.0,3.2,2,90,2.0,0.0,1.0,0.03,0.03,0.0,0.0,0.0,0.02,0.0,3.03403059951961,5,0.021281541142787207,0,7,3,1,8,0.05,0.05,1.325126164571149,0,-1.325,111.0,1.0
505,2,Spence,Spurs,Newcastle,True,4.5,0.2,2,0,0.0,0.0,0.0,0.0,0.0,0.0,,0.0,0.0,0.0,0.7234829813241954,2,0.4601469183215041,0,0,0,0,0,0.0,0.0,0.0,0,0.0,,
506,2,Udogie,Spurs,Newcastle,True,4.4,0.3,2,22,0.0,0.0,0.0,0.0,0.0,0.0,,1.0,0.19,0.0,0.7234829813241954,2,0.4601469183215041,0,0,1,1,1,0.19,0.19,1.57,1,-0.57,20.0,1.0
507,2,Phillips,Spurs,Newcastle,True,4.5,0.0,2,0,0.0,0.0,0.0,0.0,0.0,0.0,,0.0,0.0,0.0,0.7234829813241954,2,0.4601469183215041,0,0,0,0,0,0.0,0.0,0.0,0,0.0,,
508,2,Davies,Spurs,Newcastle,True,3.9,0.8,2,0,0.0,0.0,0.0,0.0,0.0,0.0,,0.0,0.0,0.0,0.7234829813241954,2,0.4601469183215041,0,0,0,0,0,0.0,0.0,0.0,0,0.0,,
509,2,Byfield,Spurs,Newcastle,True,4.0,0.1,2,0,0.0,0.0,0.0,0.0,0.0,0.0,,0.0,0.0,0.0,0.7234829813241954,2,0.4601469183215041,0,0,0,0,0,0.0,0.0,0.0,0,0.0,,
510,2,Rowswell,Spurs,Newcastle,True,4.0,0.1,2,0,0.0,0.0,0.0,0.0,0.0,0.0,,0.0,0.0,0.0,0.7234829813241954,2,0.4601469183215041,0,0,0,0,0,0.0,0.0,0.0,0,0.0,,
511,2,Souza,Spurs,Newcastle,True,4.0,0.2,2,0,0.0,0.0,0.0,0.0,0.0,0.0,,0.0,0.0,0.0,0.7234829813241954,2,0.4601469183215041,0,0,0,0,0,0.0,0.0,0.0,0,0.0,,
512,3,Kudus,Spurs,Newcastle,True,6.5,0.1,2,22,1.0,0.0,1.0,0.04,0.04,0.0,0.0,0.0,0.01,0.0,0.7234829813241954,2,0.4601469183215041,0,0,2,0,2,0.05,0.05,1.23,1,-0.23,25.0,4.0
513,3,Xavi,Spurs,Newcastle,True,5.9,0.0,2,0,0.0,0.0,0.0,0.0,0.0,0.0,,0.0,0.0,0.0,0.7234829813241954,2,0.4601469183215041,0,0,0,0,0,0.0,0.0,0.0,0,0.0,,
514,3,Tel,Spurs,Newcastle,True,5.7,0.2,2,67,3.0,1.0,1.0,0.14,0.14,0.0,0.0,0.0,0.03,0.0,0.7234829813241954,2,0.4601469183215041,0,0,2,1,3,0.17,0.17,3.250146918321504,2,-1.25,42.0,8.0
515,3,Maddison,Spurs,Newcastle,True,6.3,0.4,2,0,0.0,0.0,0.0,0.0,0.0,0.0,,0.0,0.0,0.0,0.7234829813241954,2,0.4601469183215041,0,0,0,0,0,0.0,0.0,0.0,0,0.0,,
516,3,Bentancur,Spurs,Newcastle,True,5.5,0.2,2,90,0.0,0.0,0.0,0.0,0.0,0.0,,0.0,0.02,0.0,0.7234829813241954,2,0.4601469183215041,0,3,6,2,11,0.02,0.02,2.520146918321504,2,-0.52,58.0,0.0
517,3,Odobert,Spurs,Newcastle,True,5.5,0.0,2,0,0.0,0.0,0.0,0.0,0.0,0.0,,0.0,0.0,0.0,0.7234829813241954,2,0.4601469183215041,0,0,0,0,0,0.0,0.0,0.0,0,0.0,,
518,3,P.M.Sarr,Spurs,Newcastle,True,4.9,0.1,2,0,0.0,0.0,0.0,0.0,0.0,0.0,,0.0,0.0,0.0,0.7234829813241954,2,0.4601469183215041,0,0,0,0,0,0.0,0.0,0.0,0,0.0,,
519,3,Gallagher,Spurs,Newcastle,True,5.3,0.2,2,0,0.0,0.0,0.0,0.0,0.0,0.0,,0.0,0.0,0.0,0.7234829813241954,2,0.4601469183215041,0,0,0,0,0,0.0,0.0,0.0,0,0.0,,
520,3,Bergvall,Spurs,Newcastle,True,5.4,0.1,2,0,0.0,0.0,0.0,0.0,0.0,0.0,,0.0,0.0,0.0,0.7234829813241954,2,0.4601469183215041,0,0,0,0,0,0.0,0.0,0.0,0,0.0,,
521,3,Kulusevski,Spurs,Newcastle,True,6.5,0.0,2,0,0.0,0.0,0.0,0.0,0.0,0.0,,0.0,0.0,0.0,0.7234829813241954,2,0.4601469183215041,0,0,0,0,0,0.0,0.0,0.0,0,0.0,,
522,3,Gray,Spurs,Newcastle,True,4.9,0.2,2,67,0.0,0.0,0.0,0.0,0.0,0.0,,0.0,0.0,0.0,0.7234829813241954,2,0.4601469183215041,0,3,3,0,6,0.0,0.0,2.460146918321504,2,-0.46,30.0,0.0
523,3,Moore,Spurs,Newcastle,True,5.0,0.1,2,22,1.0,0.0,0.0,0.02,0.02,0.0,0.0,0.0,0.0,0.0,0.7234829813241954,2,0.4601469183215041,0,0,1,0,1,0.02,0.02,1.1,1,-0.1,10.0,0.0
524,3,Olusesi,Spurs,Newcastle,True,4.4,1.0,2,0,0.0,0.0,0.0,0.0,0.0,0.0,,0.0,0.0,0.0,0.7234829813241954,2,0.4601469183215041,0,0,0,0,0,0.0,0.0,0.0,0,0.0,,
525,3,Fernandes,Spurs,Newcastle,True,5.8,0.8,2,90,1.0,0.0,0.0,0.01,0.01,0.0,0.0,3.0,0.17,0.0,0.7234829813241954,2,0.4601469183215041,0,0,5,3,8,0.18000000000000002,0.18000000000000002,3.0201469183215037,2,-1.02,69.0,0.0
526,4,Solanke,Spurs,Newcastle,True,5.8,0.8,2,15,1.0,1.0,1.0,0.2,0.2,0.0,0.0,0.0,0.0,0.0,0.7234829813241954,2,0.4601469183215041,0,0,0,0,0,0.2,0.2,1.8,1,-0.8,4.0,2.0
527,4,Richarlison,Spurs,Newcastle,True,5.9,0.7,2,0,0.0,0.0,0.0,0.0,0.0,0.0,,0.0,0.0,0.0,0.7234829813241954,2,0.4601469183215041,0,0,0,0,0,0.0,0.0,0.0,0,0.0,,
528,4,Scarlett,Spurs,Newcastle,True,4.5,1.2,2,0,0.0,0.0,0.0,0.0,0.0,0.0,,0.0,0.0,0.0,0.7234829813241954,2,0.4601469183215041,0,0,0,0,0,0.0,0.0,0.0,0,0.0,,
529,1,Roefs,Sunderland,Fulham,True,4.9,2.6,2,90,0.0,0.0,0.0,0.0,0.0,0.0,,0.0,0.0,0.0,0.9477322446182365,0,0.3282295395549076,1,2,7,0,0,0.0,0.0,3.31291815821963,6,2.687,42.0,0.0
530,1,Patterson,Sunderland,Fulham,True,4.0,0.1,2,0,0.0,0.0,0.0,0.0,0.0,0.0,,0.0,0.0,0.0,0.9477322446182365,0,0.3282295395549076,1,0,0,0,0,0.0,0.0,0.0,0,0.0,,
531,1,Ellborg,Sunderland,Fulham,True,4.5,0.1,2,0,0.0,0.0,0.0,0.0,0.0,0.0,,0.0,0.0,0.0,0.9477322446182365,0,0.3282295395549076,1,0,0,0,0,0.0,0.0,0.0,0,0.0,,
532,2,Ballard,Sunderland,Fulham,True,4.9,2.6,2,90,1.0,0.0,1.0,0.03,0.03,0.0,0.0,0.0,0.0,0.0,0.9477322446182365,0,0.3282295395549076,1,9,1,1,10,0.03,0.03,7.492918158219631,8,0.507,63.0,2.0
533,2,Mukiele,Sunderland,Fulham,True,5.4,1.9,2,90,0.0,0.0,0.0,0.0,0.0,0.0,,0.0,0.01,0.0,0.9477322446182365,0,0.3282295395549076,1,17,4,2,19,0.01,0.01,6.34291815821963,9,2.657,74.0,1.0
534,2,Hume,Sunderland,Fulham,True,4.3,3.0,2,90,0.0,0.0,0.0,0.0,0.0,0.0,,1.0,0.01,0.0,0.9477322446182365,0,0.3282295395549076,1,2,4,4,6,0.01,0.01,3.34291815821963,6,2.657,39.0,1.0
535,2,Alderete,Sunderland,Fulham,True,4.9,0.2,2,0,0.0,0.0,0.0,0.0,0.0,0.0,,0.0,0.0,0.0,0.9477322446182365,0,0.3282295395549076,1,0,0,0,0,0.0,0.0,0.0,0,0.0,,
536,2,Reinildo,Sunderland,Fulham,True,4.5,0.3,2,90,0.0,0.0,0.0,0.0,0.0,0.0,,0.0,0.01,0.0,0.9477322446182365,0,0.3282295395549076,1,6,3,1,7,0.01,0.01,3.34291815821963,6,2.657,61.0,1.0
537,2,Seelt,Sunderland,Fulham,True,4.5,0.0,2,0,0.0,0.0,0.0,0.0,0.0,0.0,,0.0,0.0,0.0,0.9477322446182365,0,0.3282295395549076,1,0,0,0,0,0.0,0.0,0.0,0,0.0,,
538,2,Hjelde,Sunderland,Fulham,True,4.0,0.0,2,0,0.0,0.0,0.0,0.0,0.0,0.0,,0.0,0.0,0.0,0.9477322446182365,0,0.3282295395549076,1,0,0,0,0,0.0,0.0,0.0,0,0.0,,
539,2,O'Nien,Sunderland,Fulham,True,3.9,2.4,2,0,0.0,0.0,0.0,0.0,0.0,0.0,,0.0,0.0,0.0,0.9477322446182365,0,0.3282295395549076,1,0,0,0,0,0.0,0.0,0.0,0,0.0,,
540,2,Masuaku,Sunderland,Fulham,True,4.0,0.1,2,0,0.0,0.0,0.0,0.0,0.0,0.0,,0.0,0.0,0.0,0.9477322446182365,0,0.3282295395549076,1,0,0,0,0,0.0,0.0,0.0,0,0.0,,
541,2,Meunier,Sunderland,Fulham,True,4.5,0.3,2,90,1.0,1.0,0.0,0.02,0.02,0.0,0.0,1.0,0.05,0.0,0.9477322446182365,0,0.3282295395549076,1,8,5,0,8,0.07,0.07,3.58291815821963,6,2.417,63.0,1.0
542,3,E.Le Fée,Sunderland,Fulham,True,5.7,3.5,2,89,4.0,1.0,3.0,0.37,0.37,0.0,0.0,1.0,0.17,0.0,0.9477322446182365,0,0.3282295395549076,1,1,4,1,6,0.54,0.54,4.688229539554907,3,-1.688,44.0,5.0
543,3,Diarra,Sunderland,Fulham,True,5.4,0.0,2,18,0.0,0.0,0.0,0.0,0.0,0.0,,1.0,0.16,1.0,0.9477322446182365,0,0.3282295395549076,1,0,0,0,0,0.16,0.16,1.48,4,2.52,5.0,0.0
544,3,Xhaka,Sunderland,Fulham,True,5.5,3.8,2,90,0.0,0.0,0.0,0.0,0.0,0.0,,4.0,0.36,0.0,0.9477322446182365,0,0.3282295395549076,1,1,6,0,7,0.36,0.36,3.408229539554908,6,2.592,71.0,0.0
545,3,Sadiki,Sunderland,Fulham,True,4.9,0.2,2,90,1.0,0.0,0.0,0.02,0.02,0.0,0.0,0.0,0.02,0.0,0.9477322446182365,0,0.3282295395549076,1,6,2,3,11,0.04,0.04,2.488229539554908,3,0.512,61.0,2.0
546,3,Adingra,Sunderland,Fulham,True,4.9,0.0,2,0,0.0,0.0,0.0,0.0,0.0,0.0,,0.0,0.0,0.0,0.9477322446182365,0,0.3282295395549076,1,0,0,0,0,0.0,0.0,0.0,0,0.0,,
547,3,Mundle,Sunderland,Fulham,True,4.9,0.0,2,1,1.0,1.0,1.0,0.17,0.17,0.0,0.0,0.0,0.0,0.0,0.9477322446182365,0,0.3282295395549076,1,1,0,0,1,0.17,0.17,1.85,1,-0.85,7.0,1.0
548,3,Rigg,Sunderland,Fulham,True,4.9,0.0,2,7,0.0,0.0,0.0,0.0,0.0,0.0,,0.0,0.0,0.0,0.9477322446182365,0,0.3282295395549076,1,0,0,0,0,0.0,0.0,1.0,1,0.0,1.0,0.0
549,3,Talbi,Sunderland,Fulham,True,5.3,0.1,2,0,0.0,0.0,0.0,0.0,0.0,0.0,,0.0,0.0,0.0,0.9477322446182365,0,0.3282295395549076,1,0,0,0,0,0.0,0.0,0.0,0,0.0,,
550,3,Jocelin.T,Sunderland,Fulham,True,5.0,0.0,2,0,0.0,0.0,0.0,0.0,0.0,0.0,,0.0,0.0,0.0,0.9477322446182365,0,0.3282295395549076,1,0,0,0,0,0.0,0.0,0.0,0,0.0,,
551,3,N.Angulo,Sunderland,Fulham,True,5.0,0.1,2,64,0.0,0.0,0.0,0.0,0.0,0.0,,1.0,0.04,0.0,0.9477322446182365,0,0.3282295395549076,1,0,4,1,5,0.04,0.04,2.448229539554908,3,0.552,36.0,0.0
552,4,Brobbey,Sunderland,Fulham,True,5.7,5.4,2,63,1.0,0.0,1.0,0.03,0.03,0.0,0.0,0.0,0.0,0.0,0.9477322446182365,0,0.3282295395549076,1,1,3,0,4,0.03,0.03,2.12,2,-0.12,14.0,2.0
553,4,Isidor,Sunderland,Fulham,True,5.5,1.3,2,26,3.0,1.0,3.0,1.39,1.39,1.0,1.0,0.0,0.0,0.0,0.9477322446182365,0,0.3282295395549076,1,0,0,0,0,1.39,1.39,9.559999999999999,8,-1.56,6.0,3.0
554,1,Van Oevelen,Ipswich,Man Utd,False,4.5,0.0,2,0,0.0,0.0,0.0,0.0,0.0,0.0,,0.0,0.0,0.0,5.145451183469592,4,0.00020088348565560802,0,0,0,0,0,0.0,0.0,0.0,0,0.0,,
555,1,Matthews,Crystal Palace,Man City,True,4.0,1.7,2,0,0.0,0.0,0.0,0.0,0.0,0.0,,0.0,0.0,0.0,2.215117089450359,5,0.06921110647201709,0,0,0,0,0,0.0,0.0,0.0,0,0.0,,
556,2,Targett,Hull,Coventry,False,4.0,1.7,2,0,0.0,0.0,0.0,0.0,0.0,0.0,,0.0,0.0,0.0,1.2919564996846016,0,0.15141208673386736,1,0,0,0,0,0.0,0.0,0.0,0,0.0,,
557,3,Tzolis,Arsenal,Aston Villa,False,6.4,13.3,2,45,0.0,0.0,0.0,0.0,0.0,0.0,,1.0,0.01,0.0,0.3341737035661933,0,0.7052134248294193,1,1,2,0,3,0.01,0.01,0.030000000000000027,0,-0.03,24.0,2.0
558,3,Schlager,Nott'm Forest,Liverpool,False,5.0,0.1,2,90,2.0,0.0,1.0,0.05,0.05,0.0,0.0,0.0,0.0,0.0,1.747105638496577,2,0.059425024024822894,0,3,7,5,15,0.05,0.05,4.309425024024823,4,-0.309,46.0,1.0
559,3,Bamba,Newcastle,Spurs,False,4.9,0.1,2,0,0.0,0.0,0.0,0.0,0.0,0.0,,0.0,0.0,0.0,1.1190587142482395,0,0.2977934494481549,1,0,0,0,0,0.0,0.0,0.0,0,0.0,,
560,1,Penders,Chelsea,Brighton,True,4.4,0.1,2,0,0.0,0.0,0.0,0.0,0.0,0.0,,0.0,0.0,0.0,1.4661332210525864,2,0.18937511146735325,0,0,0,0,0,0.0,0.0,0.0,0,0.0,,
561,2,Anselmino,Chelsea,Brighton,True,4.5,0.0,2,0,0.0,0.0,0.0,0.0,0.0,0.0,,0.0,0.0,0.0,1.4661332210525864,2,0.18937511146735325,0,0,0,0,0,0.0,0.0,0.0,0,0.0,,
562,3,Maeda,Ipswich,Man Utd,False,5.4,0.2,2,72,1.0,1.0,1.0,0.06,0.06,0.0,0.0,0.0,0.01,0.0,5.145451183469592,4,0.00020088348565560802,0,3,1,1,5,0.06999999999999999,0.06999999999999999,2.3302008834856553,2,-0.33,22.0,2.0
563,3,Morita,Hull,Coventry,False,5.0,0.0,2,45,0.0,0.0,0.0,0.0,0.0,0.0,,1.0,0.0,0.0,1.2919564996846016,0,0.15141208673386736,1,2,1,0,3,0.0,0.0,1.0,1,0.0,21.0,0.0
564,1,Scherpen,Ipswich,Man Utd,False,4.5,0.6,2,90,0.0,0.0,0.0,0.0,0.0,0.0,,0.0,0.01,0.0,5.145451183469592,4,0.00020088348565560802,0,4,13,0,0,0.01,0.01,2.0308035339426223,2,-0.031,60.0,0.0
565,3,M.Sangaré,Brentford,Leeds,False,5.6,11.0,2,90,3.0,0.0,2.0,0.21,0.21,0.0,0.0,2.0,0.03,0.0,1.4552918737754221,1,0.04431979584120046,0,5,5,4,14,0.24,0.24,6.1843197958412,4,-2.184,81.0,2.0
566,2,Silva,Bournemouth,Everton,True,5.0,0.4,2,90,1.0,0.0,1.0,0.25,0.25,0.0,0.0,0.0,0.03,0.0,1.8620471330359571,1,0.050283227509486925,0,8,4,2,10,0.28,0.28,6.791132910037947,4,-2.791,63.0,4.0
567,1,Horníček,Newcastle,Spurs,False,5.0,1.5,2,90,0.0,0.0,0.0,0.0,0.0,0.0,,0.0,0.0,0.0,1.1190587142482395,0,0.2977934494481549,1,2,4,0,0,0.0,0.0,4.19117379779262,7,2.809,38.0,0.0
568,3,Barco,Chelsea,Brighton,True,5.4,0.1,2,8,1.0,0.0,1.0,0.04,0.04,0.0,0.0,0.0,0.0,0.0,1.4661332210525864,2,0.18937511146735325,0,1,0,0,1,0.04,0.04,1.2,1,-0.2,2.0,1.0
569,4,Gonzalo,Fulham,Sunderland,False,6.0,3.7,2,90,3.0,0.0,3.0,0.27,0.27,0.0,0.0,0.0,0.01,0.0,2.0242508519440885,1,0.04969890102575893,0,2,2,0,4,0.28,0.28,3.11,2,-1.11,32.0,6.0
570,3,Palacios,Fulham,Sunderland,False,5.4,0.2,2,75,1.0,0.0,0.0,0.02,0.02,0.0,0.0,0.0,0.0,0.0,2.0242508519440885,1,0.04969890102575893,0,3,6,0,9,0.02,0.02,1.1496989010257592,1,-0.15,41.0,1.0
571,3,Florentino,Ipswich,Man Utd,False,4.9,0.1,2,0,0.0,0.0,0.0,0.0,0.0,0.0,,0.0,0.0,0.0,5.145451183469592,4,0.00020088348565560802,0,0,0,0,0,0.0,0.0,0.0,0,0.0,,
572,1,Tzolakis,Hull,Coventry,False,4.6,11.5,2,90,0.0,0.0,0.0,0.0,0.0,0.0,,0.0,0.0,0.0,1.2919564996846016,0,0.15141208673386736,1,0,11,0,0,0.0,0.0,3.605648346935469,10,6.394,40.0,0.0
573,2,Sanchez,Bournemouth,Everton,True,4.4,0.2,2,0,0.0,0.0,0.0,0.0,0.0,0.0,,0.0,0.0,0.0,1.8620471330359571,1,0.050283227509486925,0,0,0,0,0,0.0,0.0,0.0,0,0.0,,
574,3,Hjertø-Dahl,Hull,Coventry,False,4.9,0.1,2,0,0.0,0.0,0.0,0.0,0.0,0.0,,0.0,0.0,0.0,1.2919564996846016,0,0.15141208673386736,1,0,0,0,0,0.0,0.0,0.0,0,0.0,,
575,3,Yirenkyi,Coventry,Hull,True,4.9,0.1,2,70,1.0,0.0,1.0,0.03,0.03,0.0,0.0,1.0,0.13,0.0,0.7184322937391696,1,0.422391393413313,0,3,4,0,7,0.16,0.16,2.962391393413313,3,0.038,52.0,2.0
576,3,Stroud,Hull,Coventry,False,5.0,0.1,2,58,1.0,0.0,0.0,0.01,0.01,0.0,0.0,0.0,0.01,0.0,1.2919564996846016,0,0.15141208673386736,1,2,5,0,7,0.02,0.02,0.08000000000000007,0,-0.08,17.0,3.0
577,2,Tomiyasu,Crystal Palace,Man City,True,4.4,0.3,2,73,0.0,0.0,0.0,0.0,0.0,0.0,,0.0,0.0,0.0,2.215117089450359,5,0.06921110647201709,0,7,3,1,8,0.0,0.0,2.2768444258880685,1,-1.277,39.0,1.0
578,3,Mudryk,Chelsea,Brighton,True,5.4,0.0,2,0,0.0,0.0,0.0,0.0,0.0,0.0,,0.0,0.0,0.0,1.4661332210525864,2,0.18937511146735325,0,0,0,0,0,0.0,0.0,0.0,0,0.0,,
579,2,Araujo,Liverpool,Nott'm Forest,True,5.4,2.9,2,13,0.0,0.0,0.0,0.0,0.0,0.0,,0.0,0.01,0.0,2.30147557336986,2,0.03443599474690991,0,1,2,0,1,0.01,0.01,0.030000000000000027,0,-0.03,27.0,0.0
580,3,Charles,Fulham,Sunderland,False,5.0,0.1,2,22,2.0,0.0,1.0,0.09,0.09,0.0,0.0,0.0,0.03,0.0,2.0242508519440885,1,0.04969890102575893,0,1,1,0,2,0.12,0.12,1.54,1,-0.54,27.0,1.0
581,2,Diomande,Nott'm Forest,Liverpool,False,5.4,0.5,2,0,0.0,0.0,0.0,0.0,0.0,0.0,,0.0,0.0,0.0,1.747105638496577,2,0.059425024024822894,0,0,0,0,0,0.0,0.0,0.0,0,0.0,,
582,4,Madjo,Aston Villa,Arsenal,True,5.4,0.2,2,0,0.0,0.0,0.0,0.0,0.0,0.0,,0.0,0.0,0.0,1.0358090344816444,1,0.2629191200350386,0,0,0,0,0,0.0,0.0,0.0,0,0.0,,
583,2,Chavarria,Chelsea,Brighton,True,4.9,0.1,2,18,0.0,0.0,0.0,0.0,0.0,0.0,,0.0,0.02,0.0,1.4661332210525864,2,0.18937511146735325,0,2,1,1,3,0.02,0.02,1.06,1,-0.06,10.0,0.0
584,3,Hamer,Coventry,Hull,True,5.4,0.1,2,19,0.0,0.0,0.0,0.0,0.0,0.0,,0.0,0.02,0.0,0.7184322937391696,1,0.422391393413313,0,0,0,0,0,0.02,0.02,1.06,1,-0.06,15.0,0.0
585,2,Herrington,Hull,Coventry,False,4.0,0.6,2,31,0.0,0.0,0.0,0.0,0.0,0.0,,0.0,0.0,0.0,1.2919564996846016,0,0.15141208673386736,1,1,0,0,1,0.0,0.0,1.0,1,0.0,11.0,0.0
586,2,Mendy,Hull,Coventry,False,4.1,6.5,2,58,1.0,1.0,0.0,0.01,0.01,0.0,0.0,0.0,0.0,0.0,1.2919564996846016,0,0.15141208673386736,1,7,2,2,9,0.01,0.01,1.06,1,-0.06,38.0,0.0
587,1,Rulli,Man City,Crystal Palace,False,5.0,0.0,2,0,0.0,0.0,0.0,0.0,0.0,0.0,,0.0,0.0,0.0,0.6639268770813939,0,0.4785899066963961,1,0,0,0,0,0.0,0.0,0.0,0,0.0,,
588,2,Khalaili,Crystal Palace,Man City,True,5.0,0.3,2,74,1.0,0.0,0.0,0.02,0.02,0.0,0.0,0.0,0.0,0.0,2.215117089450359,5,0.06921110647201709,0,4,5,10,14,0.02,0.02,3.3968444258880686,2,-1.397,60.0,1.0
589,3,Gourna-Douath,Hull,Coventry,False,5.0,0.0,2,45,0.0,0.0,0.0,0.0,0.0,0.0,,0.0,0.01,0.0,1.2919564996846016,0,0.15141208673386736,1,1,2,3,6,0.01,0.01,1.03,1,-0.03,26.0,0.0
590,1,Benda,Nott'm Forest,Liverpool,False,4.5,0.1,2,0,0.0,0.0,0.0,0.0,0.0,0.0,,0.0,0.0,0.0,1.747105638496577,2,0.059425024024822894,0,0,0,0,0,0.0,0.0,0.0,0,0.0,,
591,3,Enciso,Ipswich,Man Utd,False,5.5,0.8,2,90,3.0,1.0,1.0,0.4,0.4,0.0,0.0,1.0,0.31,1.0,5.145451183469592,4,0.00020088348565560802,0,0,7,1,8,0.71,0.71,4.930200883485655,5,0.07,46.0,2.0
592,2,Ouattara,Ipswich,Man Utd,False,4.0,0.9,2,17,0.0,0.0,0.0,0.0,0.0,0.0,,0.0,0.0,0.0,5.145451183469592,4,0.00020088348565560802,0,0,1,0,0,0.0,0.0,1.0,1,0.0,14.0,0.0
593,2,Dedić,Newcastle,Spurs,False,4.5,2.1,2,90,0.0,0.0,0.0,0.0,0.0,0.0,,2.0,0.06,1.0,1.1190587142482395,0,0.2977934494481549,1,5,5,3,8,0.06,0.06,3.3711737977926197,11,7.629,47.0,0.0
594,4,David,Brighton,Chelsea,False,5.9,0.2,2,10,0.0,0.0,0.0,0.0,0.0,0.0,,0.0,0.0,0.0,3.03403059951961,5,0.021281541142787207,0,0,0,0,0,0.0,0.0,1.0,1,0.0,5.0,0.0
595,3,Gozo,Crystal Palace,Man City,True,5.0,0.0,2,22,0.0,0.0,0.0,0.0,0.0,0.0,,0.0,0.0,0.0,2.215117089450359,5,0.06921110647201709,0,0,0,1,1,0.0,0.0,1.0,1,0.0,9.0,0.0
596,2,Ruggeri,Aston Villa,Arsenal,True,4.5,0.1,2,0,0.0,0.0,0.0,0.0,0.0,0.0,,0.0,0.0,0.0,1.0358090344816444,1,0.2629191200350386,0,0,0,0,0,0.0,0.0,0.0,0,0.0,,
597,1,Suzuki,Aston Villa,Arsenal,True,5.0,1.8,2,90,0.0,0.0,0.0,0.0,0.0,0.0,,0.0,0.0,0.0,1.0358090344816444,1,0.2629191200350386,0,2,9,0,0,0.0,0.0,3.0516764801401544,2,-1.052,36.0,0.0
598,2,Elvedi,Leeds,Brentford,True,4.5,0.1,2,56,0.0,0.0,0.0,0.0,0.0,0.0,,0.0,0.0,0.0,1.714782859198748,1,0.13887372126414396,0,5,4,1,6,0.0,0.0,1.0,1,0.0,52.0,3.0
599,4,Cherif,Coventry,Hull,True,5.0,0.1,2,0,0.0,0.0,0.0,0.0,0.0,0.0,,0.0,0.0,0.0,0.7184322937391696,1,0.422391393413313,0,0,0,0,0,0.0,0.0,0.0,0,0.0,,
600,3,Osman,Brighton,Chelsea,False,5.0,0.0,2,16,0.0,0.0,0.0,0.0,0.0,0.0,,0.0,0.01,0.0,3.03403059951961,5,0.021281541142787207,0,0,0,1,1,0.01,0.01,1.03,1,-0.03,16.0,1.0
601,3,Williams-Barnett,Spurs,Newcastle,True,4.5,0.1,2,0,0.0,0.0,0.0,0.0,0.0,0.0,,0.0,0.0,0.0,0.7234829813241954,2,0.4601469183215041,0,0,0,0,0,0.0,0.0,0.0,0,0.0,,
602,3,Humphreys,Ipswich,Man Utd,False,4.5,0.0,2,0,0.0,0.0,0.0,0.0,0.0,0.0,,0.0,0.0,0.0,5.145451183469592,4,0.00020088348565560802,0,0,0,0,0,0.0,0.0,0.0,0,0.0,,
603,2,Lienou,Leeds,Brentford,True,4.0,0.1,2,0,0.0,0.0,0.0,0.0,0.0,0.0,,0.0,0.0,0.0,1.714782859198748,1,0.13887372126414396,0,0,0,0,0,0.0,0.0,0.0,0,0.0,,
604,3,Cresswell,Leeds,Brentford,True,4.5,0.1,2,0,0.0,0.0,0.0,0.0,0.0,0.0,,0.0,0.0,0.0,1.714782859198748,1,0.13887372126414396,0,0,0,0,0,0.0,0.0,0.0,0,0.0,,
605,3,Yalcouyé,Brighton,Chelsea,False,4.5,4.1,2,73,2.0,2.0,2.0,0.7,0.7,1.0,1.0,1.0,0.16,0.0,3.03403059951961,5,0.021281541142787207,0,2,2,3,7,0.86,0.86,8.001281541142788,8,-0.001,47.0,6.0
606,2,Rowe,Aston Villa,Arsenal,True,4.0,0.2,2,0,0.0,0.0,0.0,0.0,0.0,0.0,,0.0,0.0,0.0,1.0358090344816444,1,0.2629191200350386,0,0,0,0,0,0.0,0.0,0.0,0,0.0,,
607,3,Lynch,Aston Villa,Arsenal,True,4.5,0.1,2,0,0.0,0.0,0.0,0.0,0.0,0.0,,0.0,0.0,0.0,1.0358090344816444,1,0.2629191200350386,0,0,0,0,0,0.0,0.0,0.0,0,0.0,,
608,4,Jebbison,Bournemouth,Everton,True,5.0,0.1,2,0,0.0,0.0,0.0,0.0,0.0,0.0,,0.0,0.0,0.0,1.8620471330359571,1,0.050283227509486925,0,0,0,0,0,0.0,0.0,0.0,0,0.0,,
609,2,Shahar,Newcastle,Spurs,False,4.0,0.2,2,0,0.0,0.0,0.0,0.0,0.0,0.0,,0.0,0.0,0.0,1.1190587142482395,0,0.2977934494481549,1,0,0,0,0,0.0,0.0,0.0,0,0.0,,
610,2,De Fougerolles,Fulham,Sunderland,False,4.0,0.1,2,0,0.0,0.0,0.0,0.0,0.0,0.0,,0.0,0.0,0.0,2.0242508519440885,1,0.04969890102575893,0,0,0,0,0,0.0,0.0,0.0,0,0.0,,
611,2,Wan-Bissaka,Aston Villa,Arsenal,True,4.5,0.2,2,12,0.0,0.0,0.0,0.0,0.0,0.0,,0.0,0.0,0.0,1.0358090344816444,1,0.2629191200350386,0,0,0,2,2,0.0,0.0,1.0,1,0.0,11.0,0.0
612,2,Methalie,Sunderland,Fulham,True,4.5,0.0,2,0,0.0,0.0,0.0,0.0,0.0,0.0,,0.0,0.0,0.0,0.9477322446182365,0,0.3282295395549076,1,0,0,0,0,0.0,0.0,0.0,0,0.0,,
613,3,Ahoka,Sunderland,Fulham,True,4.5,0.2,2,0,0.0,0.0,0.0,0.0,0.0,0.0,,0.0,0.0,0.0,0.9477322446182365,0,0.3282295395549076,1,0,0,0,0,0.0,0.0,0.0,0,0.0,,
614,2,Hadjam,Brighton,Chelsea,False,4.5,0.0,2,0,0.0,0.0,0.0,0.0,0.0,0.0,,0.0,0.0,0.0,3.03403059951961,5,0.021281541142787207,0,0,0,0,0,0.0,0.0,0.0,0,0.0,,
615,1,Di Gregorio,Bournemouth,Everton,True,4.5,0.0,2,0,0.0,0.0,0.0,0.0,0.0,0.0,,0.0,0.0,0.0,1.8620471330359571,1,0.050283227509486925,0,0,0,0,0,0.0,0.0,0.0,0,0.0,,
616,3,Bouaddi,Man City,Crystal Palace,False,5.5,0.2,2,8,0.0,0.0,0.0,0.0,0.0,0.0,,0.0,0.12,0.0,0.6639268770813939,0,0.4785899066963961,1,1,0,0,1,0.12,0.12,1.3599999999999999,1,-0.36,23.0,0.0
617,3,Cho,Hull,Coventry,False,5.0,0.0,2,7,0.0,0.0,0.0,0.0,0.0,0.0,,0.0,0.0,0.0,1.2919564996846016,0,0.15141208673386736,1,0,0,0,0,0.0,0.0,1.0,1,0.0,4.0,0.0
618,3,Goretzka,Aston Villa,Arsenal,True,5.9,0.0,2,0,0.0,0.0,0.0,0.0,0.0,0.0,,0.0,0.0,0.0,1.0358090344816444,1,0.2629191200350386,0,0,0,0,0,0.0,0.0,0.0,0,0.0,,
619,3,Palacios,Ipswich,Man Utd,False,5.0,0.1,2,28,0.0,0.0,0.0,0.0,0.0,0.0,,1.0,0.01,0.0,5.145451183469592,4,0.00020088348565560802,0,2,3,1,6,0.01,0.01,1.03,1,-0.03,36.0,1.0
620,2,Diouf,Brentford,Leeds,False,4.5,0.1,2,0,0.0,0.0,0.0,0.0,0.0,0.0,,0.0,0.0,0.0,1.4552918737754221,1,0.04431979584120046,0,0,0,0,0,0.0,0.0,0.0,0,0.0,,
621,3,McAidoo,Man City,Crystal Palace,False,4.5,0.1,2,8,1.0,0.0,0.0,0.1,0.1,0.0,0.0,0.0,0.0,0.0,0.6639268770813939,0,0.4785899066963961,1,0,0,0,0,0.1,0.1,1.5,1,-0.5,7.0,0.0
622,2,Braithwaite,Man City,Crystal Palace,False,4.0,0.2,2,1,0.0,0.0,0.0,0.0,0.0,0.0,,0.0,0.0,0.0,0.6639268770813939,0,0.4785899066963961,1,0,1,0,0,0.0,0.0,1.0,1,0.0,10.0,0.0
623,1,Bentley,Coventry,Hull,True,4.0,0.6,2,0,0.0,0.0,0.0,0.0,0.0,0.0,,0.0,0.0,0.0,0.7184322937391696,1,0.422391393413313,0,0,0,0,0,0.0,0.0,0.0,0,0.0,,
624,3,Cozier-Duberry,Brighton,Chelsea,False,5.0,0.0,2,0,0.0,0.0,0.0,0.0,0.0,0.0,,0.0,0.0,0.0,3.03403059951961,5,0.021281541142787207,0,0,0,0,0,0.0,0.0,0.0,0,0.0,,
625,1,Cairns,Leeds,Brentford,True,4.0,0.2,2,0,0.0,0.0,0.0,0.0,0.0,0.0,,0.0,0.0,0.0,1.714782859198748,1,0.13887372126414396,0,0,0,0,0,0.0,0.0,0.0,0,0.0,,
626,3,Zepa,Fulham,Sunderland,False,4.5,0.3,2,0,0.0,0.0,0.0,0.0,0.0,0.0,,0.0,0.0,0.0,2.0242508519440885,1,0.04969890102575893,0,0,0,0,0,0.0,0.0,0.0,0,0.0,,
1,1,Raya,Arsenal,Chelsea,True,6.0,41.6,3,90,0.0,0.0,0.0,0.0,0.0,0.0,,0.0,0.01,0.0,0.3886524681001895,1,0.6732765758361307,0,2,11,0,0,0.01,0.01,5.723106303344523,3,-2.723,48.0,0.0
2,1,Arrizabalaga,Arsenal,Chelsea,True,4.9,0.1,3,0,0.0,0.0,0.0,0.0,0.0,0.0,,0.0,0.0,0.0,0.3886524681001895,1,0.6732765758361307,0,0,0,0,0,0.0,0.0,0.0,0,0.0,,
3,1,Meslier,Arsenal,Chelsea,True,4.9,0.0,3,0,0.0,0.0,0.0,0.0,0.0,0.0,,0.0,0.0,0.0,0.3886524681001895,1,0.6732765758361307,0,0,0,0,0,0.0,0.0,0.0,0,0.0,,
4,2,Gabriel,Arsenal,Chelsea,True,8.0,23.1,3,90,2.0,2.0,2.0,0.31,0.31,0.0,0.0,0.0,0.02,0.0,0.3886524681001895,1,0.6732765758361307,0,7,4,0,7,0.33,0.33,6.613106303344522,2,-4.613,55.0,7.0
5,2,J.Timber,Arsenal,Chelsea,True,6.5,0.3,3,0,0.0,0.0,0.0,0.0,0.0,0.0,,0.0,0.0,0.0,0.3886524681001895,1,0.6732765758361307,0,0,0,0,0,0.0,0.0,0.0,0,0.0,,
6,2,Saliba,Arsenal,Chelsea,True,5.9,0.2,3,0,0.0,0.0,0.0,0.0,0.0,0.0,,0.0,0.0,0.0,0.3886524681001895,1,0.6732765758361307,0,0,0,0,0,0.0,0.0,0.0,0,0.0,,
7,3,Lewis-Skelly,Arsenal,Chelsea,True,5.5,0.6,3,66,1.0,0.0,1.0,0.03,0.03,0.0,0.0,1.0,0.1,0.0,0.3886524681001895,1,0.6732765758361307,0,0,2,0,2,0.13,0.13,3.1232765758361305,2,-1.123,38.0,1.0
8,2,Calafiori,Arsenal,Chelsea,True,5.8,50.7,3,66,2.0,1.0,2.0,0.39,0.39,0.0,0.0,0.0,0.03,0.0,0.3886524681001895,1,0.6732765758361307,0,0,1,1,1,0.42000000000000004,0.42000000000000004,9.123106303344523,2,-7.123,31.0,4.0
9,2,Hincapie,Arsenal,Chelsea,True,5.3,0.9,3,23,0.0,0.0,0.0,0.0,0.0,0.0,,0.0,0.0,0.0,0.3886524681001895,1,0.6732765758361307,0,2,0,1,3,0.0,0.0,1.0,1,0.0,17.0,1.0
10,2,White,Arsenal,Chelsea,True,5.5,5.5,3,90,0.0,0.0,0.0,0.0,0.0,0.0,,0.0,0.03,0.0,0.3886524681001895,1,0.6732765758361307,0,4,4,2,6,0.03,0.03,4.783106303344523,2,-2.783,57.0,5.0
11,2,Mosquera,Arsenal,Chelsea,True,5.3,1.7,3,0,0.0,0.0,0.0,0.0,0.0,0.0,,0.0,0.0,0.0,0.3886524681001895,1,0.6732765758361307,0,0,0,0,0,0.0,0.0,0.0,0,0.0,,
12,3,Saka,Arsenal,Chelsea,True,9.5,13.2,3,89,4.0,3.0,3.0,0.22,0.22,0.0,0.0,1.0,0.23,0.0,0.3886524681001895,1,0.6732765758361307,0,1,2,1,4,0.45,0.45,4.463276575836131,2,-2.463,49.0,4.0
13,3,Rice,Arsenal,Chelsea,True,7.4,12.4,3,90,1.0,0.0,0.0,0.03,0.03,0.0,0.0,1.0,0.08,1.0,0.3886524681001895,1,0.6732765758361307,0,5,1,0,6,0.11,0.11,3.063276575836131,5,1.937,81.0,0.0
14,3,Eze,Arsenal,Chelsea,True,6.3,1.0,3,0,0.0,0.0,0.0,0.0,0.0,0.0,,0.0,0.0,0.0,0.3886524681001895,1,0.6732765758361307,0,0,0,0,0,0.0,0.0,0.0,0,0.0,,
15,3,Ødegaard,Arsenal,Chelsea,True,6.8,20.1,3,76,2.0,1.0,2.0,0.72,0.72,1.0,1.0,4.0,0.88,0.0,0.3886524681001895,1,0.6732765758361307,0,0,3,0,3,1.6,1.6,11.91327657583613,10,-1.913,66.0,6.0
16,3,Madueke,Arsenal,Chelsea,True,6.2,0.2,3,1,0.0,0.0,0.0,0.0,0.0,0.0,,0.0,0.01,0.0,0.3886524681001895,1,0.6732765758361307,0,0,0,1,1,0.01,0.01,1.03,1,-0.03,6.0,0.0
17,3,Merino,Arsenal,Chelsea,True,5.8,0.4,3,13,0.0,0.0,0.0,0.0,0.0,0.0,,0.0,0.0,0.0,0.3886524681001895,1,0.6732765758361307,0,0,0,0,0,0.0,0.0,0.0,0,0.0,10.0,0.0
18,3,Martinelli,Arsenal,Chelsea,True,6.3,0.1,3,0,0.0,0.0,0.0,0.0,0.0,0.0,,0.0,0.0,0.0,0.3886524681001895,1,0.6732765758361307,0,0,0,0,0,0.0,0.0,0.0,0,0.0,,
19,3,Zubimendi,Arsenal,Chelsea,True,5.3,0.6,3,23,1.0,0.0,1.0,0.08,0.08,0.0,0.0,0.0,0.02,0.0,0.3886524681001895,1,0.6732765758361307,0,4,0,0,4,0.1,0.1,1.46,1,-0.46,20.0,4.0
20,3,Dowman,Arsenal,Chelsea,True,5.3,0.1,3,0,0.0,0.0,0.0,0.0,0.0,0.0,,0.0,0.0,0.0,0.3886524681001895,1,0.6732765758361307,0,0,0,0,0,0.0,0.0,0.0,0,0.0,,
21,3,Nørgaard,Everton,Man Utd,True,4.9,0.0,3,0,0.0,0.0,0.0,0.0,0.0,0.0,,0.0,0.0,0.0,0.6876574847847217,2,0.47837611998665824,0,0,0,0,0,0.0,0.0,0.0,0,0.0,,
22,3,Nwaneri,Arsenal,Chelsea,True,5.4,0.0,3,0,0.0,0.0,0.0,0.0,0.0,0.0,,0.0,0.0,0.0,0.3886524681001895,1,0.6732765758361307,0,0,0,0,0,0.0,0.0,0.0,0,0.0,,
23,3,Fábio Vieira,Arsenal,Chelsea,True,5.5,0.0,3,0,0.0,0.0,0.0,0.0,0.0,0.0,,0.0,0.0,0.0,0.3886524681001895,1,0.6732765758361307,0,0,0,0,0,0.0,0.0,0.0,0,0.0,,
24,3,Nelson,Arsenal,Chelsea,True,5.5,0.0,3,0,0.0,0.0,0.0,0.0,0.0,0.0,,0.0,0.0,0.0,0.3886524681001895,1,0.6732765758361307,0,0,0,0,0,0.0,0.0,0.0,0,0.0,,
25,4,Gyökeres,Arsenal,Chelsea,True,7.2,3.2,3,12,0.0,0.0,0.0,0.0,0.0,0.0,,0.0,0.0,0.0,0.3886524681001895,1,0.6732765758361307,0,0,1,0,1,0.0,0.0,1.0,1,0.0,5.0,0.0
26,4,Havertz,Arsenal,Chelsea,True,7.6,8.5,3,77,3.0,2.0,2.0,0.27,0.27,1.0,1.0,3.0,0.27,0.0,0.3886524681001895,1,0.6732765758361307,0,1,0,0,1,0.54,0.54,3.89,8,4.11,39.0,8.0
27,4,G.Jesus,Arsenal,Chelsea,True,5.9,0.2,3,0,0.0,0.0,0.0,0.0,0.0,0.0,,0.0,0.0,0.0,0.3886524681001895,1,0.6732765758361307,0,0,0,0,0,0.0,0.0,0.0,0,0.0,,
28,1,Martinez,Chelsea,Arsenal,False,5.0,4.9,3,90,0.0,0.0,0.0,0.0,0.0,0.0,,0.0,0.0,0.0,2.051748197525739,2,0.08191934284358839,0,0,8,0,0,0.0,0.0,3.3276773713743535,3,-0.328,49.0,0.0
29,1,M.Bizot,Aston Villa,Hull,False,4.5,0.1,3,0,0.0,0.0,0.0,0.0,0.0,0.0,,0.0,0.0,0.0,0.5691008735448118,0,0.5316915675540014,1,0,0,0,0,0.0,0.0,0.0,0,0.0,,
30,2,Digne,Aston Villa,Hull,False,4.5,0.1,3,0,0.0,0.0,0.0,0.0,0.0,0.0,,0.0,0.0,0.0,0.5691008735448118,0,0.5316915675540014,1,0,0,0,0,0.0,0.0,0.0,0,0.0,,
31,2,Konsa,Arsenal,Chelsea,True,4.6,19.4,3,90,0.0,0.0,0.0,0.0,0.0,0.0,,0.0,0.01,0.0,0.3886524681001895,1,0.6732765758361307,0,7,5,3,10,0.01,0.01,7.723106303344523,4,-3.723,56.0,2.0
32,2,Cash,Aston Villa,Hull,False,4.4,5.1,3,84,0.0,0.0,0.0,0.0,0.0,0.0,,1.0,0.03,0.0,0.5691008735448118,0,0.5316915675540014,1,1,1,0,1,0.03,0.03,4.216766270216006,6,1.783,85.0,3.0
33,2,Mings,Aston Villa,Hull,False,4.5,0.4,3,90,3.0,0.0,2.0,0.11,0.11,0.0,0.0,0.0,0.02,0.0,0.5691008735448118,0,0.5316915675540014,1,4,2,1,5,0.13,0.13,4.846766270216006,6,1.153,90.0,3.0
34,2,Pau,Aston Villa,Hull,False,4.5,0.3,3,0,0.0,0.0,0.0,0.0,0.0,0.0,,0.0,0.0,0.0,0.5691008735448118,0,0.5316915675540014,1,0,0,0,0,0.0,0.0,0.0,0,0.0,,
35,3,Bogarde,Aston Villa,Hull,False,5.0,0.1,3,0,0.0,0.0,0.0,0.0,0.0,0.0,,0.0,0.0,0.0,0.5691008735448118,0,0.5316915675540014,1,0,0,0,0,0.0,0.0,0.0,0,0.0,,
36,2,Maatsen,Aston Villa,Hull,False,4.5,0.6,3,74,0.0,0.0,0.0,0.0,0.0,0.0,,1.0,0.42,0.0,0.5691008735448118,0,0.5316915675540014,1,2,0,1,3,0.42,0.42,6.386766270216006,7,0.613,56.0,2.0
37,2,Lindelöf,Aston Villa,Hull,False,4.5,0.3,3,90,0.0,0.0,0.0,0.0,0.0,0.0,,2.0,0.08,0.0,0.5691008735448118,0,0.5316915675540014,1,4,3,0,4,0.08,0.08,4.366766270216006,6,1.633,114.0,1.0
38,2,A.García,Aston Villa,Hull,False,4.0,1.6,3,0,0.0,0.0,0.0,0.0,0.0,0.0,,0.0,0.0,0.0,0.5691008735448118,0,0.5316915675540014,1,0,0,0,0,0.0,0.0,0.0,0,0.0,,
39,2,Nedeljkovic,Aston Villa,Hull,False,4.0,0.1,3,0,0.0,0.0,0.0,0.0,0.0,0.0,,0.0,0.0,0.0,0.5691008735448118,0,0.5316915675540014,1,0,0,0,0,0.0,0.0,0.0,0,0.0,,
40,3,Rogers,Chelsea,Arsenal,False,7.7,40.0,3,86,3.0,1.0,1.0,0.08,0.08,1.0,1.0,1.0,0.03,0.0,2.051748197525739,2,0.08191934284358839,0,0,5,0,5,0.11,0.11,1.571919342843588,6,4.428,39.0,3.0
41,3,Buendía,Aston Villa,Hull,False,5.9,0.9,3,74,2.0,0.0,1.0,0.61,0.61,0.0,0.0,0.0,0.05,0.0,0.5691008735448118,0,0.5316915675540014,1,0,2,0,2,0.66,0.66,7.731691567554002,3,-4.732,40.0,2.0
42,3,Guessand,Crystal Palace,Fulham,False,5.4,0.0,3,0,0.0,0.0,0.0,0.0,0.0,0.0,,0.0,0.0,0.0,3.160013467073439,2,0.027849013088809157,0,0,0,0,0,0.0,0.0,0.0,0,0.0,,
43,3,Tielemans,Man Utd,Everton,False,5.8,1.5,3,90,2.0,1.0,0.0,0.05,0.05,0.0,0.0,1.0,0.06,0.0,1.0101613653823724,2,0.3417639422013538,0,2,5,0,7,0.11,0.11,2.771763942201354,2,-0.772,89.0,0.0
44,3,Bailey,Aston Villa,Hull,False,5.4,0.1,3,0,0.0,0.0,0.0,0.0,0.0,0.0,,0.0,0.0,0.0,0.5691008735448118,0,0.5316915675540014,1,0,0,0,0,0.0,0.0,0.0,0,0.0,,
45,3,McGinn,Aston Villa,Hull,False,5.4,2.2,3,90,1.0,0.0,1.0,0.68,0.68,0.0,0.0,0.0,0.03,0.0,0.5691008735448118,0,0.5316915675540014,1,1,2,2,5,0.7100000000000001,0.7100000000000001,9.021691567554,3,-6.022,55.0,1.0
46,3,Barkley,Aston Villa,Hull,False,5.0,0.3,3,90,4.0,0.0,3.0,0.22,0.22,0.0,0.0,2.0,0.09,0.0,0.5691008735448118,0,0.5316915675540014,1,2,4,0,6,0.31,0.31,3.9016915675540016,3,-0.902,120.0,3.0
47,3,Kamara,Aston Villa,Hull,False,5.0,0.3,3,90,0.0,0.0,0.0,0.0,0.0,0.0,,1.0,0.07,0.0,0.5691008735448118,0,0.5316915675540014,1,3,6,1,10,0.07,0.07,2.7416915675540015,3,0.258,114.0,0.0
48,3,Onana,Aston Villa,Hull,False,4.9,0.0,3,0,0.0,0.0,0.0,0.0,0.0,0.0,,0.0,0.0,0.0,0.5691008735448118,0,0.5316915675540014,1,0,0,0,0,0.0,0.0,0.0,0,0.0,,
49,3,Iling Jr,Aston Villa,Hull,False,5.0,0.0,3,0,0.0,0.0,0.0,0.0,0.0,0.0,,0.0,0.0,0.0,0.5691008735448118,0,0.5316915675540014,1,0,0,0,0,0.0,0.0,0.0,0,0.0,,
50,3,Burrowes,Aston Villa,Hull,False,4.5,0.6,3,0,0.0,0.0,0.0,0.0,0.0,0.0,,0.0,0.0,0.0,0.5691008735448118,0,0.5316915675540014,1,0,0,0,0,0.0,0.0,0.0,0,0.0,,
51,3,George Hemmings,Aston Villa,Hull,False,4.5,1.2,3,74,1.0,1.0,1.0,0.07,0.07,0.0,0.0,1.0,0.14,0.0,0.5691008735448118,0,0.5316915675540014,1,2,4,1,7,0.21000000000000002,0.21000000000000002,3.3016915675540015,3,-0.302,32.0,3.0
52,3,Alysson,Aston Villa,Hull,False,5.0,0.1,3,15,0.0,0.0,0.0,0.0,0.0,0.0,,0.0,0.0,0.0,0.5691008735448118,0,0.5316915675540014,1,0,1,0,1,0.0,0.0,1.0,1,0.0,13.0,0.0
53,3,Manzambi,Aston Villa,Hull,False,5.9,0.1,3,0,0.0,0.0,0.0,0.0,0.0,0.0,,0.0,0.0,0.0,0.5691008735448118,0,0.5316915675540014,1,0,0,0,0,0.0,0.0,0.0,0,0.0,,
54,3,Gomes,Aston Villa,Hull,False,5.5,0.0,3,0,0.0,0.0,0.0,0.0,0.0,0.0,,0.0,0.0,0.0,0.5691008735448118,0,0.5316915675540014,1,0,0,0,0,0.0,0.0,0.0,0,0.0,,
55,4,Watkins,Aston Villa,Hull,False,7.8,2.6,3,0,0.0,0.0,0.0,0.0,0.0,0.0,,0.0,0.0,0.0,0.5691008735448118,0,0.5316915675540014,1,0,0,0,0,0.0,0.0,0.0,0,0.0,,
56,4,Abraham,Aston Villa,Hull,False,5.5,0.2,3,5,0.0,0.0,0.0,0.0,0.0,0.0,,0.0,0.0,0.0,0.5691008735448118,0,0.5316915675540014,1,0,0,1,1,0.0,0.0,1.0,1,0.0,4.0,0.0
57,1,Petrović,Bournemouth,Newcastle,False,4.5,3.0,3,90,0.0,0.0,0.0,0.0,0.0,0.0,,0.0,0.0,0.0,0.7074410449713465,3,0.452874229578685,0,1,8,0,0,0.0,0.0,3.81149691831474,1,-2.811,35.0,0.0
58,1,Forster,Bournemouth,Newcastle,False,4.0,3.5,3,0,0.0,0.0,0.0,0.0,0.0,0.0,,0.0,0.0,0.0,0.7074410449713465,3,0.452874229578685,0,0,0,0,0,0.0,0.0,0.0,0,0.0,,
59,1,Dennis,Bournemouth,Newcastle,False,4.0,0.1,3,0,0.0,0.0,0.0,0.0,0.0,0.0,,0.0,0.0,0.0,0.7074410449713465,3,0.452874229578685,0,0,0,0,0,0.0,0.0,0.0,0,0.0,,
60,2,Hill,Bournemouth,Newcastle,False,5.5,0.8,3,90,0.0,0.0,0.0,0.0,0.0,0.0,,3.0,0.02,0.0,0.7074410449713465,3,0.452874229578685,0,6,1,0,6,0.02,0.02,3.87149691831474,1,-2.871,58.0,1.0
61,2,Truffert,Bournemouth,Newcastle,False,5.5,3.1,3,90,1.0,0.0,0.0,0.01,0.01,0.0,0.0,1.0,0.06,0.0,0.7074410449713465,3,0.452874229578685,0,3,5,3,6,0.06999999999999999,0.06999999999999999,3.05149691831474,0,-3.051,55.0,0.0
62,2,Diakité,Bournemouth,Newcastle,False,5.0,0.2,3,0,0.0,0.0,0.0,0.0,0.0,0.0,,0.0,0.0,0.0,0.7074410449713465,3,0.452874229578685,0,0,0,0,0,0.0,0.0,0.0,0,0.0,,
63,2,Milosavljević,Bournemouth,Newcastle,False,4.9,0.0,3,0,0.0,0.0,0.0,0.0,0.0,0.0,,0.0,0.0,0.0,0.7074410449713465,3,0.452874229578685,0,0,0,0,0,0.0,0.0,0.0,0,0.0,,
64,2,Smith,Bournemouth,Newcastle,False,4.5,0.1,3,90,1.0,0.0,0.0,0.01,0.01,0.0,0.0,2.0,0.04,0.0,0.7074410449713465,3,0.452874229578685,0,3,6,1,4,0.05,0.05,2.99149691831474,0,-2.991,39.0,1.0
65,2,J.Araujo,Bournemouth,Newcastle,False,4.4,0.0,3,0,0.0,0.0,0.0,0.0,0.0,0.0,,0.0,0.0,0.0,0.7074410449713465,3,0.452874229578685,0,0,0,0,0,0.0,0.0,0.0,0,0.0,,
66,2,Soler,Bournemouth,Newcastle,False,4.0,0.3,3,0,0.0,0.0,0.0,0.0,0.0,0.0,,0.0,0.0,0.0,0.7074410449713465,3,0.452874229578685,0,0,0,0,0,0.0,0.0,0.0,0,0.0,,
67,3,Rayan,Bournemouth,Newcastle,False,6.3,1.6,3,88,1.0,0.0,1.0,0.04,0.04,0.0,0.0,0.0,0.01,0.0,0.7074410449713465,3,0.452874229578685,0,1,0,1,2,0.05,0.05,2.682874229578685,2,-0.683,24.0,4.0
68,3,Tavernier,Bournemouth,Newcastle,False,6.1,6.5,3,88,5.0,4.0,3.0,1.01,1.01,1.0,1.0,1.0,0.05,0.0,0.7074410449713465,3,0.452874229578685,0,0,8,1,9,1.06,1.06,10.652874229578686,10,-0.653,46.0,4.0
69,3,Scott,Bournemouth,Newcastle,False,6.1,5.8,3,90,2.0,0.0,0.0,0.07,0.07,0.0,0.0,2.0,0.02,0.0,0.7074410449713465,3,0.452874229578685,0,5,6,0,11,0.09000000000000001,0.09000000000000001,2.862874229578685,10,7.137,59.0,4.0
70,3,Kluivert,Bournemouth,Newcastle,False,6.0,1.0,3,75,2.0,0.0,0.0,0.06,0.06,0.0,0.0,0.0,0.01,0.0,0.7074410449713465,3,0.452874229578685,0,0,3,1,4,0.06999999999999999,0.06999999999999999,1.7828742295786846,1,-0.783,19.0,0.0
71,3,Cook,Bournemouth,Newcastle,False,5.0,0.2,3,14,0.0,0.0,0.0,0.0,0.0,0.0,,0.0,0.0,0.0,0.7074410449713465,3,0.452874229578685,0,1,0,0,1,0.0,0.0,1.0,1,0.0,5.0,0.0
72,3,Gannon-Doak,Bournemouth,Newcastle,False,4.9,0.1,3,1,1.0,0.0,1.0,0.02,0.02,0.0,0.0,0.0,0.0,0.0,0.7074410449713465,3,0.452874229578685,0,0,1,1,2,0.02,0.02,1.1,1,-0.1,5.0,1.0
73,3,Adams,Bournemouth,Newcastle,False,5.0,0.3,3,75,0.0,0.0,0.0,0.0,0.0,0.0,,1.0,0.01,0.0,0.7074410449713465,3,0.452874229578685,0,1,8,3,12,0.01,0.01,6.482874229578685,4,-2.483,53.0,0.0
74,3,Brooks,Bournemouth,Newcastle,False,5.0,0.1,3,14,0.0,0.0,0.0,0.0,0.0,0.0,,0.0,0.0,0.0,0.7074410449713465,3,0.452874229578685,0,0,0,0,0,0.0,0.0,1.0,1,0.0,3.0,0.0
75,3,Christie,Bournemouth,Newcastle,False,5.0,0.0,3,1,0.0,0.0,0.0,0.0,0.0,0.0,,0.0,0.0,0.0,0.7074410449713465,3,0.452874229578685,0,0,0,0,0,0.0,0.0,1.0,1,0.0,1.0,0.0
76,3,Tóth.A,Bournemouth,Newcastle,False,4.9,0.0,3,0,0.0,0.0,0.0,0.0,0.0,0.0,,0.0,0.0,0.0,0.7074410449713465,3,0.452874229578685,0,0,0,0,0,0.0,0.0,0.0,0,0.0,,
77,3,Adli,Bournemouth,Newcastle,False,4.9,0.0,3,0,0.0,0.0,0.0,0.0,0.0,0.0,,0.0,0.0,0.0,0.7074410449713465,3,0.452874229578685,0,0,0,0,0,0.0,0.0,0.0,0,0.0,,
78,3,Kroupi.Jr,Bournemouth,Newcastle,False,7.4,0.2,3,0,0.0,0.0,0.0,0.0,0.0,0.0,,0.0,0.0,0.0,0.7074410449713465,3,0.452874229578685,0,0,0,0,0,0.0,0.0,0.0,0,0.0,,
79,4,Evanilson,Bournemouth,Newcastle,False,6.0,3.3,3,90,3.0,0.0,3.0,0.13,0.13,0.0,0.0,0.0,0.01,0.0,0.7074410449713465,3,0.452874229578685,0,4,3,0,7,0.14,0.14,2.55,2,-0.55,37.0,7.0
80,4,Enes Ünal,Bournemouth,Newcastle,False,5.5,0.0,3,0,0.0,0.0,0.0,0.0,0.0,0.0,,0.0,0.0,0.0,0.7074410449713465,3,0.452874229578685,0,0,0,0,0,0.0,0.0,0.0,0,0.0,,
81,4,Rodríguez,Bournemouth,Newcastle,False,6.0,0.1,3,0,0.0,0.0,0.0,0.0,0.0,0.0,,0.0,0.0,0.0,0.7074410449713465,3,0.452874229578685,0,0,0,0,0,0.0,0.0,0.0,0,0.0,,
82,1,Kelleher,Brentford,Sunderland,True,5.0,6.1,3,90,0.0,0.0,0.0,0.0,0.0,0.0,,0.0,0.0,0.0,1.7102441070988768,1,0.08029393435642035,0,2,6,0,0,0.0,0.0,2.3211757374256816,2,-0.321,40.0,0.0
83,1,Valdimarsson,Brentford,Sunderland,True,4.5,0.1,3,0,0.0,0.0,0.0,0.0,0.0,0.0,,0.0,0.0,0.0,1.7102441070988768,1,0.08029393435642035,0,0,0,0,0,0.0,0.0,0.0,0,0.0,,
84,2,Collins,Brentford,Sunderland,True,5.4,1.0,3,16,0.0,0.0,0.0,0.0,0.0,0.0,,0.0,0.0,0.0,1.7102441070988768,1,0.08029393435642035,0,1,0,0,1,0.0,0.0,1.0,1,0.0,4.0,0.0
85,2,Van den Berg,Brentford,Sunderland,True,4.9,0.1,3,0,0.0,0.0,0.0,0.0,0.0,0.0,,0.0,0.0,0.0,1.7102441070988768,1,0.08029393435642035,0,0,0,0,0,0.0,0.0,0.0,0,0.0,,
86,3,Lewis-Potter,Brentford,Sunderland,True,5.5,1.8,3,90,3.0,0.0,2.0,0.24,0.24,0.0,0.0,3.0,0.4,0.0,1.7102441070988768,1,0.08029393435642035,0,4,1,1,6,0.64,0.64,4.48029393435642,2,-2.48,62.0,8.0
87,2,Ajer,Brentford,Sunderland,True,4.5,4.0,3,90,0.0,0.0,0.0,0.0,0.0,0.0,,0.0,0.0,0.0,1.7102441070988768,1,0.08029393435642035,0,5,2,0,5,0.0,0.0,2.3211757374256816,2,-0.321,65.0,0.0
88,2,Kayode,Brentford,Sunderland,True,4.6,7.7,3,45,1.0,0.0,0.0,0.03,0.03,0.0,0.0,0.0,0.0,0.0,1.7102441070988768,1,0.08029393435642035,0,5,2,0,5,0.03,0.03,1.18,1,-0.18,18.0,0.0
89,2,Henry,Brentford,Sunderland,True,4.4,0.2,3,0,0.0,0.0,0.0,0.0,0.0,0.0,,0.0,0.0,0.0,1.7102441070988768,1,0.08029393435642035,0,0,0,0,0,0.0,0.0,0.0,0,0.0,,
90,2,Hickey,Brentford,Sunderland,True,4.5,0.1,3,45,0.0,0.0,0.0,0.0,0.0,0.0,,0.0,0.0,0.0,1.7102441070988768,1,0.08029393435642035,0,4,2,1,5,0.0,0.0,1.0,1,0.0,29.0,0.0
91,2,Pinnock,Coventry,Man City,False,4.5,0.1,3,90,1.0,0.0,1.0,0.11,0.11,0.0,0.0,0.0,0.0,0.0,2.1241424167528744,1,0.06586733100255733,0,12,2,1,13,0.11,0.11,2.9234693240102296,3,0.077,29.0,2.0
92,2,Ji-soo,Brentford,Sunderland,True,4.5,0.0,3,0,0.0,0.0,0.0,0.0,0.0,0.0,,0.0,0.0,0.0,1.7102441070988768,1,0.08029393435642035,0,0,0,0,0,0.0,0.0,0.0,0,0.0,,
93,2,Schuster,Brentford,Sunderland,True,4.5,0.2,3,73,1.0,0.0,1.0,0.1,0.1,0.0,0.0,0.0,0.01,0.0,1.7102441070988768,1,0.08029393435642035,0,10,0,0,10,0.11,0.11,4.9511757374256815,4,-0.951,42.0,1.0
94,3,Schade,Brentford,Sunderland,True,6.1,8.0,3,90,0.0,0.0,0.0,0.0,0.0,0.0,,1.0,0.17,0.0,1.7102441070988768,1,0.08029393435642035,0,0,5,0,5,0.17,0.17,2.5902939343564206,2,-0.59,43.0,4.0
95,3,O.Dango,Brentford,Sunderland,True,6.3,0.5,3,45,0.0,0.0,0.0,0.0,0.0,0.0,,1.0,0.01,0.0,1.7102441070988768,1,0.08029393435642035,0,3,7,1,11,0.01,0.01,1.03,1,-0.03,22.0,0.0
96,3,Damsgaard,Brentford,Sunderland,True,5.4,0.4,3,85,0.0,0.0,0.0,0.0,0.0,0.0,,2.0,0.21,0.0,1.7102441070988768,1,0.08029393435642035,0,1,3,0,4,0.21,0.21,2.7102939343564203,8,5.29,53.0,3.0
97,3,Jensen,Brentford,Sunderland,True,5.4,0.1,3,0,0.0,0.0,0.0,0.0,0.0,0.0,,0.0,0.0,0.0,1.7102441070988768,1,0.08029393435642035,0,0,0,0,0,0.0,0.0,0.0,0,0.0,,
98,3,Janelt,Brentford,Sunderland,True,5.0,2.5,3,90,1.0,1.0,1.0,0.11,0.11,1.0,1.0,0.0,0.01,0.0,1.7102441070988768,1,0.08029393435642035,0,3,5,4,12,0.12,0.12,3.6602939343564205,11,7.34,61.0,1.0
99,3,Milambo,Brentford,Sunderland,True,5.0,0.0,3,0,0.0,0.0,0.0,0.0,0.0,0.0,,0.0,0.0,0.0,1.7102441070988768,1,0.08029393435642035,0,0,0,0,0,0.0,0.0,0.0,0,0.0,,
100,3,Carvalho,Brentford,Sunderland,True,5.0,0.0,3,0,0.0,0.0,0.0,0.0,0.0,0.0,,0.0,0.0,0.0,1.7102441070988768,1,0.08029393435642035,0,0,0,0,0,0.0,0.0,0.0,0,0.0,,
101,3,Henderson,Chelsea,Arsenal,False,4.9,0.0,3,0,0.0,0.0,0.0,0.0,0.0,0.0,,0.0,0.0,0.0,2.051748197525739,2,0.08191934284358839,0,0,0,0,0,0.0,0.0,0.0,0,0.0,,
102,3,Yarmoliuk,Brentford,Sunderland,True,4.8,0.7,3,45,1.0,0.0,0.0,0.03,0.03,0.0,0.0,0.0,0.02,0.0,1.7102441070988768,1,0.08029393435642035,0,1,3,1,5,0.05,0.05,0.20999999999999996,0,-0.21,38.0,0.0
103,3,Dasilva,Brentford,Sunderland,True,4.9,0.0,3,0,0.0,0.0,0.0,0.0,0.0,0.0,,0.0,0.0,0.0,1.7102441070988768,1,0.08029393435642035,0,0,0,0,0,0.0,0.0,0.0,0,0.0,,
104,3,Onyeka,Coventry,Man City,False,4.9,0.1,3,62,0.0,0.0,0.0,0.0,0.0,0.0,,0.0,0.0,0.0,2.1241424167528744,1,0.06586733100255733,0,0,2,1,3,0.0,0.0,2.0658673310025573,2,-0.066,19.0,0.0
105,3,Anthony,Brentford,Sunderland,True,5.9,0.1,3,45,1.0,0.0,0.0,0.05,0.05,0.0,0.0,0.0,0.01,0.0,1.7102441070988768,1,0.08029393435642035,0,0,4,0,4,0.060000000000000005,0.060000000000000005,1.28,1,-0.28,29.0,1.0
106,4,Thiago,Brentford,Sunderland,True,7.8,8.9,3,90,2.0,1.0,2.0,0.5,0.5,0.0,0.0,0.0,0.01,0.0,1.7102441070988768,1,0.08029393435642035,0,3,2,1,6,0.51,0.51,4.03,2,-2.03,35.0,3.0
107,4,Furo,Brentford,Sunderland,True,4.5,1.0,3,0,0.0,0.0,0.0,0.0,0.0,0.0,,0.0,0.0,0.0,1.7102441070988768,1,0.08029393435642035,0,0,0,0,0,0.0,0.0,0.0,0,0.0,,
108,4,Wilson,Brentford,Sunderland,True,5.4,0.3,3,4,0.0,0.0,0.0,0.0,0.0,0.0,,0.0,0.0,0.0,1.7102441070988768,1,0.08029393435642035,0,1,0,0,1,0.0,0.0,1.0,1,0.0,2.0,0.0
109,1,Verbruggen,Brighton,Leeds,True,4.5,21.7,3,90,0.0,0.0,0.0,0.0,0.0,0.0,,0.0,0.2,0.0,2.61606671102345,1,0.012093029528652778,0,0,5,0,0,0.2,0.2,2.648372118114611,3,0.352,48.0,0.0
110,1,Rushworth,Coventry,Man City,False,4.5,0.8,3,90,0.0,0.0,0.0,0.0,0.0,0.0,,0.0,0.0,0.0,2.1241424167528744,1,0.06586733100255733,0,1,9,0,0,0.0,0.0,1.2634693240102295,2,0.737,43.0,0.0
111,1,Steele,Brighton,Leeds,True,4.0,4.2,3,0,0.0,0.0,0.0,0.0,0.0,0.0,,0.0,0.0,0.0,2.61606671102345,1,0.012093029528652778,0,0,0,0,0,0.0,0.0,0.0,0,0.0,,
112,2,Van Hecke,Spurs,Nott'm Forest,False,4.9,6.7,3,90,2.0,0.0,2.0,0.09,0.09,0.0,0.0,1.0,0.01,0.0,0.9222217742353673,0,0.36872597145494135,1,3,4,1,4,0.09999999999999999,0.09999999999999999,4.044903885819766,8,3.955,84.0,2.0
113,2,F.Kadıoğlu,Brighton,Leeds,True,4.4,1.6,3,77,2.0,1.0,1.0,0.06,0.06,0.0,0.0,1.0,0.01,0.0,2.61606671102345,1,0.012093029528652778,0,4,2,1,5,0.06999999999999999,0.06999999999999999,1.438372118114611,2,0.562,45.0,1.0
114,2,Boscagli,Brighton,Leeds,True,4.5,0.3,3,90,0.0,0.0,0.0,0.0,0.0,0.0,,5.0,0.33,0.0,2.61606671102345,1,0.012093029528652778,0,4,4,0,4,0.33,0.33,2.0383721181146113,2,-0.038,90.0,0.0
115,2,De Cuyper,Brighton,Leeds,True,4.9,25.2,3,76,0.0,0.0,0.0,0.0,0.0,0.0,,1.0,0.14,1.0,2.61606671102345,1,0.012093029528652778,0,1,4,1,2,0.14,0.14,0.468372118114611,4,3.532,50.0,1.0
116,2,Dunk,Brighton,Leeds,True,4.5,1.5,3,90,0.0,0.0,0.0,0.0,0.0,0.0,,0.0,0.01,0.0,2.61606671102345,1,0.012093029528652778,0,12,5,0,12,0.01,0.01,3.0783721181146113,5,1.922,99.0,2.0
117,2,Coppola,Brighton,Leeds,True,4.5,0.0,3,0,0.0,0.0,0.0,0.0,0.0,0.0,,0.0,0.0,0.0,2.61606671102345,1,0.012093029528652778,0,0,0,0,0,0.0,0.0,0.0,0,0.0,,
118,2,Igor,Brighton,Leeds,True,4.5,0.0,3,0,0.0,0.0,0.0,0.0,0.0,0.0,,0.0,0.0,0.0,2.61606671102345,1,0.012093029528652778,0,0,0,0,0,0.0,0.0,0.0,0,0.0,,
119,2,Costinha,Brighton,Leeds,True,4.5,0.0,3,12,0.0,0.0,0.0,0.0,0.0,0.0,,1.0,0.16,0.0,2.61606671102345,1,0.012093029528652778,0,1,0,0,1,0.16,0.16,1.48,1,-0.48,14.0,0.0
120,2,Svoboda,Brighton,Leeds,True,5.0,0.1,3,0,0.0,0.0,0.0,0.0,0.0,0.0,,0.0,0.0,0.0,2.61606671102345,1,0.012093029528652778,0,0,0,0,0,0.0,0.0,0.0,0,0.0,,
121,3,Mitoma,Brighton,Leeds,True,5.9,0.0,3,0,0.0,0.0,0.0,0.0,0.0,0.0,,0.0,0.0,0.0,2.61606671102345,1,0.012093029528652778,0,0,0,0,0,0.0,0.0,0.0,0,0.0,,
122,3,Minteh,Brighton,Leeds,True,5.9,0.0,3,0,0.0,0.0,0.0,0.0,0.0,0.0,,0.0,0.0,0.0,2.61606671102345,1,0.012093029528652778,0,0,0,0,0,0.0,0.0,0.0,0,0.0,,
123,3,Hinshelwood,Brighton,Leeds,True,5.9,0.6,3,0,0.0,0.0,0.0,0.0,0.0,0.0,,0.0,0.0,0.0,2.61606671102345,1,0.012093029528652778,0,0,0,0,0,0.0,0.0,0.0,0,0.0,,
124,3,Groß,Brighton,Leeds,True,5.7,21.5,3,90,5.0,0.0,2.0,0.79,0.79,0.0,0.0,1.0,0.04,0.0,2.61606671102345,1,0.012093029528652778,0,2,2,0,4,0.8300000000000001,0.8300000000000001,7.082093029528653,1,-6.082,79.0,4.0
125,4,Georginio,Brighton,Leeds,True,5.4,0.5,3,0,0.0,0.0,0.0,0.0,0.0,0.0,,0.0,0.0,0.0,2.61606671102345,1,0.012093029528652778,0,0,0,0,0,0.0,0.0,0.0,0,0.0,,
126,3,O'Riley,Brighton,Leeds,True,5.4,0.1,3,0,0.0,0.0,0.0,0.0,0.0,0.0,,0.0,0.0,0.0,2.61606671102345,1,0.012093029528652778,0,0,0,0,0,0.0,0.0,0.0,0,0.0,,
127,3,Gomez,Brighton,Leeds,True,5.0,4.2,3,90,4.0,1.0,1.0,0.09,0.09,0.0,0.0,2.0,0.05,0.0,2.61606671102345,1,0.012093029528652778,0,2,4,3,9,0.14,0.14,2.6120930295286526,2,-0.612,57.0,5.0
128,3,Buonanotte,Brighton,Leeds,True,5.0,0.0,3,0,0.0,0.0,0.0,0.0,0.0,0.0,,0.0,0.0,0.0,2.61606671102345,1,0.012093029528652778,0,0,0,0,0,0.0,0.0,0.0,0,0.0,,
129,3,Ayari,Brighton,Leeds,True,5.4,0.4,3,90,2.0,1.0,1.0,0.17,0.17,0.0,0.0,1.0,0.04,0.0,2.61606671102345,1,0.012093029528652778,0,1,2,0,3,0.21000000000000002,0.21000000000000002,2.982093029528653,2,-0.982,75.0,1.0
130,2,Wieffer,Brighton,Leeds,True,4.9,0.2,3,0,0.0,0.0,0.0,0.0,0.0,0.0,,0.0,0.0,0.0,2.61606671102345,1,0.012093029528652778,0,0,0,0,0,0.0,0.0,0.0,0,0.0,,
131,3,Baleba,Man Utd,Everton,False,4.9,0.1,3,0,0.0,0.0,0.0,0.0,0.0,0.0,,0.0,0.0,0.0,1.0101613653823724,2,0.3417639422013538,0,0,0,0,0,0.0,0.0,0.0,0,0.0,,
132,3,Howell,Brighton,Leeds,True,4.5,0.0,3,0,0.0,0.0,0.0,0.0,0.0,0.0,,0.0,0.0,0.0,2.61606671102345,1,0.012093029528652778,0,0,0,0,0,0.0,0.0,0.0,0,0.0,,
133,3,Watson,Brighton,Leeds,True,5.0,0.0,3,0,0.0,0.0,0.0,0.0,0.0,0.0,,0.0,0.0,0.0,2.61606671102345,1,0.012093029528652778,0,0,0,0,0,0.0,0.0,0.0,0,0.0,,
134,3,Oriola,Brighton,Leeds,True,4.5,0.2,3,0,0.0,0.0,0.0,0.0,0.0,0.0,,0.0,0.0,0.0,2.61606671102345,1,0.012093029528652778,0,0,0,0,0,0.0,0.0,0.0,0,0.0,,
135,3,Yohanna,Brighton,Leeds,True,4.9,0.0,3,0,0.0,0.0,0.0,0.0,0.0,0.0,,0.0,0.0,0.0,2.61606671102345,1,0.012093029528652778,0,0,0,0,0,0.0,0.0,0.0,0,0.0,,
136,4,Welbeck,Chelsea,Arsenal,False,5.9,1.0,3,3,0.0,0.0,0.0,0.0,0.0,0.0,,0.0,0.0,0.0,2.051748197525739,2,0.08191934284358839,0,0,0,0,0,0.0,0.0,1.0,1,0.0,2.0,1.0
137,4,Tzimas,Brighton,Leeds,True,5.4,0.0,3,0,0.0,0.0,0.0,0.0,0.0,0.0,,0.0,0.0,0.0,2.61606671102345,1,0.012093029528652778,0,0,0,0,0,0.0,0.0,0.0,0,0.0,,
138,4,Kostoulas,Brighton,Leeds,True,5.5,1.0,3,90,3.0,1.0,2.0,0.43,0.43,0.0,0.0,0.0,0.02,0.0,2.61606671102345,1,0.012093029528652778,0,3,4,1,8,0.45,0.45,3.78,2,-1.78,49.0,2.0
139,4,Ferguson,Brighton,Leeds,True,5.0,0.0,3,0,0.0,0.0,0.0,0.0,0.0,0.0,,0.0,0.0,0.0,2.61606671102345,1,0.012093029528652778,0,0,0,0,0,0.0,0.0,0.0,0,0.0,,
140,1,Sánchez,Chelsea,Arsenal,False,4.9,0.7,3,0,0.0,0.0,0.0,0.0,0.0,0.0,,0.0,0.0,0.0,2.051748197525739,2,0.08191934284358839,0,0,0,0,0,0.0,0.0,0.0,0,0.0,,
141,1,Jörgensen,Chelsea,Arsenal,False,5.0,0.0,3,0,0.0,0.0,0.0,0.0,0.0,0.0,,0.0,0.0,0.0,2.051748197525739,2,0.08191934284358839,0,0,0,0,0,0.0,0.0,0.0,0,0.0,,
142,2,James,Chelsea,Arsenal,False,5.4,6.5,3,90,3.0,1.0,0.0,0.07,0.07,0.0,0.0,1.0,0.05,0.0,2.051748197525739,2,0.08191934284358839,0,3,6,0,3,0.12000000000000001,0.12000000000000001,1.8976773713743533,1,-0.898,60.0,1.0
143,2,Chalobah,Chelsea,Arsenal,False,5.5,0.1,3,0,0.0,0.0,0.0,0.0,0.0,0.0,,0.0,0.0,0.0,2.051748197525739,2,0.08191934284358839,0,0,0,0,0,0.0,0.0,0.0,0,0.0,,
144,2,Gusto,Chelsea,Arsenal,False,5.0,1.0,3,30,1.0,0.0,0.0,0.04,0.04,0.0,0.0,0.0,0.01,0.0,2.051748197525739,2,0.08191934284358839,0,0,2,2,2,0.05,0.05,1.27,1,-0.27,25.0,0.0
145,2,Fofana,Chelsea,Arsenal,False,5.0,0.2,3,90,0.0,0.0,0.0,0.0,0.0,0.0,,2.0,0.04,0.0,2.051748197525739,2,0.08191934284358839,0,14,3,3,17,0.04,0.04,3.4476773713743536,3,-0.448,74.0,0.0
146,2,B.Badiashile,Chelsea,Arsenal,False,4.5,0.0,3,0,0.0,0.0,0.0,0.0,0.0,0.0,,0.0,0.0,0.0,2.051748197525739,2,0.08191934284358839,0,0,0,0,0,0.0,0.0,0.0,0,0.0,,
147,2,Tosin,Spurs,Nott'm Forest,False,4.4,0.2,3,0,0.0,0.0,0.0,0.0,0.0,0.0,,0.0,0.0,0.0,0.9222217742353673,0,0.36872597145494135,1,0,0,0,0,0.0,0.0,0.0,0,0.0,,
148,2,Hato,Chelsea,Arsenal,False,4.5,0.9,3,59,0.0,0.0,0.0,0.0,0.0,0.0,,1.0,0.02,1.0,2.051748197525739,2,0.08191934284358839,0,4,2,2,6,0.02,0.02,1.06,3,1.94,29.0,1.0
149,2,Colwill,Chelsea,Arsenal,False,4.8,0.9,3,0,0.0,0.0,0.0,0.0,0.0,0.0,,0.0,0.0,0.0,2.051748197525739,2,0.08191934284358839,0,0,0,0,0,0.0,0.0,0.0,0,0.0,,
150,2,M.Sarr,Chelsea,Arsenal,False,4.5,0.0,3,0,0.0,0.0,0.0,0.0,0.0,0.0,,0.0,0.0,0.0,2.051748197525739,2,0.08191934284358839,0,0,0,0,0,0.0,0.0,0.0,0,0.0,,
151,2,Acheampong,Chelsea,Arsenal,False,4.5,0.4,3,90,0.0,0.0,0.0,0.0,0.0,0.0,,0.0,0.01,0.0,2.051748197525739,2,0.08191934284358839,0,1,1,0,1,0.01,0.01,1.3576773713743535,1,-0.358,21.0,2.0
152,2,Palestra,Chelsea,Arsenal,False,5.3,0.6,3,0,0.0,0.0,0.0,0.0,0.0,0.0,,0.0,0.0,0.0,2.051748197525739,2,0.08191934284358839,0,0,0,0,0,0.0,0.0,0.0,0,0.0,,
153,2,Disasi,Crystal Palace,Fulham,False,4.5,0.1,3,90,0.0,0.0,0.0,0.0,0.0,0.0,,1.0,0.04,0.0,3.160013467073439,2,0.027849013088809157,0,9,8,4,13,0.04,0.04,3.2313960523552367,3,-0.231,78.0,1.0
154,3,Palmer,Chelsea,Arsenal,False,9.7,27.0,3,90,3.0,2.0,2.0,0.11,0.11,0.0,0.0,1.0,0.04,0.0,2.051748197525739,2,0.08191934284358839,0,0,3,0,3,0.15,0.15,1.7519193428435882,1,-0.752,55.0,4.0
155,3,Enzo,Man City,Coventry,True,6.9,3.5,3,75,2.0,0.0,2.0,0.13,0.13,0.0,0.0,1.0,0.12,0.0,1.367418968584388,0,0.21101161562865636,1,1,1,1,3,0.25,0.25,3.2210116156286563,3,-0.221,94.0,6.0
156,3,Neto,Chelsea,Arsenal,False,6.5,1.4,3,80,1.0,0.0,1.0,0.03,0.03,0.0,0.0,2.0,0.03,0.0,2.051748197525739,2,0.08191934284358839,0,2,4,1,7,0.06,0.06,2.321919342843588,2,-0.322,39.0,6.0
157,3,Estêvão,Chelsea,Arsenal,False,6.3,0.7,3,9,1.0,1.0,1.0,0.04,0.04,0.0,0.0,0.0,0.0,0.0,2.051748197525739,2,0.08191934284358839,0,0,0,0,0,0.04,0.04,1.2,1,-0.2,6.0,1.0
158,3,Gittens,Chelsea,Arsenal,False,5.9,0.0,3,0,0.0,0.0,0.0,0.0,0.0,0.0,,0.0,0.0,0.0,2.051748197525739,2,0.08191934284358839,0,0,0,0,0,0.0,0.0,0.0,0,0.0,,
159,3,Caicedo,Chelsea,Arsenal,False,5.3,1.1,3,0,0.0,0.0,0.0,0.0,0.0,0.0,,0.0,0.0,0.0,2.051748197525739,2,0.08191934284358839,0,0,0,0,0,0.0,0.0,0.0,0,0.0,,
160,3,Garnacho,Aston Villa,Hull,False,5.8,0.3,3,15,0.0,0.0,0.0,0.0,0.0,0.0,,0.0,0.0,0.0,0.5691008735448118,0,0.5316915675540014,1,0,0,0,0,0.0,0.0,1.0,1,0.0,12.0,0.0
161,3,Lavia,Chelsea,Arsenal,False,5.0,0.2,3,59,0.0,0.0,0.0,0.0,0.0,0.0,,0.0,0.01,0.0,2.051748197525739,2,0.08191934284358839,0,2,3,1,6,0.01,0.01,1.03,1,-0.03,37.0,0.0
162,3,Andrey Santos,Man Utd,Everton,False,4.8,0.6,3,6,0.0,0.0,0.0,0.0,0.0,0.0,,0.0,0.01,0.0,1.0101613653823724,2,0.3417639422013538,0,4,0,0,4,0.01,0.01,1.03,1,-0.03,16.0,3.0
163,3,D.Essugo,Chelsea,Arsenal,False,4.5,0.1,3,0,0.0,0.0,0.0,0.0,0.0,0.0,,0.0,0.0,0.0,2.051748197525739,2,0.08191934284358839,0,0,0,0,0,0.0,0.0,0.0,0,0.0,,
164,3,Quenda,Chelsea,Arsenal,False,5.3,0.0,3,0,0.0,0.0,0.0,0.0,0.0,0.0,,0.0,0.0,0.0,2.051748197525739,2,0.08191934284358839,0,0,0,0,0,0.0,0.0,0.0,0,0.0,,
165,4,João Pedro,Chelsea,Arsenal,False,7.8,68.4,3,90,1.0,0.0,0.0,0.02,0.02,0.0,0.0,2.0,0.05,0.0,2.051748197525739,2,0.08191934284358839,0,0,1,0,1,0.07,0.07,1.23,1,-0.23,34.0,4.0
166,4,N.Jackson,Aston Villa,Hull,False,6.5,1.2,3,84,2.0,0.0,2.0,0.24,0.24,0.0,0.0,1.0,0.44,0.0,0.5691008735448118,0,0.5316915675540014,1,0,2,0,2,0.6799999999999999,0.6799999999999999,4.28,2,-2.28,29.0,6.0
167,4,Delap,Nott'm Forest,Spurs,True,5.6,2.9,3,73,1.0,0.0,0.0,0.06,0.06,0.0,0.0,2.0,0.06,0.0,1.0640311120077965,0,0.27031510178051127,1,2,3,0,5,0.12,0.12,2.4200000000000004,2,-0.42,21.0,2.0
168,4,Marc Guiu,Chelsea,Arsenal,False,5.0,0.2,3,0,0.0,0.0,0.0,0.0,0.0,0.0,,0.0,0.0,0.0,2.051748197525739,2,0.08191934284358839,0,0,0,0,0,0.0,0.0,0.0,0,0.0,,
169,4,Mheuka,Chelsea,Arsenal,False,4.5,0.5,3,0,0.0,0.0,0.0,0.0,0.0,0.0,,0.0,0.0,0.0,2.051748197525739,2,0.08191934284358839,0,0,0,0,0,0.0,0.0,0.0,0,0.0,,
170,4,Emegha,Chelsea,Arsenal,False,5.0,0.1,3,0,0.0,0.0,0.0,0.0,0.0,0.0,,0.0,0.0,0.0,2.051748197525739,2,0.08191934284358839,0,0,0,0,0,0.0,0.0,0.0,0,0.0,,
171,1,Dovin,Coventry,Man City,False,4.0,1.0,3,0,0.0,0.0,0.0,0.0,0.0,0.0,,0.0,0.0,0.0,2.1241424167528744,1,0.06586733100255733,0,0,0,0,0,0.0,0.0,0.0,0,0.0,,
172,1,Wilson,Coventry,Man City,False,4.4,0.4,3,0,0.0,0.0,0.0,0.0,0.0,0.0,,0.0,0.0,0.0,2.1241424167528744,1,0.06586733100255733,0,0,0,0,0,0.0,0.0,0.0,0,0.0,,
173,2,Thomas,Coventry,Man City,False,4.0,8.6,3,90,5.0,0.0,4.0,0.22,0.22,0.0,0.0,2.0,0.17,0.0,2.1241424167528744,1,0.06586733100255733,0,11,3,1,12,0.39,0.39,7.093469324010229,4,-3.093,41.0,5.0
174,2,Kitching,Coventry,Man City,False,4.0,0.4,3,0,0.0,0.0,0.0,0.0,0.0,0.0,,0.0,0.0,0.0,2.1241424167528744,1,0.06586733100255733,0,0,0,0,0,0.0,0.0,0.0,0,0.0,,
175,2,van Ewijk,Coventry,Man City,False,4.0,9.5,3,90,0.0,0.0,0.0,0.0,0.0,0.0,,0.0,0.06,0.0,2.1241424167528744,1,0.06586733100255733,0,8,4,3,11,0.06,0.06,2.4434693240102296,3,0.557,47.0,1.0
176,2,Dasilva,Coventry,Man City,False,4.0,0.7,3,84,0.0,0.0,0.0,0.0,0.0,0.0,,1.0,0.08,0.0,2.1241424167528744,1,0.06586733100255733,0,5,3,2,7,0.08,0.08,2.5034693240102293,2,-0.503,27.0,0.0
177,2,Kesler-Hayden,Coventry,Man City,False,3.9,0.0,3,0,0.0,0.0,0.0,0.0,0.0,0.0,,0.0,0.0,0.0,2.1241424167528744,1,0.06586733100255733,0,0,0,0,0,0.0,0.0,0.0,0,0.0,,
178,2,Bidwell,Coventry,Man City,False,4.0,0.1,3,0,0.0,0.0,0.0,0.0,0.0,0.0,,0.0,0.0,0.0,2.1241424167528744,1,0.06586733100255733,0,0,0,0,0,0.0,0.0,0.0,0,0.0,,
179,2,Latibeaudiere,Coventry,Man City,False,4.0,0.0,3,0,0.0,0.0,0.0,0.0,0.0,0.0,,0.0,0.0,0.0,2.1241424167528744,1,0.06586733100255733,0,0,0,0,0,0.0,0.0,0.0,0,0.0,,
180,2,Woolfenden,Coventry,Man City,False,4.0,0.1,3,0,0.0,0.0,0.0,0.0,0.0,0.0,,0.0,0.0,0.0,2.1241424167528744,1,0.06586733100255733,0,0,0,0,0,0.0,0.0,0.0,0,0.0,,
181,2,Brau,Coventry,Man City,False,4.0,0.0,3,0,0.0,0.0,0.0,0.0,0.0,0.0,,0.0,0.0,0.0,2.1241424167528744,1,0.06586733100255733,0,0,0,0,0,0.0,0.0,0.0,0,0.0,,
182,2,Amenda,Coventry,Man City,False,4.0,0.7,3,90,0.0,0.0,0.0,0.0,0.0,0.0,,0.0,0.34,0.0,2.1241424167528744,1,0.06586733100255733,0,2,6,1,3,0.34,0.34,2.2834693240102295,2,-0.283,36.0,3.0
183,3,Rudoni,Coventry,Man City,False,4.9,0.1,3,62,1.0,1.0,1.0,0.29,0.29,0.0,0.0,2.0,0.09,0.0,2.1241424167528744,1,0.06586733100255733,0,2,2,1,5,0.38,0.38,3.785867331002557,2,-1.786,23.0,1.0
184,3,Grimes,Coventry,Man City,False,4.9,0.1,3,90,1.0,0.0,0.0,0.04,0.04,0.0,0.0,0.0,0.0,0.0,2.1241424167528744,1,0.06586733100255733,0,3,0,5,8,0.04,0.04,2.2658673310025574,2,-0.266,37.0,0.0
185,3,Sakamoto,Coventry,Man City,False,4.8,0.1,3,0,0.0,0.0,0.0,0.0,0.0,0.0,,0.0,0.0,0.0,2.1241424167528744,1,0.06586733100255733,0,0,0,0,0,0.0,0.0,0.0,0,0.0,,
186,3,Mason-Clark,Coventry,Man City,False,5.4,0.1,3,70,0.0,0.0,0.0,0.0,0.0,0.0,,0.0,0.0,0.0,2.1241424167528744,1,0.06586733100255733,0,2,3,0,5,0.0,0.0,2.0658673310025573,2,-0.066,18.0,1.0
187,3,Eccles,Coventry,Man City,False,4.9,0.0,3,0,0.0,0.0,0.0,0.0,0.0,0.0,,0.0,0.0,0.0,2.1241424167528744,1,0.06586733100255733,0,0,0,0,0,0.0,0.0,0.0,0,0.0,,
188,3,Torp,Coventry,Man City,False,5.3,0.1,3,0,0.0,0.0,0.0,0.0,0.0,0.0,,0.0,0.0,0.0,2.1241424167528744,1,0.06586733100255733,0,0,0,0,0,0.0,0.0,0.0,0,0.0,,
189,3,Shepherd,Coventry,Man City,False,4.4,0.2,3,0,0.0,0.0,0.0,0.0,0.0,0.0,,0.0,0.0,0.0,2.1241424167528744,1,0.06586733100255733,0,0,0,0,0,0.0,0.0,0.0,0,0.0,,
190,3,Tchaouna,Coventry,Man City,False,5.4,0.1,3,27,2.0,1.0,1.0,0.1,0.1,0.0,0.0,2.0,0.03,0.0,2.1241424167528744,1,0.06586733100255733,0,0,1,0,1,0.13,0.13,1.59,1,-0.59,17.0,2.0
191,3,Borges Rodrigues,Coventry,Man City,False,4.5,0.1,3,0,0.0,0.0,0.0,0.0,0.0,0.0,,0.0,0.0,0.0,2.1241424167528744,1,0.06586733100255733,0,0,0,0,0,0.0,0.0,0.0,0,0.0,,
192,3,Andrews,Coventry,Man City,False,4.5,0.3,3,0,0.0,0.0,0.0,0.0,0.0,0.0,,0.0,0.0,0.0,2.1241424167528744,1,0.06586733100255733,0,0,0,0,0,0.0,0.0,0.0,0,0.0,,
193,4,Wright,Coventry,Man City,False,5.4,0.1,3,0,0.0,0.0,0.0,0.0,0.0,0.0,,0.0,0.0,0.0,2.1241424167528744,1,0.06586733100255733,0,0,0,0,0,0.0,0.0,0.0,0,0.0,,
194,4,Thomas-Asante,Coventry,Man City,False,5.0,0.7,3,19,0.0,0.0,0.0,0.0,0.0,0.0,,0.0,0.0,0.0,2.1241424167528744,1,0.06586733100255733,0,1,2,0,3,0.0,0.0,1.0,1,0.0,9.0,1.0
195,4,Simms,Coventry,Man City,False,5.0,0.7,3,19,1.0,1.0,1.0,0.3,0.3,0.0,0.0,1.0,0.0,0.0,2.1241424167528744,1,0.06586733100255733,0,0,0,0,0,0.3,0.3,2.2,1,-1.2,4.0,2.0
196,4,Markelo,Coventry,Man City,False,5.0,0.0,3,0,0.0,0.0,0.0,0.0,0.0,0.0,,0.0,0.0,0.0,2.1241424167528744,1,0.06586733100255733,0,0,0,0,0,0.0,0.0,0.0,0,0.0,,
197,4,Bassette,Coventry,Man City,False,4.5,0.0,3,0,0.0,0.0,0.0,0.0,0.0,0.0,,0.0,0.0,0.0,2.1241424167528744,1,0.06586733100255733,0,0,0,0,0,0.0,0.0,0.0,0,0.0,,
198,1,Henderson,Crystal Palace,Fulham,False,5.0,1.4,3,90,0.0,0.0,0.0,0.0,0.0,0.0,,0.0,0.0,0.0,3.160013467073439,2,0.027849013088809157,0,1,7,0,0,0.0,0.0,2.1113960523552366,2,-0.111,43.0,0.0
199,1,Benitez,Crystal Palace,Fulham,False,4.5,0.1,3,0,0.0,0.0,0.0,0.0,0.0,0.0,,0.0,0.0,0.0,3.160013467073439,2,0.027849013088809157,0,0,0,0,0,0.0,0.0,0.0,0,0.0,,
200,2,Lacroix,Chelsea,Arsenal,False,5.9,7.0,3,90,0.0,0.0,0.0,0.0,0.0,0.0,,0.0,0.01,0.0,2.051748197525739,2,0.08191934284358839,0,9,2,2,11,0.01,0.01,2.3576773713743533,2,-0.358,61.0,1.0
201,2,Muñoz,Nott'm Forest,Spurs,True,5.4,6.0,3,31,1.0,0.0,0.0,0.03,0.03,0.0,0.0,0.0,0.0,0.0,1.0640311120077965,0,0.27031510178051127,1,0,0,1,1,0.03,0.03,1.18,1,-0.18,16.0,1.0
202,2,Richards,Crystal Palace,Fulham,False,5.0,0.6,3,90,1.0,1.0,0.0,0.04,0.04,0.0,0.0,0.0,0.0,0.0,3.160013467073439,2,0.027849013088809157,0,8,4,1,9,0.04,0.04,1.3513960523552366,1,-0.351,59.0,0.0
203,2,Canvot,Crystal Palace,Fulham,False,4.8,0.2,3,90,0.0,0.0,0.0,0.0,0.0,0.0,,0.0,0.0,0.0,3.160013467073439,2,0.027849013088809157,0,7,2,2,9,0.0,0.0,1.1113960523552366,1,-0.111,61.0,0.0
204,2,Mitchell,Crystal Palace,Fulham,False,4.5,6.1,3,73,3.0,2.0,3.0,0.66,0.66,2.0,2.0,1.0,0.01,0.0,3.160013467073439,2,0.027849013088809157,0,4,2,2,6,0.67,0.67,5.101396052355237,15,9.899,48.0,7.0
205,2,Sosa,Crystal Palace,Fulham,False,4.5,0.0,3,0,0.0,0.0,0.0,0.0,0.0,0.0,,0.0,0.0,0.0,3.160013467073439,2,0.027849013088809157,0,0,0,0,0,0.0,0.0,0.0,0,0.0,,
206,2,Chadi Riad,Crystal Palace,Fulham,False,4.3,0.0,3,0,0.0,0.0,0.0,0.0,0.0,0.0,,0.0,0.0,0.0,3.160013467073439,2,0.027849013088809157,0,0,0,0,0,0.0,0.0,0.0,0,0.0,,
207,2,Mingueza,Crystal Palace,Fulham,False,4.4,0.1,3,1,0.0,0.0,0.0,0.0,0.0,0.0,,0.0,0.0,0.0,3.160013467073439,2,0.027849013088809157,0,0,1,1,1,0.0,0.0,1.0,1,0.0,7.0,0.0
208,3,Sarr,Crystal Palace,Fulham,False,6.2,0.6,3,0,0.0,0.0,0.0,0.0,0.0,0.0,,0.0,0.0,0.0,3.160013467073439,2,0.027849013088809157,0,0,0,0,0,0.0,0.0,0.0,0,0.0,,
209,3,Johnson,Everton,Man Utd,True,5.9,0.1,3,65,1.0,0.0,1.0,0.05,0.05,0.0,0.0,2.0,0.04,0.0,0.6876574847847217,2,0.47837611998665824,0,3,4,1,8,0.09,0.09,1.8483761199866584,1,-0.848,28.0,3.0
210,3,Wharton,Crystal Palace,Fulham,False,5.5,0.8,3,90,0.0,0.0,0.0,0.0,0.0,0.0,,0.0,0.01,0.0,3.160013467073439,2,0.027849013088809157,0,7,0,1,8,0.01,0.01,2.0578490130888087,2,-0.058,40.0,1.0
211,3,Yeremy,Crystal Palace,Fulham,False,5.5,0.4,3,88,1.0,0.0,1.0,0.25,0.25,0.0,0.0,3.0,0.3,0.0,3.160013467073439,2,0.027849013088809157,0,1,3,1,5,0.55,0.55,4.177849013088808,5,0.822,52.0,2.0
212,3,Hughes,Crystal Palace,Fulham,False,4.4,7.7,3,16,0.0,0.0,0.0,0.0,0.0,0.0,,0.0,0.0,0.0,3.160013467073439,2,0.027849013088809157,0,2,1,0,3,0.0,0.0,1.0,1,0.0,7.0,0.0
213,3,Lerma,Crystal Palace,Fulham,False,4.9,0.1,3,0,0.0,0.0,0.0,0.0,0.0,0.0,,0.0,0.0,0.0,3.160013467073439,2,0.027849013088809157,0,0,0,0,0,0.0,0.0,0.0,0,0.0,,
214,3,Kamada,Crystal Palace,Fulham,False,5.0,0.5,3,88,0.0,0.0,0.0,0.0,0.0,0.0,,2.0,0.01,1.0,3.160013467073439,2,0.027849013088809157,0,0,4,0,4,0.01,0.01,2.0578490130888087,5,2.942,36.0,3.0
215,3,Devenny,Crystal Palace,Fulham,False,5.0,0.0,3,0,0.0,0.0,0.0,0.0,0.0,0.0,,0.0,0.0,0.0,3.160013467073439,2,0.027849013088809157,0,0,0,0,0,0.0,0.0,0.0,0,0.0,,
216,3,Esse,Crystal Palace,Fulham,False,5.0,0.0,3,0,0.0,0.0,0.0,0.0,0.0,0.0,,0.0,0.0,0.0,3.160013467073439,2,0.027849013088809157,0,0,0,0,0,0.0,0.0,0.0,0,0.0,,
217,3,M.França,Crystal Palace,Fulham,False,4.9,0.0,3,0,0.0,0.0,0.0,0.0,0.0,0.0,,0.0,0.0,0.0,3.160013467073439,2,0.027849013088809157,0,0,0,0,0,0.0,0.0,0.0,0,0.0,,
218,3,Doucouré,Crystal Palace,Fulham,False,4.9,0.0,3,0,0.0,0.0,0.0,0.0,0.0,0.0,,0.0,0.0,0.0,3.160013467073439,2,0.027849013088809157,0,0,0,0,0,0.0,0.0,0.0,0,0.0,,
219,3,J.Rak-Sakyi,Crystal Palace,Fulham,False,4.9,0.0,3,0,0.0,0.0,0.0,0.0,0.0,0.0,,0.0,0.0,0.0,3.160013467073439,2,0.027849013088809157,0,0,0,0,0,0.0,0.0,0.0,0,0.0,,
220,2,Cardines,Crystal Palace,Fulham,False,4.5,0.0,3,0,0.0,0.0,0.0,0.0,0.0,0.0,,0.0,0.0,0.0,3.160013467073439,2,0.027849013088809157,0,0,0,0,0,0.0,0.0,0.0,0,0.0,,
221,3,Drakes-Thomas,Crystal Palace,Fulham,False,4.5,0.1,3,0,0.0,0.0,0.0,0.0,0.0,0.0,,0.0,0.0,0.0,3.160013467073439,2,0.027849013088809157,0,0,0,0,0,0.0,0.0,0.0,0,0.0,,
222,4,Strand Larsen,Crystal Palace,Fulham,False,6.0,0.6,3,45,0.0,0.0,0.0,0.0,0.0,0.0,,0.0,0.0,0.0,3.160013467073439,2,0.027849013088809157,0,1,3,0,4,0.0,0.0,1.0,1,0.0,21.0,0.0
223,4,Mateta,Crystal Palace,Fulham,False,6.3,1.4,3,0,0.0,0.0,0.0,0.0,0.0,0.0,,0.0,0.0,0.0,3.160013467073439,2,0.027849013088809157,0,0,0,0,0,0.0,0.0,0.0,0,0.0,,
224,4,Nketiah,Crystal Palace,Fulham,False,5.5,0.5,3,45,1.0,1.0,1.0,0.14,0.14,0.0,0.0,1.0,0.0,1.0,3.160013467073439,2,0.027849013088809157,0,0,1,1,2,0.14,0.14,1.56,4,2.44,15.0,2.0
225,4,Uche,Crystal Palace,Fulham,False,5.0,0.0,3,0,0.0,0.0,0.0,0.0,0.0,0.0,,0.0,0.0,0.0,3.160013467073439,2,0.027849013088809157,0,0,0,0,0,0.0,0.0,0.0,0,0.0,,
226,1,Pickford,Everton,Man Utd,True,5.5,9.0,3,90,0.0,0.0,0.0,0.0,0.0,0.0,,0.0,0.0,0.0,0.6876574847847217,2,0.47837611998665824,0,0,12,0,0,0.0,0.0,3.913504479946633,1,-2.914,51.0,0.0
227,1,Travers,Everton,Man Utd,True,5.0,0.0,3,0,0.0,0.0,0.0,0.0,0.0,0.0,,0.0,0.0,0.0,0.6876574847847217,2,0.47837611998665824,0,0,0,0,0,0.0,0.0,0.0,0,0.0,,
228,1,King,Everton,Man Utd,True,4.5,0.0,3,0,0.0,0.0,0.0,0.0,0.0,0.0,,0.0,0.0,0.0,0.6876574847847217,2,0.47837611998665824,0,0,0,0,0,0.0,0.0,0.0,0,0.0,,
229,2,Tarkowski,Everton,Man Utd,True,6.1,14.1,3,90,1.0,0.0,1.0,0.02,0.02,0.0,0.0,0.0,0.01,0.0,0.6876574847847217,2,0.47837611998665824,0,9,3,3,12,0.03,0.03,8.063504479946634,3,-5.064,69.0,2.0
230,2,Branthwaite,Everton,Man Utd,True,5.5,2.3,3,90,2.0,2.0,2.0,0.08,0.08,0.0,0.0,0.0,0.0,0.0,0.6876574847847217,2,0.47837611998665824,0,10,4,1,11,0.08,0.08,9.393504479946634,3,-6.394,69.0,2.0
231,2,Keane,Everton,Man Utd,True,4.8,0.8,3,0,0.0,0.0,0.0,0.0,0.0,0.0,,0.0,0.0,0.0,0.6876574847847217,2,0.47837611998665824,0,0,0,0,0,0.0,0.0,0.0,0,0.0,,
232,2,O'Brien,Everton,Man Utd,True,4.9,0.3,3,0,0.0,0.0,0.0,0.0,0.0,0.0,,0.0,0.0,0.0,0.6876574847847217,2,0.47837611998665824,0,0,0,0,0,0.0,0.0,0.0,0,0.0,,
233,2,Mykolenko,Everton,Man Utd,True,4.6,4.2,3,90,0.0,0.0,0.0,0.0,0.0,0.0,,0.0,0.01,0.0,0.6876574847847217,2,0.47837611998665824,0,3,4,3,6,0.01,0.01,3.943504479946633,1,-2.944,61.0,0.0
234,2,Patterson,Everton,Man Utd,True,4.5,0.0,3,0,0.0,0.0,0.0,0.0,0.0,0.0,,0.0,0.0,0.0,0.6876574847847217,2,0.47837611998665824,0,0,0,0,0,0.0,0.0,0.0,0,0.0,,
235,2,Aznou,Everton,Man Utd,True,4.0,0.1,3,0,0.0,0.0,0.0,0.0,0.0,0.0,,0.0,0.0,0.0,0.6876574847847217,2,0.47837611998665824,0,0,0,0,0,0.0,0.0,0.0,0,0.0,,
236,3,Dewsbury-Hall,Everton,Man Utd,True,6.6,6.2,3,90,4.0,2.0,2.0,0.27,0.27,0.0,0.0,2.0,0.07,0.0,0.6876574847847217,2,0.47837611998665824,0,2,5,4,11,0.34,0.34,4.038376119986658,2,-2.038,64.0,3.0
237,3,Ndiaye,Man City,Coventry,True,5.8,7.3,3,86,1.0,0.0,1.0,0.02,0.02,0.0,0.0,1.0,0.04,0.0,1.367418968584388,0,0.21101161562865636,1,1,2,2,5,0.06,0.06,2.4310116156286568,3,0.569,51.0,4.0
238,3,Grealish,Everton,Man Utd,True,6.5,0.4,3,24,1.0,0.0,0.0,0.02,0.02,0.0,0.0,1.0,0.13,0.0,0.6876574847847217,2,0.47837611998665824,0,0,0,1,1,0.15,0.15,1.4900000000000002,1,-0.49,16.0,4.0
239,3,Garner,Everton,Man Utd,True,6.0,0.2,3,76,0.0,0.0,0.0,0.0,0.0,0.0,,2.0,0.08,0.0,0.6876574847847217,2,0.47837611998665824,0,2,5,1,8,0.08,0.08,2.718376119986658,2,-0.718,55.0,0.0
240,3,Iroegbunam,Hull,Aston Villa,True,5.0,0.0,3,0,0.0,0.0,0.0,0.0,0.0,0.0,,0.0,0.0,0.0,1.9291178463026877,0,0.06934644158693859,1,0,0,0,0,0.0,0.0,0.0,0,0.0,,
241,3,McNeil,Crystal Palace,Fulham,False,5.4,0.1,3,0,0.0,0.0,0.0,0.0,0.0,0.0,,0.0,0.0,0.0,3.160013467073439,2,0.027849013088809157,0,0,0,0,0,0.0,0.0,0.0,0,0.0,,
242,3,George,Everton,Man Utd,True,5.5,1.0,3,90,1.0,1.0,1.0,0.04,0.04,1.0,1.0,3.0,0.07,0.0,0.6876574847847217,2,0.47837611998665824,0,1,3,0,4,0.11000000000000001,0.11000000000000001,2.8883761199866584,10,7.112,46.0,5.0
243,3,Alcaraz,Everton,Man Utd,True,4.9,0.1,3,0,0.0,0.0,0.0,0.0,0.0,0.0,,0.0,0.0,0.0,0.6876574847847217,2,0.47837611998665824,0,0,0,0,0,0.0,0.0,0.0,0,0.0,,
244,3,Armstrong,Everton,Man Utd,True,5.0,0.4,3,90,2.0,0.0,2.0,0.09,0.09,0.0,0.0,0.0,0.03,0.0,0.6876574847847217,2,0.47837611998665824,0,3,1,1,5,0.12,0.12,2.018376119986658,1,-1.018,40.0,2.0
245,3,Dibling,Everton,Man Utd,True,5.4,0.0,3,0,0.0,0.0,0.0,0.0,0.0,0.0,,0.0,0.0,0.0,0.6876574847847217,2,0.47837611998665824,0,0,0,0,0,0.0,0.0,0.0,0,0.0,,
246,3,Röhl,Everton,Man Utd,True,4.9,0.0,3,74,0.0,0.0,0.0,0.0,0.0,0.0,,1.0,0.13,0.0,0.6876574847847217,2,0.47837611998665824,0,2,4,0,6,0.13,0.13,1.8683761199866584,1,-0.868,40.0,0.0
247,3,Hackney,Everton,Man Utd,True,5.5,0.2,3,15,1.0,0.0,1.0,0.04,0.04,0.0,0.0,2.0,0.09,1.0,0.6876574847847217,2,0.47837611998665824,0,0,0,1,1,0.13,0.13,1.47,4,2.53,22.0,4.0
248,4,Beto,Everton,Man Utd,True,5.4,0.7,3,0,0.0,0.0,0.0,0.0,0.0,0.0,,0.0,0.0,0.0,0.6876574847847217,2,0.47837611998665824,0,0,0,0,0,0.0,0.0,0.0,0,0.0,,
249,4,Barry,Everton,Man Utd,True,5.6,7.9,3,90,4.0,0.0,4.0,0.38,0.38,0.0,0.0,1.0,0.02,0.0,0.6876574847847217,2,0.47837611998665824,0,0,4,0,4,0.4,0.4,3.58,2,-1.58,38.0,7.0
250,1,Leno,Fulham,Crystal Palace,True,4.5,3.1,3,90,0.0,0.0,0.0,0.0,0.0,0.0,,0.0,0.0,0.0,1.9722508545964952,3,0.06357326965995067,0,0,8,0,0,0.0,0.0,2.2542930786398028,1,-1.254,48.0,0.0
251,1,Lecomte,Fulham,Crystal Palace,True,4.0,1.1,3,0,0.0,0.0,0.0,0.0,0.0,0.0,,0.0,0.0,0.0,1.9722508545964952,3,0.06357326965995067,0,0,0,0,0,0.0,0.0,0.0,0,0.0,,
252,1,McNally,Fulham,Crystal Palace,True,4.0,0.1,3,0,0.0,0.0,0.0,0.0,0.0,0.0,,0.0,0.0,0.0,1.9722508545964952,3,0.06357326965995067,0,0,0,0,0,0.0,0.0,0.0,0,0.0,,
253,2,Andersen,Fulham,Crystal Palace,True,5.0,0.1,3,90,0.0,0.0,0.0,0.0,0.0,0.0,,2.0,0.06,0.0,1.9722508545964952,3,0.06357326965995067,0,5,7,2,7,0.06,0.06,2.434293078639803,1,-1.434,125.0,3.0
254,2,Robinson,Fulham,Crystal Palace,True,4.5,1.4,3,78,2.0,0.0,0.0,0.08,0.08,0.0,0.0,2.0,0.1,0.0,1.9722508545964952,3,0.06357326965995067,0,3,5,2,5,0.18,0.18,3.034293078639803,1,-2.034,72.0,3.0
255,2,J.Cuenca,Fulham,Crystal Palace,True,4.5,0.0,3,0,0.0,0.0,0.0,0.0,0.0,0.0,,0.0,0.0,0.0,1.9722508545964952,3,0.06357326965995067,0,0,0,0,0,0.0,0.0,0.0,0,0.0,,
256,2,Tete,Fulham,Crystal Palace,True,4.4,0.2,3,0,0.0,0.0,0.0,0.0,0.0,0.0,,0.0,0.0,0.0,1.9722508545964952,3,0.06357326965995067,0,0,0,0,0,0.0,0.0,0.0,0,0.0,,
257,2,Bassey,Fulham,Crystal Palace,True,4.5,0.7,3,90,0.0,0.0,0.0,0.0,0.0,0.0,,0.0,0.04,0.0,1.9722508545964952,3,0.06357326965995067,0,1,2,1,2,0.04,0.04,2.374293078639803,1,-1.374,104.0,0.0
258,2,Castagne,Fulham,Crystal Palace,True,4.5,0.9,3,90,3.0,1.0,3.0,0.58,0.58,0.0,0.0,2.0,0.19,0.0,1.9722508545964952,3,0.06357326965995067,0,5,5,2,7,0.77,0.77,8.304293078639802,1,-7.304,95.0,4.0
259,2,Diop,Ipswich,Liverpool,True,4.0,13.2,3,90,0.0,0.0,0.0,0.0,0.0,0.0,,1.0,0.01,0.0,0.6861243890598411,2,0.48619165588927976,0,9,2,2,11,0.01,0.01,8.97476662355712,3,-5.975,68.0,0.0
260,3,Wilson,Leeds,Brighton,False,6.2,2.0,3,17,0.0,0.0,0.0,0.0,0.0,0.0,,2.0,0.0,0.0,2.194103181362151,1,0.06830672448087981,0,0,1,0,1,0.0,0.0,0.0,0,0.0,8.0,1.0
261,3,Iwobi,Fulham,Crystal Palace,True,5.4,0.7,3,82,1.0,0.0,1.0,0.04,0.04,0.0,0.0,1.0,0.26,0.0,1.9722508545964952,3,0.06357326965995067,0,0,3,1,4,0.3,0.3,3.0435732696599507,2,-1.044,87.0,4.0
262,3,Smith Rowe,Fulham,Crystal Palace,True,5.4,0.2,3,11,0.0,0.0,0.0,0.0,0.0,0.0,,0.0,0.0,0.0,1.9722508545964952,3,0.06357326965995067,0,0,0,0,0,0.0,0.0,1.0,1,0.0,9.0,1.0
263,3,Kevin,Fulham,Crystal Palace,True,5.3,0.0,3,0,0.0,0.0,0.0,0.0,0.0,0.0,,0.0,0.0,0.0,1.9722508545964952,3,0.06357326965995067,0,0,0,0,0,0.0,0.0,0.0,0,0.0,,
264,3,Bobb,Fulham,Crystal Palace,True,5.5,0.3,3,78,3.0,1.0,3.0,0.32,0.32,0.0,0.0,4.0,0.65,0.0,1.9722508545964952,3,0.06357326965995067,0,0,4,0,4,0.97,0.97,5.613573269659951,2,-3.614,42.0,9.0
265,3,Berge,Fulham,Crystal Palace,True,4.9,0.3,3,29,0.0,0.0,0.0,0.0,0.0,0.0,,0.0,0.1,0.0,1.9722508545964952,3,0.06357326965995067,0,0,2,0,2,0.1,0.1,1.3,1,-0.3,36.0,0.0
266,3,Cairney,Fulham,Crystal Palace,True,4.9,0.0,3,0,0.0,0.0,0.0,0.0,0.0,0.0,,0.0,0.0,0.0,1.9722508545964952,3,0.06357326965995067,0,0,0,0,0,0.0,0.0,0.0,0,0.0,,
267,3,Lukić,Ipswich,Liverpool,True,5.0,0.1,3,90,0.0,0.0,0.0,0.0,0.0,0.0,,1.0,0.02,0.0,0.6861243890598411,2,0.48619165588927976,0,1,2,1,4,0.02,0.02,2.5461916558892796,2,-0.546,75.0,0.0
268,3,King,Fulham,Crystal Palace,True,5.5,2.1,3,90,2.0,1.0,2.0,0.31,0.31,1.0,1.0,2.0,0.27,0.0,1.9722508545964952,3,0.06357326965995067,0,1,5,1,7,0.5800000000000001,0.5800000000000001,4.423573269659951,10,5.576,50.0,8.0
269,2,Sessegnon,Fulham,Crystal Palace,True,4.4,0.3,3,11,1.0,0.0,1.0,0.08,0.08,0.0,0.0,1.0,0.32,0.0,1.9722508545964952,3,0.06357326965995067,0,1,1,0,1,0.4,0.4,2.44,1,-1.44,26.0,1.0
270,3,Reed,Fulham,Crystal Palace,True,4.4,1.2,3,0,0.0,0.0,0.0,0.0,0.0,0.0,,0.0,0.0,0.0,1.9722508545964952,3,0.06357326965995067,0,0,0,0,0,0.0,0.0,0.0,0,0.0,,
271,4,Muniz,Fulham,Crystal Palace,True,5.4,0.4,3,7,2.0,1.0,2.0,0.38,0.38,0.0,0.0,1.0,0.0,0.0,1.9722508545964952,3,0.06357326965995067,0,0,0,0,0,0.38,0.38,2.52,1,-1.52,8.0,5.0
272,4,Kusi-Asare,Fulham,Crystal Palace,True,4.5,5.6,3,0,0.0,0.0,0.0,0.0,0.0,0.0,,0.0,0.0,0.0,1.9722508545964952,3,0.06357326965995067,0,0,0,0,0,0.0,0.0,0.0,0,0.0,,
273,1,Phillips,Hull,Aston Villa,True,4.0,1.4,3,0,0.0,0.0,0.0,0.0,0.0,0.0,,0.0,0.0,0.0,1.9291178463026877,0,0.06934644158693859,1,0,0,0,0,0.0,0.0,0.0,0,0.0,,
274,1,Butland,Hull,Aston Villa,True,4.5,0.1,3,0,0.0,0.0,0.0,0.0,0.0,0.0,,0.0,0.0,0.0,1.9291178463026877,0,0.06934644158693859,1,0,0,0,0,0.0,0.0,0.0,0,0.0,,
275,1,Cartwright,Hull,Aston Villa,True,4.0,0.0,3,0,0.0,0.0,0.0,0.0,0.0,0.0,,0.0,0.0,0.0,1.9291178463026877,0,0.06934644158693859,1,0,0,0,0,0.0,0.0,0.0,0,0.0,,
276,1,Lo-Tutala,Hull,Aston Villa,True,4.0,0.0,3,0,0.0,0.0,0.0,0.0,0.0,0.0,,0.0,0.0,0.0,1.9291178463026877,0,0.06934644158693859,1,0,0,0,0,0.0,0.0,0.0,0,0.0,,
277,2,Egan,Hull,Aston Villa,True,4.1,7.1,3,90,0.0,0.0,0.0,0.0,0.0,0.0,,0.0,0.0,0.0,1.9291178463026877,0,0.06934644158693859,1,4,1,3,7,0.0,0.0,2.2773857663477544,6,3.723,26.0,0.0
278,2,Hughes,Hull,Aston Villa,True,3.9,0.2,3,0,0.0,0.0,0.0,0.0,0.0,0.0,,0.0,0.0,0.0,1.9291178463026877,0,0.06934644158693859,1,0,0,0,0,0.0,0.0,0.0,0,0.0,,
279,2,Ajayi,Hull,Aston Villa,True,4.2,14.3,3,90,0.0,0.0,0.0,0.0,0.0,0.0,,0.0,0.0,0.0,1.9291178463026877,0,0.06934644158693859,1,5,1,1,6,0.0,0.0,1.2773857663477544,5,3.723,35.0,0.0
280,2,Coyle,Hull,Aston Villa,True,4.0,0.7,3,63,0.0,0.0,0.0,0.0,0.0,0.0,,0.0,0.01,0.0,1.9291178463026877,0,0.06934644158693859,1,0,0,0,0,0.01,0.01,2.307385766347754,6,3.693,16.0,0.0
281,2,Drameh,Hull,Aston Villa,True,4.0,0.0,3,0,0.0,0.0,0.0,0.0,0.0,0.0,,0.0,0.0,0.0,1.9291178463026877,0,0.06934644158693859,1,0,0,0,0,0.0,0.0,0.0,0,0.0,,
282,2,Giles,Hull,Aston Villa,True,4.0,2.9,3,90,0.0,0.0,0.0,0.0,0.0,0.0,,2.0,0.04,0.0,1.9291178463026877,0,0.06934644158693859,1,3,5,1,4,0.04,0.04,2.3973857663477545,8,5.603,37.0,0.0
283,2,Jacob,Hull,Aston Villa,True,4.0,0.0,3,0,0.0,0.0,0.0,0.0,0.0,0.0,,0.0,0.0,0.0,1.9291178463026877,0,0.06934644158693859,1,0,0,0,0,0.0,0.0,0.0,0,0.0,,
284,2,McCarthy,Hull,Aston Villa,True,4.0,0.1,3,0,0.0,0.0,0.0,0.0,0.0,0.0,,0.0,0.0,0.0,1.9291178463026877,0,0.06934644158693859,1,0,0,0,0,0.0,0.0,0.0,0,0.0,,
285,2,McNair,Hull,Aston Villa,True,4.0,0.1,3,0,0.0,0.0,0.0,0.0,0.0,0.0,,0.0,0.0,0.0,1.9291178463026877,0,0.06934644158693859,1,0,0,0,0,0.0,0.0,0.0,0,0.0,,
286,3,Belloumi,Hull,Aston Villa,True,5.1,4.4,3,81,2.0,1.0,0.0,0.03,0.03,0.0,0.0,1.0,0.01,0.0,1.9291178463026877,0,0.06934644158693859,1,8,1,3,12,0.04,0.04,4.249346441586939,5,0.751,34.0,1.0
287,3,Millar,Hull,Aston Villa,True,5.0,0.0,3,0,0.0,0.0,0.0,0.0,0.0,0.0,,0.0,0.0,0.0,1.9291178463026877,0,0.06934644158693859,1,0,0,0,0,0.0,0.0,0.0,0,0.0,,
288,3,Dowell,Hull,Aston Villa,True,4.5,0.3,3,0,0.0,0.0,0.0,0.0,0.0,0.0,,0.0,0.0,0.0,1.9291178463026877,0,0.06934644158693859,1,0,0,0,0,0.0,0.0,0.0,0,0.0,,
289,3,Crooks,Hull,Aston Villa,True,4.4,0.5,3,0,0.0,0.0,0.0,0.0,0.0,0.0,,0.0,0.0,0.0,1.9291178463026877,0,0.06934644158693859,1,0,0,0,0,0.0,0.0,0.0,0,0.0,,
290,3,Slater,Hull,Aston Villa,True,4.5,5.5,3,90,2.0,1.0,0.0,0.04,0.04,0.0,0.0,1.0,0.01,0.0,1.9291178463026877,0,0.06934644158693859,1,3,2,1,6,0.05,0.05,2.2993464415869385,3,0.701,34.0,0.0
291,3,Matazo,Hull,Aston Villa,True,4.5,0.0,3,0,0.0,0.0,0.0,0.0,0.0,0.0,,0.0,0.0,0.0,1.9291178463026877,0,0.06934644158693859,1,0,0,0,0,0.0,0.0,0.0,0,0.0,,
292,3,Ömür,Hull,Aston Villa,True,4.9,0.0,3,0,0.0,0.0,0.0,0.0,0.0,0.0,,0.0,0.0,0.0,1.9291178463026877,0,0.06934644158693859,1,0,0,0,0,0.0,0.0,0.0,0,0.0,,
293,3,Kamara,Hull,Aston Villa,True,5.0,0.0,3,0,0.0,0.0,0.0,0.0,0.0,0.0,,0.0,0.0,0.0,1.9291178463026877,0,0.06934644158693859,1,0,0,0,0,0.0,0.0,0.0,0,0.0,,
294,3,Zambrano,Hull,Aston Villa,True,4.5,0.1,3,0,0.0,0.0,0.0,0.0,0.0,0.0,,0.0,0.0,0.0,1.9291178463026877,0,0.06934644158693859,1,0,0,0,0,0.0,0.0,0.0,0,0.0,,
295,4,McBurnie,Hull,Aston Villa,True,5.5,2.0,3,90,3.0,0.0,2.0,0.38,0.38,0.0,0.0,1.0,0.05,0.0,1.9291178463026877,0,0.06934644158693859,1,1,0,2,3,0.43,0.43,3.67,2,-1.67,32.0,5.0
296,3,Akintola,Hull,Aston Villa,True,5.0,0.0,3,0,0.0,0.0,0.0,0.0,0.0,0.0,,0.0,0.0,0.0,1.9291178463026877,0,0.06934644158693859,1,0,0,0,0,0.0,0.0,0.0,0,0.0,,
297,3,Gyabi,Hull,Aston Villa,True,4.5,0.0,3,0,0.0,0.0,0.0,0.0,0.0,0.0,,0.0,0.0,0.0,1.9291178463026877,0,0.06934644158693859,1,0,0,0,0,0.0,0.0,0.0,0,0.0,,
298,4,Destan,Hull,Aston Villa,True,4.5,0.2,3,0,0.0,0.0,0.0,0.0,0.0,0.0,,0.0,0.0,0.0,1.9291178463026877,0,0.06934644158693859,1,0,0,0,0,0.0,0.0,0.0,0,0.0,,
299,4,Burstow,Hull,Aston Villa,True,4.5,0.0,3,0,0.0,0.0,0.0,0.0,0.0,0.0,,0.0,0.0,0.0,1.9291178463026877,0,0.06934644158693859,1,0,0,0,0,0.0,0.0,0.0,0,0.0,,
300,1,Walton,Ipswich,Liverpool,True,4.4,0.4,3,0,0.0,0.0,0.0,0.0,0.0,0.0,,0.0,0.0,0.0,0.6861243890598411,2,0.48619165588927976,0,0,0,0,0,0.0,0.0,0.0,0,0.0,,
301,1,Palmer,Ipswich,Liverpool,True,4.0,4.0,3,0,0.0,0.0,0.0,0.0,0.0,0.0,,0.0,0.0,0.0,0.6861243890598411,2,0.48619165588927976,0,0,0,0,0,0.0,0.0,0.0,0,0.0,,
302,1,Button,Ipswich,Liverpool,True,4.0,0.6,3,0,0.0,0.0,0.0,0.0,0.0,0.0,,0.0,0.0,0.0,0.6861243890598411,2,0.48619165588927976,0,0,0,0,0,0.0,0.0,0.0,0,0.0,,
303,2,Kipré,Ipswich,Liverpool,True,3.9,0.9,3,0,0.0,0.0,0.0,0.0,0.0,0.0,,0.0,0.0,0.0,0.6861243890598411,2,0.48619165588927976,0,0,0,0,0,0.0,0.0,0.0,0,0.0,,
304,2,O'Shea,Ipswich,Liverpool,True,4.0,2.8,3,90,0.0,0.0,0.0,0.0,0.0,0.0,,0.0,0.01,0.0,0.6861243890598411,2,0.48619165588927976,0,8,3,3,11,0.01,0.01,7.9747666235571195,3,-4.975,57.0,2.0
305,2,Davis,Ipswich,Liverpool,True,4.0,6.8,3,90,1.0,0.0,1.0,0.11,0.11,0.0,0.0,2.0,0.12,0.0,0.6861243890598411,2,0.48619165588927976,0,4,3,2,6,0.22999999999999998,0.22999999999999998,4.96476662355712,1,-3.965,57.0,7.0
306,2,Greaves,Ipswich,Liverpool,True,4.0,1.1,3,90,0.0,0.0,0.0,0.0,0.0,0.0,,1.0,0.04,0.0,0.6861243890598411,2,0.48619165588927976,0,6,3,1,7,0.04,0.04,4.064766623557119,1,-3.065,61.0,2.0
307,2,Johnson,Ipswich,Liverpool,True,4.0,0.1,3,0,0.0,0.0,0.0,0.0,0.0,0.0,,0.0,0.0,0.0,0.6861243890598411,2,0.48619165588927976,0,0,0,0,0,0.0,0.0,0.0,0,0.0,,
308,2,Furlong,Ipswich,Liverpool,True,3.9,0.6,3,0,0.0,0.0,0.0,0.0,0.0,0.0,,0.0,0.0,0.0,0.6861243890598411,2,0.48619165588927976,0,0,0,0,0,0.0,0.0,0.0,0,0.0,,
309,3,Núñez,Ipswich,Liverpool,True,4.9,0.1,3,0,0.0,0.0,0.0,0.0,0.0,0.0,,0.0,0.0,0.0,0.6861243890598411,2,0.48619165588927976,0,0,0,0,0,0.0,0.0,0.0,0,0.0,,
310,3,Matusiwa,Ipswich,Liverpool,True,4.9,0.0,3,0,0.0,0.0,0.0,0.0,0.0,0.0,,0.0,0.0,0.0,0.6861243890598411,2,0.48619165588927976,0,0,0,0,0,0.0,0.0,0.0,0,0.0,,
311,3,Burns,Ipswich,Liverpool,True,5.0,0.0,3,0,0.0,0.0,0.0,0.0,0.0,0.0,,0.0,0.0,0.0,0.6861243890598411,2,0.48619165588927976,0,0,0,0,0,0.0,0.0,0.0,0,0.0,,
312,3,Taylor,Ipswich,Liverpool,True,4.5,0.0,3,0,0.0,0.0,0.0,0.0,0.0,0.0,,0.0,0.0,0.0,0.6861243890598411,2,0.48619165588927976,0,0,0,0,0,0.0,0.0,0.0,0,0.0,,
313,3,Clarke,Ipswich,Liverpool,True,5.4,0.2,3,24,1.0,0.0,0.0,0.05,0.05,0.0,0.0,1.0,0.02,0.0,0.6861243890598411,2,0.48619165588927976,0,1,1,0,2,0.07,0.07,1.31,1,-0.31,24.0,1.0
314,3,Ogbene,Ipswich,Liverpool,True,4.9,0.0,3,0,0.0,0.0,0.0,0.0,0.0,0.0,,0.0,0.0,0.0,0.6861243890598411,2,0.48619165588927976,0,0,0,0,0,0.0,0.0,0.0,0,0.0,,
315,3,Fatawu,Ipswich,Liverpool,True,5.4,0.2,3,78,2.0,0.0,0.0,0.03,0.03,0.0,0.0,2.0,0.15,0.0,0.6861243890598411,2,0.48619165588927976,0,2,2,2,6,0.18,0.18,3.0861916558892792,2,-1.086,40.0,1.0
316,4,Emersonn,Ipswich,Liverpool,True,5.5,3.3,3,65,1.0,0.0,1.0,0.22,0.22,0.0,0.0,0.0,0.0,0.0,0.6861243890598411,2,0.48619165588927976,0,1,1,1,3,0.22,0.22,2.88,2,-0.88,16.0,1.0
317,4,Hirst,Ipswich,Liverpool,True,5.0,0.1,3,0,0.0,0.0,0.0,0.0,0.0,0.0,,0.0,0.0,0.0,0.6861243890598411,2,0.48619165588927976,0,0,0,0,0,0.0,0.0,0.0,0,0.0,,
318,3,Philogene,Ipswich,Liverpool,True,5.4,0.1,3,0,0.0,0.0,0.0,0.0,0.0,0.0,,0.0,0.0,0.0,0.6861243890598411,2,0.48619165588927976,0,0,0,0,0,0.0,0.0,0.0,0,0.0,,
319,3,Szmodics,Ipswich,Liverpool,True,5.0,0.0,3,0,0.0,0.0,0.0,0.0,0.0,0.0,,0.0,0.0,0.0,0.6861243890598411,2,0.48619165588927976,0,0,0,0,0,0.0,0.0,0.0,0,0.0,,
320,4,Akpom,Ipswich,Liverpool,True,5.0,1.2,3,0,0.0,0.0,0.0,0.0,0.0,0.0,,0.0,0.0,0.0,0.6861243890598411,2,0.48619165588927976,0,0,0,0,0,0.0,0.0,0.0,0,0.0,,
321,4,Walle Egeli,Ipswich,Liverpool,True,4.5,3.6,3,0,0.0,0.0,0.0,0.0,0.0,0.0,,0.0,0.0,0.0,0.6861243890598411,2,0.48619165588927976,0,0,0,0,0,0.0,0.0,0.0,0,0.0,,
322,4,Al-Hamadi,Ipswich,Liverpool,True,5.0,0.1,3,0,0.0,0.0,0.0,0.0,0.0,0.0,,0.0,0.0,0.0,0.6861243890598411,2,0.48619165588927976,0,0,0,0,0,0.0,0.0,0.0,0,0.0,,
323,3,McAteer,Ipswich,Liverpool,True,4.5,1.1,3,11,1.0,1.0,0.0,0.05,0.05,0.0,0.0,0.0,0.0,0.0,0.6861243890598411,2,0.48619165588927976,0,0,1,0,1,0.05,0.05,1.25,1,-0.25,4.0,0.0
324,3,Mehmeti,Ipswich,Liverpool,True,4.9,0.0,3,0,0.0,0.0,0.0,0.0,0.0,0.0,,0.0,0.0,0.0,0.6861243890598411,2,0.48619165588927976,0,0,0,0,0,0.0,0.0,0.0,0,0.0,,
325,1,Darlow,Man Utd,Everton,False,4.5,0.0,3,0,0.0,0.0,0.0,0.0,0.0,0.0,,0.0,0.0,0.0,1.0101613653823724,2,0.3417639422013538,0,0,0,0,0,0.0,0.0,0.0,0,0.0,,
326,1,Perri,Leeds,Brighton,False,4.5,0.3,3,0,0.0,0.0,0.0,0.0,0.0,0.0,,0.0,0.0,0.0,2.194103181362151,1,0.06830672448087981,0,0,0,0,0,0.0,0.0,0.0,0,0.0,,
327,2,Bijol,Leeds,Brighton,False,5.0,0.7,3,29,0.0,0.0,0.0,0.0,0.0,0.0,,0.0,0.0,0.0,2.194103181362151,1,0.06830672448087981,0,2,0,2,4,0.0,0.0,1.0,1,0.0,9.0,0.0
328,2,Struijk,Brighton,Leeds,True,4.9,0.2,3,1,0.0,0.0,0.0,0.0,0.0,0.0,,0.0,0.0,0.0,2.61606671102345,1,0.012093029528652778,0,0,0,0,0,0.0,0.0,1.0,1,0.0,2.0,0.0
329,2,Rodon,Leeds,Brighton,False,4.3,0.8,3,0,0.0,0.0,0.0,0.0,0.0,0.0,,0.0,0.0,0.0,2.194103181362151,1,0.06830672448087981,0,0,0,0,0,0.0,0.0,0.0,0,0.0,,
330,2,Bogle,Leeds,Brighton,False,4.6,5.9,3,60,1.0,1.0,1.0,0.9,0.9,1.0,1.0,0.0,0.02,0.0,2.194103181362151,1,0.06830672448087981,0,2,0,0,2,0.92,0.92,9.733226897923519,14,4.267,26.0,1.0
331,2,Gudmundsson,Leeds,Brighton,False,4.5,0.1,3,90,0.0,0.0,0.0,0.0,0.0,0.0,,0.0,0.0,0.0,2.194103181362151,1,0.06830672448087981,0,2,9,3,5,0.0,0.0,1.2732268979235193,2,0.727,50.0,1.0
332,2,Justin,Leeds,Brighton,False,4.5,1.5,3,90,2.0,1.0,2.0,0.14,0.14,0.0,0.0,0.0,0.0,0.0,2.194103181362151,1,0.06830672448087981,0,7,4,3,10,0.14,0.14,4.11322689792352,4,-0.113,43.0,2.0
333,2,Bornauw,Leeds,Brighton,False,4.5,0.0,3,0,0.0,0.0,0.0,0.0,0.0,0.0,,0.0,0.0,0.0,2.194103181362151,1,0.06830672448087981,0,0,0,0,0,0.0,0.0,0.0,0,0.0,,
334,2,Muharemović,Leeds,Brighton,False,5.0,4.3,3,90,0.0,0.0,0.0,0.0,0.0,0.0,,0.0,0.01,0.0,2.194103181362151,1,0.06830672448087981,0,12,2,1,13,0.01,0.01,3.303226897923519,4,0.697,58.0,1.0
335,3,Stach,Leeds,Brighton,False,6.0,2.6,3,90,1.0,1.0,1.0,0.32,0.32,0.0,0.0,1.0,0.1,0.0,2.194103181362151,1,0.06830672448087981,0,2,2,2,6,0.42000000000000004,0.42000000000000004,3.96830672448088,2,-1.968,41.0,2.0
336,3,Okafor,Leeds,Brighton,False,5.8,0.4,3,61,0.0,0.0,0.0,0.0,0.0,0.0,,0.0,0.01,0.0,2.194103181362151,1,0.06830672448087981,0,0,0,0,0,0.01,0.01,2.0983067244808797,3,0.902,18.0,1.0
337,3,Aaronson,Leeds,Brighton,False,5.4,0.5,3,28,0.0,0.0,0.0,0.0,0.0,0.0,,0.0,0.0,0.0,2.194103181362151,1,0.06830672448087981,0,0,0,0,0,0.0,0.0,1.0,1,0.0,11.0,0.0
338,3,Ampadu,Leeds,Brighton,False,5.4,0.9,3,90,0.0,0.0,0.0,0.0,0.0,0.0,,0.0,0.01,0.0,2.194103181362151,1,0.06830672448087981,0,6,1,4,11,0.01,0.01,2.0983067244808797,2,-0.098,46.0,0.0
339,3,Longstaff,Leeds,Brighton,False,4.9,0.1,3,0,0.0,0.0,0.0,0.0,0.0,0.0,,0.0,0.0,0.0,2.194103181362151,1,0.06830672448087981,0,0,0,0,0,0.0,0.0,0.0,0,0.0,,
340,3,Gelhardt,Hull,Aston Villa,True,5.0,0.0,3,0,0.0,0.0,0.0,0.0,0.0,0.0,,0.0,0.0,0.0,1.9291178463026877,0,0.06934644158693859,1,0,0,0,0,0.0,0.0,0.0,0,0.0,,
341,3,Gnonto,Leeds,Brighton,False,5.0,0.0,3,0,0.0,0.0,0.0,0.0,0.0,0.0,,0.0,0.0,0.0,2.194103181362151,1,0.06830672448087981,0,0,0,0,0,0.0,0.0,0.0,0,0.0,,
342,3,Harrison,Leeds,Brighton,False,5.0,0.0,3,0,0.0,0.0,0.0,0.0,0.0,0.0,,0.0,0.0,0.0,2.194103181362151,1,0.06830672448087981,0,0,0,0,0,0.0,0.0,0.0,0,0.0,,
343,3,James,Leeds,Brighton,False,4.9,0.1,3,0,0.0,0.0,0.0,0.0,0.0,0.0,,0.0,0.0,0.0,2.194103181362151,1,0.06830672448087981,0,0,0,0,0,0.0,0.0,0.0,0,0.0,,
344,3,Gruev,Leeds,Brighton,False,5.0,0.0,3,0,0.0,0.0,0.0,0.0,0.0,0.0,,0.0,0.0,0.0,2.194103181362151,1,0.06830672448087981,0,0,0,0,0,0.0,0.0,0.0,0,0.0,,
345,3,Tanaka,Leeds,Brighton,False,4.9,0.3,3,72,2.0,0.0,2.0,0.53,0.53,0.0,0.0,1.0,0.01,1.0,2.194103181362151,1,0.06830672448087981,0,3,3,2,8,0.54,0.54,4.748306724480881,5,0.252,37.0,3.0
346,4,Calvert-Lewin,Leeds,Brighton,False,6.0,25.7,3,72,2.0,2.0,2.0,0.56,0.56,0.0,0.0,1.0,0.06,0.0,2.194103181362151,1,0.06830672448087981,0,1,2,0,3,0.6200000000000001,0.6200000000000001,3.42,1,-2.42,23.0,2.0
347,4,Nmecha,Leeds,Brighton,False,5.4,0.5,3,17,2.0,0.0,2.0,0.17,0.17,0.0,0.0,0.0,0.14,0.0,2.194103181362151,1,0.06830672448087981,0,0,0,0,0,0.31000000000000005,0.31000000000000005,2.1,1,-1.1,8.0,2.0
348,4,Piroe,Leeds,Brighton,False,5.0,0.1,3,0,0.0,0.0,0.0,0.0,0.0,0.0,,0.0,0.0,0.0,2.194103181362151,1,0.06830672448087981,0,0,0,0,0,0.0,0.0,0.0,0,0.0,,
349,4,Mateo Joseph,Leeds,Brighton,False,4.5,0.1,3,0,0.0,0.0,0.0,0.0,0.0,0.0,,0.0,0.0,0.0,2.194103181362151,1,0.06830672448087981,0,0,0,0,0,0.0,0.0,0.0,0,0.0,,
350,1,A.Becker,Liverpool,Ipswich,False,5.5,3.9,3,90,0.0,0.0,0.0,0.0,0.0,0.0,,0.0,0.0,0.0,0.7534505827352398,0,0.4507181501729423,1,2,14,0,0,0.0,0.0,4.802872600691769,8,3.197,55.0,0.0
351,1,Mamardashvili,Liverpool,Ipswich,False,4.9,0.1,3,0,0.0,0.0,0.0,0.0,0.0,0.0,,0.0,0.0,0.0,0.7534505827352398,0,0.4507181501729423,1,0,0,0,0,0.0,0.0,0.0,0,0.0,,
352,1,Woodman,Liverpool,Ipswich,False,4.0,1.0,3,0,0.0,0.0,0.0,0.0,0.0,0.0,,0.0,0.0,0.0,0.7534505827352398,0,0.4507181501729423,1,0,0,0,0,0.0,0.0,0.0,0,0.0,,
353,1,Pecsi,Liverpool,Ipswich,False,4.0,0.0,3,0,0.0,0.0,0.0,0.0,0.0,0.0,,0.0,0.0,0.0,0.7534505827352398,0,0.4507181501729423,1,0,0,0,0,0.0,0.0,0.0,0,0.0,,
354,1,Jaros,Liverpool,Ipswich,False,4.0,0.0,3,0,0.0,0.0,0.0,0.0,0.0,0.0,,0.0,0.0,0.0,0.7534505827352398,0,0.4507181501729423,1,0,0,0,0,0.0,0.0,0.0,0,0.0,,
355,1,Davies,Liverpool,Ipswich,False,4.0,0.2,3,0,0.0,0.0,0.0,0.0,0.0,0.0,,0.0,0.0,0.0,0.7534505827352398,0,0.4507181501729423,1,0,0,0,0,0.0,0.0,0.0,0,0.0,,
356,2,Virgil,Liverpool,Ipswich,False,6.5,16.4,3,90,0.0,0.0,0.0,0.0,0.0,0.0,,0.0,0.02,0.0,0.7534505827352398,0,0.4507181501729423,1,4,4,3,7,0.02,0.02,3.862872600691769,6,2.137,100.0,0.0
357,2,Frimpong,Liverpool,Ipswich,False,5.3,1.9,3,0,0.0,0.0,0.0,0.0,0.0,0.0,,0.0,0.0,0.0,0.7534505827352398,0,0.4507181501729423,1,0,0,0,0,0.0,0.0,0.0,0,0.0,,
358,2,Kerkez,Liverpool,Ipswich,False,5.4,2.3,3,90,0.0,0.0,0.0,0.0,0.0,0.0,,0.0,0.03,0.0,0.7534505827352398,0,0.4507181501729423,1,3,1,2,5,0.03,0.03,2.892872600691769,5,2.107,55.0,0.0
359,2,Gomez,Liverpool,Ipswich,False,4.9,0.0,3,0,0.0,0.0,0.0,0.0,0.0,0.0,,0.0,0.0,0.0,0.7534505827352398,0,0.4507181501729423,1,0,0,0,0,0.0,0.0,0.0,0,0.0,,
360,2,Bradley,Liverpool,Ipswich,False,5.0,0.0,3,0,0.0,0.0,0.0,0.0,0.0,0.0,,0.0,0.0,0.0,0.7534505827352398,0,0.4507181501729423,1,0,0,0,0,0.0,0.0,0.0,0,0.0,,
361,2,Lucky,Liverpool,Ipswich,False,4.0,0.1,3,0,0.0,0.0,0.0,0.0,0.0,0.0,,0.0,0.0,0.0,0.7534505827352398,0,0.4507181501729423,1,0,0,0,0,0.0,0.0,0.0,0,0.0,,
362,2,Jacquet,Liverpool,Ipswich,False,5.0,3.3,3,90,0.0,0.0,0.0,0.0,0.0,0.0,,1.0,0.03,0.0,0.7534505827352398,0,0.4507181501729423,1,6,3,3,9,0.03,0.03,2.892872600691769,5,2.107,85.0,1.0
363,2,Leoni,Liverpool,Ipswich,False,4.0,0.0,3,0,0.0,0.0,0.0,0.0,0.0,0.0,,0.0,0.0,0.0,0.7534505827352398,0,0.4507181501729423,1,0,0,0,0,0.0,0.0,0.0,0,0.0,,
364,2,Tsimikas,Liverpool,Ipswich,False,4.9,0.1,3,0,0.0,0.0,0.0,0.0,0.0,0.0,,0.0,0.0,0.0,0.7534505827352398,0,0.4507181501729423,1,0,0,0,0,0.0,0.0,0.0,0,0.0,,
365,2,Ramsay,Liverpool,Ipswich,False,4.0,0.1,3,0,0.0,0.0,0.0,0.0,0.0,0.0,,0.0,0.0,0.0,0.7534505827352398,0,0.4507181501729423,1,0,0,0,0,0.0,0.0,0.0,0,0.0,,
366,3,Wirtz,Liverpool,Ipswich,False,7.3,6.1,3,90,2.0,1.0,1.0,0.18,0.18,0.0,0.0,2.0,0.05,0.0,0.7534505827352398,0,0.4507181501729423,1,0,4,0,4,0.22999999999999998,0.22999999999999998,3.500718150172942,3,-0.501,75.0,6.0
367,3,Gakpo,Liverpool,Ipswich,False,7.2,12.8,3,90,1.0,0.0,1.0,0.06,0.06,0.0,0.0,3.0,0.4,2.0,0.7534505827352398,0,0.4507181501729423,1,2,5,3,10,0.46,0.46,3.9507181501729423,11,7.049,58.0,5.0
368,3,Szoboszlai,Liverpool,Ipswich,False,7.0,34.5,3,90,3.0,3.0,0.0,0.16,0.16,0.0,0.0,2.0,0.08,0.0,0.7534505827352398,0,0.4507181501729423,1,3,6,0,9,0.24,0.24,3.4907181501729427,3,-0.491,79.0,0.0
369,3,Ngumoha,Liverpool,Ipswich,False,5.7,0.5,3,0,0.0,0.0,0.0,0.0,0.0,0.0,,0.0,0.0,0.0,0.7534505827352398,0,0.4507181501729423,1,0,0,0,0,0.0,0.0,0.0,0,0.0,,
370,3,Chiesa,Liverpool,Ipswich,False,5.3,0.0,3,0,0.0,0.0,0.0,0.0,0.0,0.0,,0.0,0.0,0.0,0.7534505827352398,0,0.4507181501729423,1,0,0,0,0,0.0,0.0,0.0,0,0.0,,
371,3,Gravenberch,Liverpool,Ipswich,False,5.8,1.2,3,26,0.0,0.0,0.0,0.0,0.0,0.0,,0.0,0.0,0.0,0.7534505827352398,0,0.4507181501729423,1,1,1,0,2,0.0,0.0,1.0,1,0.0,17.0,0.0
372,3,Mac Allister,Liverpool,Ipswich,False,5.4,1.3,3,83,2.0,1.0,1.0,0.08,0.08,0.0,0.0,1.0,0.02,0.0,0.7534505827352398,0,0.4507181501729423,1,3,5,3,11,0.1,0.1,1.9107181501729422,2,0.089,58.0,1.0
373,3,C.Jones,Liverpool,Ipswich,False,5.5,0.0,3,0,0.0,0.0,0.0,0.0,0.0,0.0,,0.0,0.0,0.0,0.7534505827352398,0,0.4507181501729423,1,0,0,0,0,0.0,0.0,0.0,0,0.0,,
374,3,Endo,Liverpool,Ipswich,False,4.9,0.1,3,0,0.0,0.0,0.0,0.0,0.0,0.0,,0.0,0.0,0.0,0.7534505827352398,0,0.4507181501729423,1,0,0,0,0,0.0,0.0,0.0,0,0.0,,
375,3,Nyoni,Liverpool,Ipswich,False,4.9,0.0,3,6,0.0,0.0,0.0,0.0,0.0,0.0,,0.0,0.0,0.0,0.7534505827352398,0,0.4507181501729423,1,0,0,0,0,0.0,0.0,1.0,1,0.0,5.0,0.0
376,3,Bajcetic,Liverpool,Ipswich,False,5.0,0.0,3,0,0.0,0.0,0.0,0.0,0.0,0.0,,0.0,0.0,0.0,0.7534505827352398,0,0.4507181501729423,1,0,0,0,0,0.0,0.0,0.0,0,0.0,,
377,3,Munoz,Liverpool,Ipswich,False,6.5,1.0,3,63,0.0,0.0,0.0,0.0,0.0,0.0,,0.0,0.02,0.0,0.7534505827352398,0,0.4507181501729423,1,0,4,0,4,0.02,0.02,2.5107181501729423,3,0.489,39.0,3.0
378,3,McConnell,Liverpool,Ipswich,False,4.4,0.2,3,0,0.0,0.0,0.0,0.0,0.0,0.0,,0.0,0.0,0.0,0.7534505827352398,0,0.4507181501729423,1,0,0,0,0,0.0,0.0,0.0,0,0.0,,
379,4,Isak,Liverpool,Ipswich,False,9.1,21.9,3,63,2.0,2.0,2.0,0.21,0.21,2.0,2.0,0.0,0.05,0.0,0.7534505827352398,0,0.4507181501729423,1,1,2,0,3,0.26,0.26,2.9899999999999998,13,10.01,29.0,2.0
380,4,Ekitiké,Liverpool,Ipswich,False,7.4,0.1,3,0,0.0,0.0,0.0,0.0,0.0,0.0,,0.0,0.0,0.0,0.7534505827352398,0,0.4507181501729423,1,0,0,0,0,0.0,0.0,0.0,0,0.0,,
381,3,Koumas,Liverpool,Ipswich,False,5.0,0.0,3,1,0.0,0.0,0.0,0.0,0.0,0.0,,0.0,0.0,0.0,0.7534505827352398,0,0.4507181501729423,1,0,0,0,0,0.0,0.0,1.0,1,0.0,0.0,0.0
382,4,Danns,Liverpool,Ipswich,False,4.5,0.2,3,0,0.0,0.0,0.0,0.0,0.0,0.0,,0.0,0.0,0.0,0.7534505827352398,0,0.4507181501729423,1,0,0,0,0,0.0,0.0,0.0,0,0.0,,
383,3,Elliott,Liverpool,Ipswich,False,5.4,0.0,3,0,0.0,0.0,0.0,0.0,0.0,0.0,,0.0,0.0,0.0,0.7534505827352398,0,0.4507181501729423,1,0,0,0,0,0.0,0.0,0.0,0,0.0,,
384,1,Donnarumma,Man City,Coventry,True,5.5,7.8,3,90,0.0,0.0,0.0,0.0,0.0,0.0,,0.0,0.0,0.0,1.367418968584388,0,0.21101161562865636,1,1,2,0,0,0.0,0.0,3.8440464625146253,7,3.156,23.0,0.0
385,1,Trafford,Leeds,Brighton,False,5.0,5.4,3,90,0.0,0.0,0.0,0.0,0.0,0.0,,0.0,0.0,0.0,2.194103181362151,1,0.06830672448087981,0,2,11,0,0,0.0,0.0,2.2732268979235193,3,0.727,49.0,0.0
386,1,Bettinelli,Man City,Coventry,True,4.5,0.0,3,0,0.0,0.0,0.0,0.0,0.0,0.0,,0.0,0.0,0.0,1.367418968584388,0,0.21101161562865636,1,0,0,0,0,0.0,0.0,0.0,0,0.0,,
387,2,O'Reilly,Man City,Coventry,True,6.4,11.5,3,0,0.0,0.0,0.0,0.0,0.0,0.0,,0.0,0.0,0.0,1.367418968584388,0,0.21101161562865636,1,0,0,0,0,0.0,0.0,0.0,0,0.0,,
388,2,Guéhi,Man City,Coventry,True,6.0,18.6,3,90,0.0,0.0,0.0,0.0,0.0,0.0,,0.0,0.02,0.0,1.367418968584388,0,0.21101161562865636,1,9,6,0,9,0.02,0.02,2.9040464625146254,8,5.096,137.0,1.0
389,2,Matheus N.,Man City,Coventry,True,5.9,1.0,3,0,0.0,0.0,0.0,0.0,0.0,0.0,,0.0,0.0,0.0,1.367418968584388,0,0.21101161562865636,1,0,0,0,0,0.0,0.0,0.0,0,0.0,,
390,2,Rúben,Man City,Coventry,True,5.5,1.9,3,90,0.0,0.0,0.0,0.0,0.0,0.0,,0.0,0.03,0.0,1.367418968584388,0,0.21101161562865636,1,3,0,0,3,0.03,0.03,2.934046462514625,6,3.066,128.0,0.0
391,2,Gvardiol,Man City,Coventry,True,5.7,25.9,3,90,1.0,0.0,1.0,0.01,0.01,0.0,0.0,0.0,0.02,0.0,1.367418968584388,0,0.21101161562865636,1,4,7,4,8,0.03,0.03,2.9640464625146254,8,5.036,74.0,2.0
392,2,Aït-Nouri,Man City,Coventry,True,5.3,0.4,3,0,0.0,0.0,0.0,0.0,0.0,0.0,,0.0,0.0,0.0,1.367418968584388,0,0.21101161562865636,1,0,0,0,0,0.0,0.0,0.0,0,0.0,,
393,2,Khusanov,Man City,Coventry,True,5.4,1.4,3,90,0.0,0.0,0.0,0.0,0.0,0.0,,0.0,0.02,0.0,1.367418968584388,0,0.21101161562865636,1,4,4,2,6,0.02,0.02,1.9040464625146254,5,3.096,97.0,0.0
394,2,Alleyne,Man City,Coventry,True,5.0,0.0,3,0,0.0,0.0,0.0,0.0,0.0,0.0,,0.0,0.0,0.0,1.367418968584388,0,0.21101161562865636,1,0,0,0,0,0.0,0.0,0.0,0,0.0,,
395,2,Lewis,Man City,Coventry,True,4.4,0.2,3,0,0.0,0.0,0.0,0.0,0.0,0.0,,0.0,0.0,0.0,1.367418968584388,0,0.21101161562865636,1,0,0,0,0,0.0,0.0,0.0,0,0.0,,
396,2,Vitor Reis,Man City,Coventry,True,4.5,0.0,3,0,0.0,0.0,0.0,0.0,0.0,0.0,,0.0,0.0,0.0,1.367418968584388,0,0.21101161562865636,1,0,0,0,0,0.0,0.0,0.0,0,0.0,,
397,3,Semenyo,Man City,Coventry,True,8.4,14.7,3,90,2.0,0.0,2.0,0.05,0.05,0.0,0.0,3.0,0.34,1.0,1.367418968584388,0,0.21101161562865636,1,0,3,1,4,0.39,0.39,3.4810116156286566,6,2.519,53.0,3.0
398,3,Foden,Man City,Coventry,True,6.9,2.0,3,24,1.0,1.0,1.0,0.62,0.62,0.0,0.0,1.0,0.01,0.0,1.367418968584388,0,0.21101161562865636,1,0,1,0,1,0.63,0.63,4.13,1,-3.13,25.0,1.0
399,3,Cherki,Man City,Coventry,True,7.8,28.0,3,65,3.0,0.0,3.0,0.21,0.21,0.0,0.0,3.0,0.3,0.0,1.367418968584388,0,0.21101161562865636,1,0,3,0,3,0.51,0.51,5.161011615628656,3,-2.161,95.0,8.0
400,3,Doku,Man City,Coventry,True,7.4,0.7,3,0,0.0,0.0,0.0,0.0,0.0,0.0,,0.0,0.0,0.0,1.367418968584388,0,0.21101161562865636,1,0,0,0,0,0.0,0.0,0.0,0,0.0,,
401,4,Marmoush,Spurs,Nott'm Forest,False,7.0,2.2,3,83,2.0,0.0,1.0,0.17,0.17,0.0,0.0,0.0,0.01,0.0,0.9222217742353673,0,0.36872597145494135,1,0,0,0,0,0.18000000000000002,0.18000000000000002,2.71,2,-0.71,26.0,2.0
402,3,Rodrigo,Man City,Coventry,True,6.5,0.0,3,0,0.0,0.0,0.0,0.0,0.0,0.0,,0.0,0.0,0.0,1.367418968584388,0,0.21101161562865636,1,0,0,0,0,0.0,0.0,0.0,0,0.0,,
403,3,Sávio,Spurs,Nott'm Forest,False,6.5,0.7,3,60,1.0,0.0,1.0,0.02,0.02,0.0,0.0,1.0,0.27,0.0,0.9222217742353673,0,0.36872597145494135,1,0,0,0,0,0.29000000000000004,0.29000000000000004,3.2787259714549415,3,-0.279,41.0,6.0
404,3,Reijnders,Man City,Coventry,True,6.0,0.0,3,0,0.0,0.0,0.0,0.0,0.0,0.0,,0.0,0.0,0.0,1.367418968584388,0,0.21101161562865636,1,0,0,0,0,0.0,0.0,0.0,0,0.0,,
405,3,N.Gonzalez,Newcastle,Bournemouth,True,5.5,0.2,3,76,0.0,0.0,0.0,0.0,0.0,0.0,,1.0,0.01,0.0,1.3699682438746088,1,0.17209913666754592,0,1,6,0,7,0.01,0.01,2.2020991366675458,2,-0.202,60.0,1.0
406,3,Kovačić,Man City,Coventry,True,5.4,0.1,3,0,0.0,0.0,0.0,0.0,0.0,0.0,,0.0,0.0,0.0,1.367418968584388,0,0.21101161562865636,1,0,0,0,0,0.0,0.0,0.0,0,0.0,,
407,3,Echeverri,Man City,Coventry,True,4.9,0.0,3,0,0.0,0.0,0.0,0.0,0.0,0.0,,0.0,0.0,0.0,1.367418968584388,0,0.21101161562865636,1,0,0,0,0,0.0,0.0,0.0,0,0.0,,
408,3,Phillips,Man City,Coventry,True,5.0,0.0,3,0,0.0,0.0,0.0,0.0,0.0,0.0,,0.0,0.0,0.0,1.367418968584388,0,0.21101161562865636,1,0,0,0,0,0.0,0.0,0.0,0,0.0,,
409,3,Mukasa,Man City,Coventry,True,4.5,0.1,3,0,0.0,0.0,0.0,0.0,0.0,0.0,,0.0,0.0,0.0,1.367418968584388,0,0.21101161562865636,1,0,0,0,0,0.0,0.0,0.0,0,0.0,,
410,3,Monga,Man City,Coventry,True,4.9,0.0,3,0,0.0,0.0,0.0,0.0,0.0,0.0,,0.0,0.0,0.0,1.367418968584388,0,0.21101161562865636,1,0,0,0,0,0.0,0.0,0.0,0,0.0,,
411,4,Haaland,Man City,Coventry,True,15.6,73.3,3,90,4.0,3.0,4.0,1.06,1.06,1.0,1.0,1.0,0.48,0.0,1.367418968584388,0,0.21101161562865636,1,5,2,0,7,1.54,1.54,10.68,9,-1.68,29.0,8.0
412,1,Lammens,Man Utd,Everton,False,4.9,10.3,3,90,0.0,0.0,0.0,0.0,0.0,0.0,,0.0,0.0,0.0,1.0101613653823724,2,0.3417639422013538,0,1,14,0,0,0.0,0.0,4.3670557688054155,2,-2.367,33.0,0.0
413,1,Bayindir,Man Utd,Everton,False,4.5,0.0,3,0,0.0,0.0,0.0,0.0,0.0,0.0,,0.0,0.0,0.0,1.0101613653823724,2,0.3417639422013538,0,0,0,0,0,0.0,0.0,0.0,0,0.0,,
414,1,Heaton,Man Utd,Everton,False,4.0,0.1,3,0,0.0,0.0,0.0,0.0,0.0,0.0,,0.0,0.0,0.0,1.0101613653823724,2,0.3417639422013538,0,0,0,0,0,0.0,0.0,0.0,0,0.0,,
415,3,Dorgu,Man Utd,Everton,False,5.8,0.5,3,20,0.0,0.0,0.0,0.0,0.0,0.0,,0.0,0.01,0.0,1.0101613653823724,2,0.3417639422013538,0,1,1,1,3,0.01,0.01,1.03,1,-0.03,13.0,1.0
416,2,De Ligt,Man Utd,Everton,False,5.0,0.0,3,0,0.0,0.0,0.0,0.0,0.0,0.0,,0.0,0.0,0.0,1.0101613653823724,2,0.3417639422013538,0,0,0,0,0,0.0,0.0,0.0,0,0.0,,
417,2,Dalot,Man Utd,Everton,False,4.9,1.7,3,83,1.0,0.0,0.0,0.01,0.01,0.0,0.0,2.0,0.01,0.0,1.0101613653823724,2,0.3417639422013538,0,2,3,2,4,0.02,0.02,2.4570557688054153,1,-1.457,49.0,2.0
418,2,Maguire,Man Utd,Everton,False,4.9,9.2,3,90,0.0,0.0,0.0,0.0,0.0,0.0,,0.0,0.01,0.0,1.0101613653823724,2,0.3417639422013538,0,12,2,0,12,0.01,0.01,4.397055768805416,2,-2.397,80.0,1.0
419,2,Martinez,Man Utd,Everton,False,5.0,1.3,3,90,0.0,0.0,0.0,0.0,0.0,0.0,,0.0,0.0,0.0,1.0101613653823724,2,0.3417639422013538,0,10,2,0,10,0.0,0.0,6.3670557688054155,3,-3.367,57.0,0.0
420,2,Yoro,Man Utd,Everton,False,4.8,0.5,3,6,0.0,0.0,0.0,0.0,0.0,0.0,,0.0,0.01,0.0,1.0101613653823724,2,0.3417639422013538,0,1,0,2,3,0.01,0.01,1.03,1,-0.03,11.0,1.0
421,2,Heaven,Man Utd,Everton,False,4.4,0.3,3,0,0.0,0.0,0.0,0.0,0.0,0.0,,0.0,0.0,0.0,1.0101613653823724,2,0.3417639422013538,0,0,0,0,0,0.0,0.0,0.0,0,0.0,,
422,2,Mazraoui,Man Utd,Everton,False,4.4,0.5,3,1,0.0,0.0,0.0,0.0,0.0,0.0,,0.0,0.01,0.0,1.0101613653823724,2,0.3417639422013538,0,0,0,1,1,0.01,0.01,1.03,1,-0.03,5.0,1.0
423,2,Shaw,Man Utd,Everton,False,4.3,8.3,3,90,1.0,0.0,0.0,0.02,0.02,0.0,0.0,1.0,0.23,1.0,1.0101613653823724,2,0.3417639422013538,0,7,1,1,8,0.25,0.25,3.177055768805416,4,0.823,64.0,1.0
424,2,Amass,Man Utd,Everton,False,4.0,0.2,3,0,0.0,0.0,0.0,0.0,0.0,0.0,,0.0,0.0,0.0,1.0101613653823724,2,0.3417639422013538,0,0,0,0,0,0.0,0.0,0.0,0,0.0,,
425,2,Fredricson,Man Utd,Everton,False,4.0,0.0,3,0,0.0,0.0,0.0,0.0,0.0,0.0,,0.0,0.0,0.0,1.0101613653823724,2,0.3417639422013538,0,0,0,0,0,0.0,0.0,0.0,0,0.0,,
426,3,B.Fernandes,Man Utd,Everton,False,12.0,39.9,3,90,4.0,0.0,2.0,0.15,0.15,0.0,0.0,2.0,0.06,0.0,1.0101613653823724,2,0.3417639422013538,0,0,2,0,2,0.21,0.21,3.271763942201354,2,-1.272,65.0,3.0
427,3,Mbeumo,Man Utd,Everton,False,7.9,21.5,3,90,2.0,1.0,1.0,0.05,0.05,1.0,1.0,1.0,0.03,0.0,1.0101613653823724,2,0.3417639422013538,0,4,4,0,8,0.08,0.08,2.6817639422013535,8,5.318,39.0,4.0
428,3,Cunha,Man Utd,Everton,False,7.9,5.7,3,69,2.0,0.0,1.0,0.12,0.12,0.0,0.0,0.0,0.05,0.0,1.0101613653823724,2,0.3417639422013538,0,0,1,2,3,0.16999999999999998,0.16999999999999998,3.0917639422013536,3,-0.092,42.0,3.0
429,3,Rashford,Man Utd,Everton,False,7.0,1.6,3,69,0.0,0.0,0.0,0.0,0.0,0.0,,1.0,0.06,0.0,1.0101613653823724,2,0.3417639422013538,0,0,4,0,4,0.06,0.06,2.521763942201354,3,0.478,37.0,4.0
430,3,Mount,Man Utd,Everton,False,5.4,0.0,3,0,0.0,0.0,0.0,0.0,0.0,0.0,,0.0,0.0,0.0,1.0101613653823724,2,0.3417639422013538,0,0,0,0,0,0.0,0.0,0.0,0,0.0,,
431,3,Amad,Man Utd,Everton,False,5.7,0.3,3,0,0.0,0.0,0.0,0.0,0.0,0.0,,0.0,0.0,0.0,1.0101613653823724,2,0.3417639422013538,0,0,0,0,0,0.0,0.0,0.0,0,0.0,,
432,3,Mainoo,Man Utd,Everton,False,5.5,1.6,3,83,0.0,0.0,0.0,0.0,0.0,0.0,,2.0,0.07,1.0,1.0101613653823724,2,0.3417639422013538,0,3,10,2,15,0.07,0.07,4.551763942201354,9,4.448,95.0,0.0
433,3,Ugarte,Man Utd,Everton,False,5.0,0.0,3,0,0.0,0.0,0.0,0.0,0.0,0.0,,0.0,0.0,0.0,1.0101613653823724,2,0.3417639422013538,0,0,0,0,0,0.0,0.0,0.0,0,0.0,,
434,3,J.Fletcher,Man Utd,Everton,False,4.9,0.0,3,0,0.0,0.0,0.0,0.0,0.0,0.0,,0.0,0.0,0.0,1.0101613653823724,2,0.3417639422013538,0,0,0,0,0,0.0,0.0,0.0,0,0.0,,
435,3,Lacey,Man Utd,Everton,False,4.9,0.1,3,0,0.0,0.0,0.0,0.0,0.0,0.0,,0.0,0.0,0.0,1.0101613653823724,2,0.3417639422013538,0,0,0,0,0,0.0,0.0,0.0,0,0.0,,
436,3,Collyer,Man Utd,Everton,False,5.0,0.0,3,0,0.0,0.0,0.0,0.0,0.0,0.0,,0.0,0.0,0.0,1.0101613653823724,2,0.3417639422013538,0,0,0,0,0,0.0,0.0,0.0,0,0.0,,
437,3,Bendito Mantato,Man Utd,Everton,False,4.5,0.2,3,0,0.0,0.0,0.0,0.0,0.0,0.0,,0.0,0.0,0.0,1.0101613653823724,2,0.3417639422013538,0,0,0,0,0,0.0,0.0,0.0,0,0.0,,
438,3,Fletcher,Man Utd,Everton,False,4.4,0.3,3,0,0.0,0.0,0.0,0.0,0.0,0.0,,0.0,0.0,0.0,1.0101613653823724,2,0.3417639422013538,0,0,0,0,0,0.0,0.0,0.0,0,0.0,,
439,4,Šeško,Man Utd,Everton,False,7.0,1.8,3,20,2.0,1.0,2.0,0.29,0.29,1.0,1.0,0.0,0.0,0.0,1.0101613653823724,2,0.3417639422013538,0,0,0,0,0,0.29,0.29,2.16,5,2.84,7.0,2.0
440,4,Zirkzee,Man Utd,Everton,False,5.3,0.4,3,0,0.0,0.0,0.0,0.0,0.0,0.0,,0.0,0.0,0.0,1.0101613653823724,2,0.3417639422013538,0,0,0,0,0,0.0,0.0,0.0,0,0.0,,
441,4,Obi,Man Utd,Everton,False,4.5,1.0,3,0,0.0,0.0,0.0,0.0,0.0,0.0,,0.0,0.0,0.0,1.0101613653823724,2,0.3417639422013538,0,0,0,0,0,0.0,0.0,0.0,0,0.0,,
442,1,Pope,Newcastle,Bournemouth,True,4.9,1.0,3,0,0.0,0.0,0.0,0.0,0.0,0.0,,0.0,0.0,0.0,1.3699682438746088,1,0.17209913666754592,0,0,0,0,0,0.0,0.0,0.0,0,0.0,,
443,1,Gillespie,Newcastle,Bournemouth,True,4.5,0.0,3,0,0.0,0.0,0.0,0.0,0.0,0.0,,0.0,0.0,0.0,1.3699682438746088,1,0.17209913666754592,0,0,0,0,0,0.0,0.0,0.0,0,0.0,,
444,1,Jaouen,Newcastle,Bournemouth,True,4.4,0.0,3,0,0.0,0.0,0.0,0.0,0.0,0.0,,0.0,0.0,0.0,1.3699682438746088,1,0.17209913666754592,0,0,0,0,0,0.0,0.0,0.0,0,0.0,,
445,2,Thiaw,Newcastle,Bournemouth,True,5.0,2.2,3,90,0.0,0.0,1.0,0.0,0.0,0.0,0.0,1.0,0.05,0.0,1.3699682438746088,1,0.17209913666754592,0,3,3,0,3,0.05,0.05,2.8383965466701837,-1,-3.838,72.0,1.0
446,2,Schär,Newcastle,Bournemouth,True,4.9,0.2,3,0,0.0,0.0,0.0,0.0,0.0,0.0,,0.0,0.0,0.0,1.3699682438746088,1,0.17209913666754592,0,0,0,0,0,0.0,0.0,0.0,0,0.0,,
447,2,Botman,Newcastle,Bournemouth,True,5.0,0.7,3,90,0.0,0.0,0.0,0.0,0.0,0.0,,0.0,0.16,0.0,1.3699682438746088,1,0.17209913666754592,0,8,3,1,9,0.16,0.16,3.1683965466701838,1,-2.168,84.0,2.0
448,2,Burn,Newcastle,Bournemouth,True,4.9,0.8,3,0,0.0,0.0,0.0,0.0,0.0,0.0,,0.0,0.0,0.0,1.3699682438746088,1,0.17209913666754592,0,0,0,0,0,0.0,0.0,0.0,0,0.0,,
449,2,Hall,Newcastle,Bournemouth,True,5.2,14.9,3,89,1.0,0.0,0.0,0.01,0.01,0.0,0.0,1.0,0.01,1.0,1.3699682438746088,1,0.17209913666754592,0,5,13,1,6,0.02,0.02,2.7783965466701837,4,1.222,73.0,1.0
450,2,Livramento,Newcastle,Bournemouth,True,4.9,0.1,3,1,0.0,0.0,0.0,0.0,0.0,0.0,,0.0,0.0,0.0,1.3699682438746088,1,0.17209913666754592,0,0,0,0,0,0.0,0.0,1.0,1,0.0,5.0,0.0
451,2,A.Murphy,Newcastle,Bournemouth,True,4.0,0.1,3,0,0.0,0.0,0.0,0.0,0.0,0.0,,0.0,0.0,0.0,1.3699682438746088,1,0.17209913666754592,0,0,0,0,0,0.0,0.0,0.0,0,0.0,,
452,3,Bruno G.,Arsenal,Chelsea,True,6.7,1.8,3,0,0.0,0.0,0.0,0.0,0.0,0.0,,0.0,0.0,0.0,0.3886524681001895,1,0.6732765758361307,0,0,0,0,0,0.0,0.0,0.0,0,0.0,,
453,3,Barnes,Newcastle,Bournemouth,True,6.1,4.5,3,90,2.0,1.0,2.0,0.11,0.11,1.0,1.0,0.0,0.03,0.0,1.3699682438746088,1,0.17209913666754592,0,2,4,0,6,0.14,0.14,2.8120991366675456,12,9.188,39.0,3.0
454,3,Elanga,Newcastle,Bournemouth,True,6.1,5.8,3,76,0.0,0.0,0.0,0.0,0.0,0.0,,3.0,0.23,0.0,1.3699682438746088,1,0.17209913666754592,0,1,1,2,4,0.23,0.23,1.862099136667546,1,-0.862,25.0,2.0
455,3,Tonali,Spurs,Nott'm Forest,False,5.3,2.0,3,90,0.0,0.0,0.0,0.0,0.0,0.0,,0.0,0.01,0.0,0.9222217742353673,0,0.36872597145494135,1,4,4,4,12,0.01,0.01,4.398725971454941,5,0.601,61.0,0.0
456,3,J.Ramsey,Newcastle,Bournemouth,True,4.9,0.3,3,27,1.0,1.0,1.0,0.11,0.11,1.0,1.0,0.0,0.02,0.0,1.3699682438746088,1,0.17209913666754592,0,0,4,0,4,0.13,0.13,1.61,6,4.39,19.0,1.0
457,3,J.Murphy,Newcastle,Bournemouth,True,5.9,0.1,3,13,0.0,0.0,0.0,0.0,0.0,0.0,,0.0,0.0,0.0,1.3699682438746088,1,0.17209913666754592,0,0,1,0,1,0.0,0.0,1.0,1,0.0,6.0,0.0
458,3,Joelinton,Newcastle,Bournemouth,True,5.4,0.0,3,0,0.0,0.0,0.0,0.0,0.0,0.0,,0.0,0.0,0.0,1.3699682438746088,1,0.17209913666754592,0,0,0,0,0,0.0,0.0,0.0,0,0.0,,
459,3,L.Miley,Newcastle,Bournemouth,True,5.5,0.1,3,62,0.0,0.0,0.0,0.0,0.0,0.0,,0.0,0.02,0.0,1.3699682438746088,1,0.17209913666754592,0,1,3,0,4,0.02,0.02,2.232099136667546,2,-0.232,38.0,1.0
460,3,Willock,Newcastle,Bournemouth,True,5.0,0.5,3,62,2.0,0.0,1.0,0.36,0.36,0.0,0.0,0.0,0.01,0.0,1.3699682438746088,1,0.17209913666754592,0,1,1,1,3,0.37,0.37,5.002099136667546,2,-3.002,36.0,2.0
461,3,Touré,Newcastle,Bournemouth,True,5.8,0.1,3,0,0.0,0.0,0.0,0.0,0.0,0.0,,0.0,0.0,0.0,1.3699682438746088,1,0.17209913666754592,0,0,0,0,0,0.0,0.0,0.0,0,0.0,,
462,3,Steur,Newcastle,Bournemouth,True,4.9,0.1,3,13,0.0,0.0,0.0,0.0,0.0,0.0,,0.0,0.0,0.0,1.3699682438746088,1,0.17209913666754592,0,1,1,0,2,0.0,0.0,1.0,1,0.0,12.0,0.0
463,4,Woltemade,Newcastle,Bournemouth,True,5.9,0.5,3,0,0.0,0.0,0.0,0.0,0.0,0.0,,0.0,0.0,0.0,1.3699682438746088,1,0.17209913666754592,0,0,0,0,0,0.0,0.0,0.0,0,0.0,,
464,4,Wissa,Newcastle,Bournemouth,True,6.2,19.3,3,90,0.0,0.0,0.0,0.0,0.0,0.0,,0.0,0.03,0.0,1.3699682438746088,1,0.17209913666754592,0,0,3,0,3,0.03,0.03,1.0899999999999999,1,-0.09,34.0,0.0
465,4,Osula,Newcastle,Bournemouth,True,5.8,0.3,3,0,0.0,0.0,0.0,0.0,0.0,0.0,,0.0,0.0,0.0,1.3699682438746088,1,0.17209913666754592,0,0,0,0,0,0.0,0.0,0.0,0,0.0,,
466,4,Neave,Newcastle,Bournemouth,True,4.5,0.5,3,0,0.0,0.0,0.0,0.0,0.0,0.0,,0.0,0.0,0.0,1.3699682438746088,1,0.17209913666754592,0,0,0,0,0,0.0,0.0,0.0,0,0.0,,
467,1,Sels,Nott'm Forest,Spurs,True,5.0,1.6,3,90,0.0,0.0,0.0,0.0,0.0,0.0,,0.0,0.0,0.0,1.0640311120077965,0,0.27031510178051127,1,1,11,0,0,0.0,0.0,3.081260407122045,6,2.919,32.0,0.0
468,1,John,Nott'm Forest,Spurs,True,4.5,0.1,3,0,0.0,0.0,0.0,0.0,0.0,0.0,,0.0,0.0,0.0,1.0640311120077965,0,0.27031510178051127,1,0,0,0,0,0.0,0.0,0.0,0,0.0,,
469,2,N.Williams,Nott'm Forest,Spurs,True,5.0,9.1,3,90,0.0,0.0,0.0,0.0,0.0,0.0,,1.0,0.07,0.0,1.0640311120077965,0,0.27031510178051127,1,3,8,3,6,0.07,0.07,3.291260407122045,7,3.709,56.0,2.0
470,2,Morato,Nott'm Forest,Spurs,True,5.0,0.0,3,0,0.0,0.0,0.0,0.0,0.0,0.0,,0.0,0.0,0.0,1.0640311120077965,0,0.27031510178051127,1,0,0,0,0,0.0,0.0,0.0,0,0.0,,
471,2,Milenković,Nott'm Forest,Spurs,True,5.4,1.1,3,90,0.0,0.0,0.0,0.0,0.0,0.0,,0.0,0.01,0.0,1.0640311120077965,0,0.27031510178051127,1,9,3,2,11,0.01,0.01,4.111260407122044,7,2.889,55.0,1.0
472,2,Murillo,Nott'm Forest,Spurs,True,5.5,2.1,3,89,2.0,0.0,2.0,0.17,0.17,0.0,0.0,0.0,0.0,0.0,1.0640311120077965,0,0.27031510178051127,1,6,4,4,10,0.17,0.17,8.101260407122044,8,-0.101,66.0,3.0
473,2,Aina,Nott'm Forest,Spurs,True,4.5,2.6,3,58,0.0,0.0,0.0,0.0,0.0,0.0,,0.0,0.0,0.0,1.0640311120077965,0,0.27031510178051127,1,2,4,5,7,0.0,0.0,1.0,1,0.0,37.0,0.0
474,2,Jair Cunha,Nott'm Forest,Spurs,True,4.5,0.2,3,90,1.0,0.0,0.0,0.03,0.03,0.0,0.0,0.0,0.01,0.0,1.0640311120077965,0,0.27031510178051127,1,10,2,2,12,0.04,0.04,6.291260407122045,8,1.709,49.0,0.0
475,2,Savona,Nott'm Forest,Spurs,True,4.5,0.0,3,0,0.0,0.0,0.0,0.0,0.0,0.0,,0.0,0.0,0.0,1.0640311120077965,0,0.27031510178051127,1,0,0,0,0,0.0,0.0,0.0,0,0.0,,
476,2,O.Richards,Nott'm Forest,Spurs,True,4.0,0.2,3,0,0.0,0.0,0.0,0.0,0.0,0.0,,0.0,0.0,0.0,1.0640311120077965,0,0.27031510178051127,1,0,0,0,0,0.0,0.0,0.0,0,0.0,,
477,2,Abbott,Nott'm Forest,Spurs,True,4.0,0.1,3,0,0.0,0.0,0.0,0.0,0.0,0.0,,0.0,0.0,0.0,1.0640311120077965,0,0.27031510178051127,1,0,0,0,0,0.0,0.0,0.0,0,0.0,,
478,2,Netz,Nott'm Forest,Spurs,True,4.4,0.0,3,0,0.0,0.0,0.0,0.0,0.0,0.0,,0.0,0.0,0.0,1.0640311120077965,0,0.27031510178051127,1,0,0,0,0,0.0,0.0,0.0,0,0.0,,
479,2,Bindon,Nott'm Forest,Spurs,True,4.0,0.1,3,0,0.0,0.0,0.0,0.0,0.0,0.0,,0.0,0.0,0.0,1.0640311120077965,0,0.27031510178051127,1,0,0,0,0,0.0,0.0,0.0,0,0.0,,
480,3,Gibbs-White,Nott'm Forest,Spurs,True,8.0,16.0,3,90,3.0,1.0,3.0,0.48,0.48,0.0,0.0,0.0,0.01,0.0,1.0640311120077965,0,0.27031510178051127,1,0,5,2,7,0.49,0.49,4.700315101780512,3,-1.7,40.0,3.0
481,3,Anderson,Man City,Coventry,True,6.3,4.2,3,90,1.0,0.0,0.0,0.02,0.02,0.0,0.0,1.0,0.17,0.0,1.367418968584388,0,0.21101161562865636,1,4,6,1,11,0.19,0.19,2.821011615628657,3,0.179,178.0,2.0
482,3,Hudson-Odoi,Nott'm Forest,Spurs,True,5.8,0.2,3,0,0.0,0.0,0.0,0.0,0.0,0.0,,0.0,0.0,0.0,1.0640311120077965,0,0.27031510178051127,1,0,0,0,0,0.0,0.0,0.0,0,0.0,,
483,3,Ndoye,Nott'm Forest,Spurs,True,5.5,0.8,3,58,0.0,0.0,0.0,0.0,0.0,0.0,,0.0,0.0,0.0,1.0640311120077965,0,0.27031510178051127,1,0,4,1,5,0.0,0.0,1.0,1,0.0,18.0,0.0
484,3,Hutchinson,Nott'm Forest,Spurs,True,5.4,0.1,3,0,0.0,0.0,0.0,0.0,0.0,0.0,,0.0,0.0,0.0,1.0640311120077965,0,0.27031510178051127,1,0,0,0,0,0.0,0.0,0.0,0,0.0,,
485,3,Bakwa,Nott'm Forest,Spurs,True,5.5,0.0,3,0,0.0,0.0,0.0,0.0,0.0,0.0,,0.0,0.0,0.0,1.0640311120077965,0,0.27031510178051127,1,0,0,0,0,0.0,0.0,0.0,0,0.0,,
486,3,McAtee,Nott'm Forest,Spurs,True,5.5,0.1,3,90,3.0,1.0,0.0,0.13,0.13,0.0,0.0,5.0,0.22,0.0,1.0640311120077965,0,0.27031510178051127,1,0,4,3,7,0.35,0.35,2.5803151017805113,2,-0.58,50.0,0.0
487,3,Dominguez,Nott'm Forest,Spurs,True,4.9,0.1,3,0,0.0,0.0,0.0,0.0,0.0,0.0,,0.0,0.0,0.0,1.0640311120077965,0,0.27031510178051127,1,0,0,0,0,0.0,0.0,0.0,0,0.0,,
488,3,I.Sangaré,Nott'm Forest,Spurs,True,4.9,0.4,3,0,0.0,0.0,0.0,0.0,0.0,0.0,,0.0,0.0,0.0,1.0640311120077965,0,0.27031510178051127,1,0,0,0,0,0.0,0.0,0.0,0,0.0,,
489,3,Yates,Nott'm Forest,Spurs,True,4.5,1.2,3,0,0.0,0.0,0.0,0.0,0.0,0.0,,0.0,0.0,0.0,1.0640311120077965,0,0.27031510178051127,1,0,0,0,0,0.0,0.0,0.0,0,0.0,,
490,4,Wood,Nott'm Forest,Spurs,True,5.8,0.9,3,16,0.0,0.0,0.0,0.0,0.0,0.0,,0.0,0.0,0.0,1.0640311120077965,0,0.27031510178051127,1,0,0,0,0,0.0,0.0,1.0,1,0.0,3.0,0.0
491,4,Igor Jesus,Nott'm Forest,Spurs,True,5.8,2.8,3,31,0.0,0.0,0.0,0.0,0.0,0.0,,0.0,0.0,0.0,1.0640311120077965,0,0.27031510178051127,1,0,0,1,1,0.0,0.0,1.0,1,0.0,11.0,0.0
492,4,Awoniyi,Coventry,Man City,False,5.4,0.4,3,70,1.0,0.0,0.0,0.31,0.31,0.0,0.0,1.0,0.0,0.0,2.1241424167528744,1,0.06586733100255733,0,2,3,0,5,0.31,0.31,3.24,2,-1.24,22.0,1.0
493,4,Kalimuendo,Nott'm Forest,Spurs,True,5.4,0.1,3,0,0.0,0.0,0.0,0.0,0.0,0.0,,0.0,0.0,0.0,1.0640311120077965,0,0.27031510178051127,1,0,0,0,0,0.0,0.0,0.0,0,0.0,,
494,1,Vicario,Spurs,Nott'm Forest,False,4.5,0.1,3,0,0.0,0.0,0.0,0.0,0.0,0.0,,0.0,0.0,0.0,0.9222217742353673,0,0.36872597145494135,1,0,0,0,0,0.0,0.0,0.0,0,0.0,,
495,1,Austin,Spurs,Nott'm Forest,False,4.0,1.0,3,0,0.0,0.0,0.0,0.0,0.0,0.0,,0.0,0.0,0.0,0.9222217742353673,0,0.36872597145494135,1,0,0,0,0,0.0,0.0,0.0,0,0.0,,
496,1,Kinsky,Spurs,Nott'm Forest,False,4.5,18.2,3,90,0.0,0.0,0.0,0.0,0.0,0.0,,1.0,0.0,0.0,0.9222217742353673,0,0.36872597145494135,1,2,8,0,0,0.0,0.0,3.4749038858197654,6,2.525,44.0,0.0
497,1,Dubravka,Spurs,Nott'm Forest,False,4.0,17.5,3,0,0.0,0.0,0.0,0.0,0.0,0.0,,0.0,0.0,0.0,0.9222217742353673,0,0.36872597145494135,1,0,0,0,0,0.0,0.0,0.0,0,0.0,,
498,2,Senesi,Spurs,Nott'm Forest,False,5.8,3.7,3,0,0.0,0.0,0.0,0.0,0.0,0.0,,0.0,0.0,0.0,0.9222217742353673,0,0.36872597145494135,1,0,0,0,0,0.0,0.0,0.0,0,0.0,,
499,2,Pedro Porro,Spurs,Nott'm Forest,False,5.4,8.4,3,90,2.0,0.0,0.0,0.03,0.03,0.0,0.0,2.0,0.06,0.0,0.9222217742353673,0,0.36872597145494135,1,3,3,1,4,0.09,0.09,3.8349038858197657,7,3.165,89.0,1.0
500,2,Romero,Spurs,Nott'm Forest,False,5.0,0.1,3,0,0.0,0.0,0.0,0.0,0.0,0.0,,0.0,0.0,0.0,0.9222217742353673,0,0.36872597145494135,1,0,0,0,0,0.0,0.0,0.0,0,0.0,,
501,2,Danso,Sunderland,Brentford,False,5.0,0.2,3,90,0.0,0.0,0.0,0.0,0.0,0.0,,1.0,0.08,0.0,1.2073117801919575,1,0.2664102179842485,0,7,3,1,8,0.08,0.08,3.305640871936994,2,-1.306,60.0,0.0
502,2,Robertson,Spurs,Nott'm Forest,False,4.4,2.6,3,29,0.0,0.0,0.0,0.0,0.0,0.0,,0.0,0.0,0.0,0.9222217742353673,0,0.36872597145494135,1,1,1,0,1,0.0,0.0,1.0,1,0.0,32.0,0.0
503,2,Van de Ven,Spurs,Nott'm Forest,False,5.0,4.0,3,90,2.0,0.0,2.0,0.57,0.57,0.0,0.0,0.0,0.0,0.0,0.9222217742353673,0,0.36872597145494135,1,6,4,3,9,0.57,0.57,9.894903885819765,9,-0.895,80.0,3.0
504,2,Vuskovic,Brighton,Leeds,True,5.0,3.2,3,90,2.0,1.0,2.0,0.19,0.19,1.0,1.0,0.0,0.01,0.0,2.61606671102345,1,0.012093029528652778,0,8,4,2,10,0.2,0.2,4.218372118114611,12,7.782,84.0,3.0
505,2,Spence,Spurs,Nott'm Forest,False,4.5,0.2,3,0,0.0,0.0,0.0,0.0,0.0,0.0,,0.0,0.0,0.0,0.9222217742353673,0,0.36872597145494135,1,0,0,0,0,0.0,0.0,0.0,0,0.0,,
506,2,Udogie,Spurs,Nott'm Forest,False,4.4,0.3,3,60,0.0,0.0,0.0,0.0,0.0,0.0,,0.0,0.02,0.0,0.9222217742353673,0,0.36872597145494135,1,3,1,0,3,0.02,0.02,2.5349038858197654,5,2.465,49.0,1.0
507,2,Phillips,Spurs,Nott'm Forest,False,4.5,0.0,3,0,0.0,0.0,0.0,0.0,0.0,0.0,,0.0,0.0,0.0,0.9222217742353673,0,0.36872597145494135,1,0,0,0,0,0.0,0.0,0.0,0,0.0,,
508,2,Davies,Spurs,Nott'm Forest,False,3.9,0.8,3,0,0.0,0.0,0.0,0.0,0.0,0.0,,0.0,0.0,0.0,0.9222217742353673,0,0.36872597145494135,1,0,0,0,0,0.0,0.0,0.0,0,0.0,,
509,2,Byfield,Spurs,Nott'm Forest,False,4.0,0.1,3,0,0.0,0.0,0.0,0.0,0.0,0.0,,0.0,0.0,0.0,0.9222217742353673,0,0.36872597145494135,1,0,0,0,0,0.0,0.0,0.0,0,0.0,,
510,2,Rowswell,Spurs,Nott'm Forest,False,4.0,0.1,3,0,0.0,0.0,0.0,0.0,0.0,0.0,,0.0,0.0,0.0,0.9222217742353673,0,0.36872597145494135,1,0,0,0,0,0.0,0.0,0.0,0,0.0,,
511,2,Souza,Spurs,Nott'm Forest,False,4.0,0.2,3,0,0.0,0.0,0.0,0.0,0.0,0.0,,0.0,0.0,0.0,0.9222217742353673,0,0.36872597145494135,1,0,0,0,0,0.0,0.0,0.0,0,0.0,,
512,3,Kudus,Spurs,Nott'm Forest,False,6.5,0.1,3,29,0.0,0.0,0.0,0.0,0.0,0.0,,1.0,0.16,0.0,0.9222217742353673,0,0.36872597145494135,1,0,3,0,3,0.16,0.16,1.48,1,-0.48,20.0,1.0
513,3,Xavi,Spurs,Nott'm Forest,False,5.9,0.0,3,0,0.0,0.0,0.0,0.0,0.0,0.0,,0.0,0.0,0.0,0.9222217742353673,0,0.36872597145494135,1,0,0,0,0,0.0,0.0,0.0,0,0.0,,
514,3,Tel,Spurs,Nott'm Forest,False,5.7,0.2,3,73,0.0,0.0,0.0,0.0,0.0,0.0,,1.0,0.05,0.0,0.9222217742353673,0,0.36872597145494135,1,0,2,0,2,0.05,0.05,2.5187259714549413,3,0.481,41.0,10.0
515,3,Maddison,Spurs,Nott'm Forest,False,6.3,0.4,3,0,0.0,0.0,0.0,0.0,0.0,0.0,,0.0,0.0,0.0,0.9222217742353673,0,0.36872597145494135,1,0,0,0,0,0.0,0.0,0.0,0,0.0,,
516,3,Bentancur,Spurs,Nott'm Forest,False,5.5,0.2,3,90,1.0,0.0,1.0,0.02,0.02,0.0,0.0,0.0,0.01,0.0,0.9222217742353673,0,0.36872597145494135,1,11,5,1,17,0.03,0.03,4.498725971454942,5,0.501,51.0,1.0
517,3,Odobert,Spurs,Nott'm Forest,False,5.5,0.0,3,0,0.0,0.0,0.0,0.0,0.0,0.0,,0.0,0.0,0.0,0.9222217742353673,0,0.36872597145494135,1,0,0,0,0,0.0,0.0,0.0,0,0.0,,
518,3,P.M.Sarr,Spurs,Nott'm Forest,False,4.9,0.1,3,0,0.0,0.0,0.0,0.0,0.0,0.0,,0.0,0.0,0.0,0.9222217742353673,0,0.36872597145494135,1,0,0,0,0,0.0,0.0,0.0,0,0.0,,
519,3,Gallagher,Spurs,Nott'm Forest,False,5.3,0.2,3,83,0.0,0.0,0.0,0.0,0.0,0.0,,0.0,0.06,0.0,0.9222217742353673,0,0.36872597145494135,1,1,6,4,11,0.06,0.06,2.5487259714549415,3,0.451,47.0,1.0
520,3,Bergvall,Spurs,Nott'm Forest,False,5.4,0.1,3,0,0.0,0.0,0.0,0.0,0.0,0.0,,0.0,0.0,0.0,0.9222217742353673,0,0.36872597145494135,1,0,0,0,0,0.0,0.0,0.0,0,0.0,,
521,3,Kulusevski,Spurs,Nott'm Forest,False,6.5,0.0,3,0,0.0,0.0,0.0,0.0,0.0,0.0,,0.0,0.0,0.0,0.9222217742353673,0,0.36872597145494135,1,0,0,0,0,0.0,0.0,0.0,0,0.0,,
522,3,Gray,Spurs,Nott'm Forest,False,4.9,0.2,3,0,0.0,0.0,0.0,0.0,0.0,0.0,,0.0,0.0,0.0,0.9222217742353673,0,0.36872597145494135,1,0,0,0,0,0.0,0.0,0.0,0,0.0,,
523,3,Moore,Spurs,Nott'm Forest,False,5.0,0.1,3,0,0.0,0.0,0.0,0.0,0.0,0.0,,0.0,0.0,0.0,0.9222217742353673,0,0.36872597145494135,1,0,0,0,0,0.0,0.0,0.0,0,0.0,,
524,3,Olusesi,Spurs,Nott'm Forest,False,4.4,1.0,3,0,0.0,0.0,0.0,0.0,0.0,0.0,,0.0,0.0,0.0,0.9222217742353673,0,0.36872597145494135,1,0,0,0,0,0.0,0.0,0.0,0,0.0,,
525,3,Fernandes,Spurs,Nott'm Forest,False,5.8,0.8,3,7,0.0,0.0,0.0,0.0,0.0,0.0,,0.0,0.0,0.0,0.9222217742353673,0,0.36872597145494135,1,0,0,0,0,0.0,0.0,0.0,0,0.0,3.0,0.0
526,4,Solanke,Spurs,Nott'm Forest,False,5.8,0.8,3,6,1.0,0.0,1.0,0.17,0.17,0.0,0.0,0.0,0.0,0.0,0.9222217742353673,0,0.36872597145494135,1,1,0,0,1,0.17,0.17,1.6800000000000002,1,-0.68,5.0,1.0
527,4,Richarlison,Spurs,Nott'm Forest,False,5.9,0.7,3,0,0.0,0.0,0.0,0.0,0.0,0.0,,0.0,0.0,0.0,0.9222217742353673,0,0.36872597145494135,1,0,0,0,0,0.0,0.0,0.0,0,0.0,,
528,4,Scarlett,Spurs,Nott'm Forest,False,4.5,1.2,3,0,0.0,0.0,0.0,0.0,0.0,0.0,,0.0,0.0,0.0,0.9222217742353673,0,0.36872597145494135,1,0,0,0,0,0.0,0.0,0.0,0,0.0,,
529,1,Roefs,Sunderland,Brentford,False,4.9,2.6,3,90,0.0,0.0,0.0,0.0,0.0,0.0,,0.0,0.0,0.0,1.2073117801919575,1,0.2664102179842485,0,1,13,0,0,0.0,0.0,3.065640871936994,2,-1.066,48.0,0.0
530,1,Patterson,Sunderland,Brentford,False,4.0,0.1,3,0,0.0,0.0,0.0,0.0,0.0,0.0,,0.0,0.0,0.0,1.2073117801919575,1,0.2664102179842485,0,0,0,0,0,0.0,0.0,0.0,0,0.0,,
531,1,Ellborg,Sunderland,Brentford,False,4.5,0.1,3,0,0.0,0.0,0.0,0.0,0.0,0.0,,0.0,0.0,0.0,1.2073117801919575,1,0.2664102179842485,0,0,0,0,0,0.0,0.0,0.0,0,0.0,,
532,2,Ballard,Sunderland,Brentford,False,4.9,2.6,3,90,1.0,0.0,1.0,0.06,0.06,0.0,0.0,1.0,0.14,0.0,1.2073117801919575,1,0.2664102179842485,0,8,5,2,10,0.2,0.2,7.845640871936993,4,-3.846,49.0,3.0
533,2,Mukiele,Sunderland,Brentford,False,5.4,1.9,3,90,0.0,0.0,0.0,0.0,0.0,0.0,,0.0,0.02,0.0,1.2073117801919575,1,0.2664102179842485,0,10,6,4,14,0.02,0.02,6.125640871936994,4,-2.126,54.0,0.0
534,2,Hume,Sunderland,Brentford,False,4.3,3.0,3,26,0.0,0.0,0.0,0.0,0.0,0.0,,0.0,0.0,0.0,1.2073117801919575,1,0.2664102179842485,0,0,2,2,2,0.0,0.0,1.0,1,0.0,13.0,0.0
535,2,Alderete,Sunderland,Brentford,False,4.9,0.2,3,0,0.0,0.0,0.0,0.0,0.0,0.0,,0.0,0.0,0.0,1.2073117801919575,1,0.2664102179842485,0,0,0,0,0,0.0,0.0,0.0,0,0.0,,
536,2,Reinildo,Sunderland,Brentford,False,4.5,0.3,3,90,0.0,0.0,0.0,0.0,0.0,0.0,,0.0,0.01,0.0,1.2073117801919575,1,0.2664102179842485,0,4,7,3,7,0.01,0.01,3.0956408719369937,2,-1.096,59.0,0.0
537,2,Seelt,Sunderland,Brentford,False,4.5,0.0,3,0,0.0,0.0,0.0,0.0,0.0,0.0,,0.0,0.0,0.0,1.2073117801919575,1,0.2664102179842485,0,0,0,0,0,0.0,0.0,0.0,0,0.0,,
538,2,Hjelde,Sunderland,Brentford,False,4.0,0.0,3,0,0.0,0.0,0.0,0.0,0.0,0.0,,0.0,0.0,0.0,1.2073117801919575,1,0.2664102179842485,0,0,0,0,0,0.0,0.0,0.0,0,0.0,,
539,2,O'Nien,Sunderland,Brentford,False,3.9,2.4,3,0,0.0,0.0,0.0,0.0,0.0,0.0,,0.0,0.0,0.0,1.2073117801919575,1,0.2664102179842485,0,0,0,0,0,0.0,0.0,0.0,0,0.0,,
540,2,Masuaku,Sunderland,Brentford,False,4.0,0.1,3,0,0.0,0.0,0.0,0.0,0.0,0.0,,0.0,0.0,0.0,1.2073117801919575,1,0.2664102179842485,0,0,0,0,0,0.0,0.0,0.0,0,0.0,,
541,2,Meunier,Sunderland,Brentford,False,4.5,0.3,3,63,1.0,1.0,1.0,0.11,0.11,0.0,0.0,0.0,0.0,0.0,1.2073117801919575,1,0.2664102179842485,0,2,0,0,2,0.11,0.11,3.725640871936994,2,-1.726,20.0,2.0
542,3,E.Le Fée,Sunderland,Brentford,False,5.7,3.5,3,90,3.0,1.0,2.0,0.84,0.05159999999999998,1.0,0.0,0.0,0.03,0.0,1.2073117801919575,1,0.2664102179842485,0,0,2,4,6,0.87,0.08159999999999998,9.556410217984249,8,-1.556,55.0,3.0
543,3,Diarra,Sunderland,Brentford,False,5.4,0.0,3,0,0.0,0.0,0.0,0.0,0.0,0.0,,0.0,0.0,0.0,1.2073117801919575,1,0.2664102179842485,0,0,0,0,0,0.0,0.0,0.0,0,0.0,,
544,3,Xhaka,Sunderland,Brentford,False,5.5,3.8,3,90,1.0,0.0,0.0,0.06,0.06,0.0,0.0,1.0,0.12,0.0,1.2073117801919575,1,0.2664102179842485,0,4,9,2,15,0.18,0.18,3.926410217984248,3,-0.926,76.0,1.0
545,3,Sadiki,Sunderland,Brentford,False,4.9,0.2,3,73,3.0,2.0,3.0,0.28,0.28,0.0,0.0,1.0,0.18,0.0,1.2073117801919575,1,0.2664102179842485,0,0,3,0,3,0.46,0.46,3.2064102179842484,1,-2.206,46.0,6.0
546,3,Adingra,Sunderland,Brentford,False,4.9,0.0,3,0,0.0,0.0,0.0,0.0,0.0,0.0,,0.0,0.0,0.0,1.2073117801919575,1,0.2664102179842485,0,0,0,0,0,0.0,0.0,0.0,0,0.0,,
547,3,Mundle,Sunderland,Brentford,False,4.9,0.0,3,0,0.0,0.0,0.0,0.0,0.0,0.0,,0.0,0.0,0.0,1.2073117801919575,1,0.2664102179842485,0,0,0,0,0,0.0,0.0,0.0,0,0.0,,
548,3,Rigg,Sunderland,Brentford,False,4.9,0.0,3,0,0.0,0.0,0.0,0.0,0.0,0.0,,0.0,0.0,0.0,1.2073117801919575,1,0.2664102179842485,0,0,0,0,0,0.0,0.0,0.0,0,0.0,,
549,3,Talbi,Sunderland,Brentford,False,5.3,0.1,3,0,0.0,0.0,0.0,0.0,0.0,0.0,,0.0,0.0,0.0,1.2073117801919575,1,0.2664102179842485,0,0,0,0,0,0.0,0.0,0.0,0,0.0,,
550,3,Jocelin.T,Sunderland,Brentford,False,5.0,0.0,3,0,0.0,0.0,0.0,0.0,0.0,0.0,,0.0,0.0,0.0,1.2073117801919575,1,0.2664102179842485,0,0,0,0,0,0.0,0.0,0.0,0,0.0,,
551,3,N.Angulo,Sunderland,Brentford,False,5.0,0.1,3,63,0.0,0.0,0.0,0.0,0.0,0.0,,0.0,0.07,0.0,1.2073117801919575,1,0.2664102179842485,0,1,3,1,5,0.07,0.07,2.4764102179842484,2,-0.476,43.0,8.0
552,4,Brobbey,Sunderland,Brentford,False,5.7,5.4,3,90,3.0,0.0,3.0,0.26,0.26,0.0,0.0,3.0,0.06,0.0,1.2073117801919575,1,0.2664102179842485,0,0,3,0,3,0.32,0.32,3.22,2,-1.22,31.0,9.0
553,4,Isidor,Sunderland,Brentford,False,5.5,1.3,3,26,2.0,1.0,0.0,0.1,0.1,0.0,0.0,0.0,0.01,0.0,1.2073117801919575,1,0.2664102179842485,0,0,2,0,2,0.11,0.11,1.43,4,2.57,17.0,1.0
554,1,Van Oevelen,Ipswich,Liverpool,True,4.5,0.0,3,0,0.0,0.0,0.0,0.0,0.0,0.0,,0.0,0.0,0.0,0.6861243890598411,2,0.48619165588927976,0,0,0,0,0,0.0,0.0,0.0,0,0.0,,
555,1,Matthews,Crystal Palace,Fulham,False,4.0,1.7,3,0,0.0,0.0,0.0,0.0,0.0,0.0,,0.0,0.0,0.0,3.160013467073439,2,0.027849013088809157,0,0,0,0,0,0.0,0.0,0.0,0,0.0,,
556,2,Targett,Hull,Aston Villa,True,4.0,1.7,3,0,0.0,0.0,0.0,0.0,0.0,0.0,,0.0,0.0,0.0,1.9291178463026877,0,0.06934644158693859,1,0,0,0,0,0.0,0.0,0.0,0,0.0,,
557,3,Tzolis,Arsenal,Chelsea,True,6.4,13.3,3,90,0.0,0.0,0.0,0.0,0.0,0.0,,4.0,0.2,1.0,0.3886524681001895,1,0.6732765758361307,0,2,5,1,8,0.2,0.2,2.273276575836131,5,2.727,56.0,2.0
558,3,Schlager,Nott'm Forest,Spurs,True,5.0,0.1,3,90,1.0,0.0,0.0,0.03,0.03,0.0,0.0,0.0,0.06,0.0,1.0640311120077965,0,0.27031510178051127,1,3,3,4,10,0.09,0.09,2.6003151017805113,3,0.4,47.0,0.0
559,3,Bamba,Newcastle,Bournemouth,True,4.9,0.1,3,0,0.0,0.0,0.0,0.0,0.0,0.0,,0.0,0.0,0.0,1.3699682438746088,1,0.17209913666754592,0,0,0,0,0,0.0,0.0,0.0,0,0.0,,
560,1,Penders,Chelsea,Arsenal,False,4.4,0.1,3,0,0.0,0.0,0.0,0.0,0.0,0.0,,0.0,0.0,0.0,2.051748197525739,2,0.08191934284358839,0,0,0,0,0,0.0,0.0,0.0,0,0.0,,
561,2,Anselmino,Chelsea,Arsenal,False,4.5,0.0,3,0,0.0,0.0,0.0,0.0,0.0,0.0,,0.0,0.0,0.0,2.051748197525739,2,0.08191934284358839,0,0,0,0,0,0.0,0.0,0.0,0,0.0,,
562,3,Maeda,Ipswich,Liverpool,True,5.4,0.2,3,65,1.0,1.0,1.0,0.04,0.04,0.0,0.0,0.0,0.0,0.0,0.6861243890598411,2,0.48619165588927976,0,2,1,2,5,0.04,0.04,2.6861916558892798,2,-0.686,16.0,1.0
563,3,Morita,Hull,Aston Villa,True,5.0,0.0,3,0,0.0,0.0,0.0,0.0,0.0,0.0,,0.0,0.0,0.0,1.9291178463026877,0,0.06934644158693859,1,0,0,0,0,0.0,0.0,0.0,0,0.0,,
564,1,Scherpen,Ipswich,Liverpool,True,4.5,0.6,3,90,0.0,0.0,0.0,0.0,0.0,0.0,,0.0,0.0,0.0,0.6861243890598411,2,0.48619165588927976,0,0,7,0,0,0.0,0.0,4.944766623557119,2,-2.945,41.0,0.0
565,3,M.Sangaré,Brentford,Sunderland,True,5.6,11.0,3,45,2.0,0.0,1.0,0.15,0.15,0.0,0.0,0.0,0.01,0.0,1.7102441070988768,1,0.08029393435642035,0,1,3,1,5,0.16,0.16,0.78,0,-0.78,27.0,1.0
566,2,Silva,Bournemouth,Newcastle,False,5.0,0.4,3,90,1.0,1.0,1.0,0.02,0.02,0.0,0.0,0.0,0.01,0.0,0.7074410449713465,3,0.452874229578685,0,7,2,1,8,0.03,0.03,3.9614969183147397,1,-2.961,58.0,1.0
567,1,Horníček,Newcastle,Bournemouth,True,5.0,1.5,3,90,0.0,0.0,0.0,0.0,0.0,0.0,,0.0,0.0,0.0,1.3699682438746088,1,0.17209913666754592,0,0,6,0,0,0.0,0.0,3.688396546670184,2,-1.688,48.0,0.0
568,3,Barco,Chelsea,Arsenal,False,5.4,0.1,3,0,0.0,0.0,0.0,0.0,0.0,0.0,,0.0,0.0,0.0,2.051748197525739,2,0.08191934284358839,0,0,0,0,0,0.0,0.0,0.0,0,0.0,,
569,4,Gonzalo,Fulham,Crystal Palace,True,6.0,3.7,3,90,5.0,0.0,4.0,0.44,0.44,0.0,0.0,1.0,0.2,0.0,1.9722508545964952,3,0.06357326965995067,0,3,3,1,7,0.64,0.64,4.359999999999999,2,-2.36,41.0,12.0
570,3,Palacios,Fulham,Crystal Palace,True,5.4,0.2,3,60,5.0,2.0,5.0,0.8,0.8,1.0,1.0,1.0,0.02,0.0,1.9722508545964952,3,0.06357326965995067,0,0,0,0,0,0.8200000000000001,0.8200000000000001,7.123573269659951,8,0.876,41.0,7.0
571,3,Florentino,Ipswich,Liverpool,True,4.9,0.1,3,0,0.0,0.0,0.0,0.0,0.0,0.0,,0.0,0.0,0.0,0.6861243890598411,2,0.48619165588927976,0,0,0,0,0,0.0,0.0,0.0,0,0.0,,
572,1,Tzolakis,Hull,Aston Villa,True,4.6,11.5,3,90,0.0,0.0,0.0,0.0,0.0,0.0,,0.0,0.0,0.0,1.9291178463026877,0,0.06934644158693859,1,0,10,0,0,0.0,0.0,2.2773857663477544,6,3.723,42.0,0.0
573,2,Sanchez,Bournemouth,Newcastle,False,4.4,0.2,3,0,0.0,0.0,0.0,0.0,0.0,0.0,,0.0,0.0,0.0,0.7074410449713465,3,0.452874229578685,0,0,0,0,0,0.0,0.0,0.0,0,0.0,,
574,3,Hjertø-Dahl,Hull,Aston Villa,True,4.9,0.1,3,8,0.0,0.0,0.0,0.0,0.0,0.0,,0.0,0.0,0.0,1.9291178463026877,0,0.06934644158693859,1,0,1,0,1,0.0,0.0,1.0,1,0.0,3.0,0.0
575,3,Yirenkyi,Coventry,Man City,False,4.9,0.1,3,27,0.0,0.0,0.0,0.0,0.0,0.0,,0.0,0.0,0.0,2.1241424167528744,1,0.06586733100255733,0,2,4,0,6,0.0,0.0,1.0,1,0.0,19.0,0.0
576,3,Stroud,Hull,Aston Villa,True,5.0,0.1,3,62,1.0,0.0,1.0,0.04,0.04,0.0,0.0,1.0,0.01,0.0,1.9291178463026877,0,0.06934644158693859,1,0,2,0,2,0.05,0.05,2.2993464415869385,3,0.701,12.0,1.0
577,2,Tomiyasu,Crystal Palace,Fulham,False,4.4,0.3,3,0,0.0,0.0,0.0,0.0,0.0,0.0,,0.0,0.0,0.0,3.160013467073439,2,0.027849013088809157,0,0,0,0,0,0.0,0.0,0.0,0,0.0,,
578,3,Mudryk,Spurs,Nott'm Forest,False,5.4,0.0,3,16,0.0,0.0,0.0,0.0,0.0,0.0,,0.0,0.0,0.0,0.9222217742353673,0,0.36872597145494135,1,0,0,0,0,0.0,0.0,1.0,1,0.0,4.0,1.0
579,2,Araujo,Liverpool,Ipswich,False,5.4,2.9,3,90,0.0,0.0,0.0,0.0,0.0,0.0,,0.0,0.01,0.0,0.7534505827352398,0,0.4507181501729423,1,9,1,1,10,0.01,0.01,6.832872600691768,8,1.167,63.0,1.0
580,3,Charles,Fulham,Crystal Palace,True,5.0,0.1,3,78,0.0,0.0,0.0,0.0,0.0,0.0,,3.0,0.09,0.0,1.9722508545964952,3,0.06357326965995067,0,3,8,0,11,0.09,0.09,2.3335732696599507,2,-0.334,66.0,4.0
581,2,Diomande,Nott'm Forest,Spurs,True,5.4,0.5,3,1,0.0,0.0,0.0,0.0,0.0,0.0,,0.0,0.0,0.0,1.0640311120077965,0,0.27031510178051127,1,0,0,0,0,0.0,0.0,1.0,1,0.0,2.0,0.0
582,4,Madjo,Aston Villa,Hull,False,5.4,0.2,3,0,0.0,0.0,0.0,0.0,0.0,0.0,,0.0,0.0,0.0,0.5691008735448118,0,0.5316915675540014,1,0,0,0,0,0.0,0.0,0.0,0,0.0,,
583,2,Chavarria,Chelsea,Arsenal,False,4.9,0.1,3,30,0.0,0.0,0.0,0.0,0.0,0.0,,0.0,0.0,0.0,2.051748197525739,2,0.08191934284358839,0,1,1,1,2,0.0,0.0,1.0,1,0.0,18.0,2.0
584,3,Hamer,Coventry,Man City,False,5.4,0.1,3,5,0.0,0.0,0.0,0.0,0.0,0.0,,0.0,0.0,0.0,2.1241424167528744,1,0.06586733100255733,0,0,1,1,2,0.0,0.0,1.0,1,0.0,3.0,0.0
585,2,Herrington,Hull,Aston Villa,True,4.0,0.6,3,19,0.0,0.0,0.0,0.0,0.0,0.0,,0.0,0.0,0.0,1.9291178463026877,0,0.06934644158693859,1,1,1,1,2,0.0,0.0,1.0,1,0.0,8.0,0.0
586,2,Mendy,Hull,Aston Villa,True,4.1,6.5,3,70,2.0,1.0,0.0,0.03,0.03,0.0,0.0,0.0,0.0,0.0,1.9291178463026877,0,0.06934644158693859,1,7,2,3,10,0.03,0.03,4.4573857663477545,8,3.543,41.0,0.0
587,1,Rulli,Man City,Coventry,True,5.0,0.0,3,0,0.0,0.0,0.0,0.0,0.0,0.0,,0.0,0.0,0.0,1.367418968584388,0,0.21101161562865636,1,0,0,0,0,0.0,0.0,0.0,0,0.0,,
588,2,Khalaili,Crystal Palace,Fulham,False,5.0,0.3,3,90,2.0,0.0,1.0,0.72,0.72,0.0,0.0,0.0,0.01,0.0,3.160013467073439,2,0.027849013088809157,0,7,3,3,10,0.73,0.73,10.461396052355237,3,-7.461,62.0,2.0
589,3,Gourna-Douath,Hull,Aston Villa,True,5.0,0.0,3,81,0.0,0.0,0.0,0.0,0.0,0.0,,2.0,0.01,0.0,1.9291178463026877,0,0.06934644158693859,1,4,5,1,10,0.01,0.01,1.0993464415869383,2,0.901,34.0,0.0
590,1,Benda,Nott'm Forest,Spurs,True,4.5,0.1,3,0,0.0,0.0,0.0,0.0,0.0,0.0,,0.0,0.0,0.0,1.0640311120077965,0,0.27031510178051127,1,0,0,0,0,0.0,0.0,0.0,0,0.0,,
591,3,Enciso,Ipswich,Liverpool,True,5.5,0.8,3,90,6.0,2.0,1.0,0.24,0.24,0.0,0.0,2.0,0.02,0.0,0.6861243890598411,2,0.48619165588927976,0,2,3,0,5,0.26,0.26,2.74619165588928,1,-1.746,60.0,1.0
592,2,Ouattara,Ipswich,Liverpool,True,4.0,0.9,3,12,0.0,0.0,0.0,0.0,0.0,0.0,,1.0,0.02,0.0,0.6861243890598411,2,0.48619165588927976,0,0,2,0,0,0.02,0.02,1.06,1,-0.06,25.0,0.0
593,2,Dedić,Newcastle,Bournemouth,True,4.5,2.1,3,90,2.0,0.0,1.0,0.11,0.11,0.0,0.0,0.0,0.02,0.0,1.3699682438746088,1,0.17209913666754592,0,1,4,0,1,0.13,0.13,3.408396546670184,1,-2.408,67.0,3.0
594,4,David,Brighton,Leeds,True,5.9,0.2,3,13,1.0,0.0,1.0,0.42,0.42,0.0,0.0,0.0,0.0,0.0,2.61606671102345,1,0.012093029528652778,0,0,0,0,0,0.42,0.42,1.6799999999999997,0,-1.68,5.0,1.0
595,3,Gozo,Crystal Palace,Fulham,False,5.0,0.0,3,0,0.0,0.0,0.0,0.0,0.0,0.0,,0.0,0.0,0.0,3.160013467073439,2,0.027849013088809157,0,0,0,0,0,0.0,0.0,0.0,0,0.0,,
596,2,Ruggeri,Aston Villa,Hull,False,4.5,0.1,3,15,0.0,0.0,0.0,0.0,0.0,0.0,,0.0,0.01,0.0,0.5691008735448118,0,0.5316915675540014,1,1,2,0,1,0.01,0.01,1.03,1,-0.03,23.0,0.0
597,1,Suzuki,Aston Villa,Hull,False,5.0,1.8,3,90,0.0,0.0,0.0,0.0,0.0,0.0,,0.0,0.0,0.0,0.5691008735448118,0,0.5316915675540014,1,1,13,0,0,0.0,0.0,5.126766270216006,10,4.873,55.0,0.0
598,2,Elvedi,Leeds,Brighton,False,4.5,0.1,3,90,0.0,0.0,0.0,0.0,0.0,0.0,,2.0,0.57,0.0,2.194103181362151,1,0.06830672448087981,0,10,0,0,10,0.57,0.57,5.983226897923519,4,-1.983,36.0,3.0
599,4,Cherif,Coventry,Man City,False,5.0,0.1,3,0,0.0,0.0,0.0,0.0,0.0,0.0,,0.0,0.0,0.0,2.1241424167528744,1,0.06586733100255733,0,0,0,0,0,0.0,0.0,0.0,0,0.0,,
600,3,Osman,Brighton,Leeds,True,5.0,0.0,3,0,0.0,0.0,0.0,0.0,0.0,0.0,,0.0,0.0,0.0,2.61606671102345,1,0.012093029528652778,0,0,0,0,0,0.0,0.0,0.0,0,0.0,,
601,3,Williams-Barnett,Spurs,Nott'm Forest,False,4.5,0.1,3,0,0.0,0.0,0.0,0.0,0.0,0.0,,0.0,0.0,0.0,0.9222217742353673,0,0.36872597145494135,1,0,0,0,0,0.0,0.0,0.0,0,0.0,,
602,3,Humphreys,Ipswich,Liverpool,True,4.5,0.0,3,0,0.0,0.0,0.0,0.0,0.0,0.0,,0.0,0.0,0.0,0.6861243890598411,2,0.48619165588927976,0,0,0,0,0,0.0,0.0,0.0,0,0.0,,
603,2,Lienou,Leeds,Brighton,False,4.0,0.1,3,0,0.0,0.0,0.0,0.0,0.0,0.0,,0.0,0.0,0.0,2.194103181362151,1,0.06830672448087981,0,0,0,0,0,0.0,0.0,0.0,0,0.0,,
604,3,Cresswell,Leeds,Brighton,False,4.5,0.1,3,0,0.0,0.0,0.0,0.0,0.0,0.0,,0.0,0.0,0.0,2.194103181362151,1,0.06830672448087981,0,0,0,0,0,0.0,0.0,0.0,0,0.0,,
605,3,Yalcouyé,Brighton,Leeds,True,4.5,4.1,3,90,1.0,0.0,1.0,0.05,0.05,0.0,0.0,2.0,0.09,0.0,2.61606671102345,1,0.012093029528652778,0,2,3,0,5,0.14,0.14,2.532093029528653,2,-0.532,54.0,9.0
606,2,Rowe,Aston Villa,Hull,False,4.0,0.2,3,0,0.0,0.0,0.0,0.0,0.0,0.0,,0.0,0.0,0.0,0.5691008735448118,0,0.5316915675540014,1,0,0,0,0,0.0,0.0,0.0,0,0.0,,
607,3,Lynch,Aston Villa,Hull,False,4.5,0.1,3,0,0.0,0.0,0.0,0.0,0.0,0.0,,0.0,0.0,0.0,0.5691008735448118,0,0.5316915675540014,1,0,0,0,0,0.0,0.0,0.0,0,0.0,,
608,4,Jebbison,Bournemouth,Newcastle,False,5.0,0.1,3,1,0.0,0.0,0.0,0.0,0.0,0.0,,0.0,0.0,0.0,0.7074410449713465,3,0.452874229578685,0,0,0,0,0,0.0,0.0,1.0,1,0.0,2.0,0.0
609,2,Shahar,Newcastle,Bournemouth,True,4.0,0.2,3,0,0.0,0.0,0.0,0.0,0.0,0.0,,0.0,0.0,0.0,1.3699682438746088,1,0.17209913666754592,0,0,0,0,0,0.0,0.0,0.0,0,0.0,,
610,2,De Fougerolles,Fulham,Crystal Palace,True,4.0,0.1,3,0,0.0,0.0,0.0,0.0,0.0,0.0,,0.0,0.0,0.0,1.9722508545964952,3,0.06357326965995067,0,0,0,0,0,0.0,0.0,0.0,0,0.0,,
611,2,Wan-Bissaka,Aston Villa,Hull,False,4.5,0.2,3,5,0.0,0.0,0.0,0.0,0.0,0.0,,0.0,0.0,0.0,0.5691008735448118,0,0.5316915675540014,1,1,0,0,1,0.0,0.0,1.0,1,0.0,12.0,0.0
612,2,Methalie,Sunderland,Brentford,False,4.5,0.0,3,0,0.0,0.0,0.0,0.0,0.0,0.0,,0.0,0.0,0.0,1.2073117801919575,1,0.2664102179842485,0,0,0,0,0,0.0,0.0,0.0,0,0.0,,
613,3,Ahoka,Sunderland,Brentford,False,4.5,0.2,3,0,0.0,0.0,0.0,0.0,0.0,0.0,,0.0,0.0,0.0,1.2073117801919575,1,0.2664102179842485,0,0,0,0,0,0.0,0.0,0.0,0,0.0,,
614,2,Hadjam,Brighton,Leeds,True,4.5,0.0,3,0,0.0,0.0,0.0,0.0,0.0,0.0,,0.0,0.0,0.0,2.61606671102345,1,0.012093029528652778,0,0,0,0,0,0.0,0.0,0.0,0,0.0,,
615,1,Di Gregorio,Bournemouth,Newcastle,False,4.5,0.0,3,0,0.0,0.0,0.0,0.0,0.0,0.0,,0.0,0.0,0.0,0.7074410449713465,3,0.452874229578685,0,0,0,0,0,0.0,0.0,0.0,0,0.0,,
616,3,Bouaddi,Man City,Coventry,True,5.5,0.2,3,14,0.0,0.0,0.0,0.0,0.0,0.0,,0.0,0.0,0.0,1.367418968584388,0,0.21101161562865636,1,2,3,0,5,0.0,0.0,1.0,1,0.0,22.0,0.0
617,3,Cho,Hull,Aston Villa,True,5.0,0.0,3,8,1.0,1.0,1.0,0.05,0.05,0.0,0.0,0.0,0.0,0.0,1.9291178463026877,0,0.06934644158693859,1,0,0,0,0,0.05,0.05,1.25,1,-0.25,2.0,1.0
618,3,Goretzka,Aston Villa,Hull,False,5.9,0.0,3,0,0.0,0.0,0.0,0.0,0.0,0.0,,0.0,0.0,0.0,0.5691008735448118,0,0.5316915675540014,1,0,0,0,0,0.0,0.0,0.0,0,0.0,,
619,3,Palacios,Ipswich,Liverpool,True,5.0,0.1,3,77,0.0,0.0,0.0,0.0,0.0,0.0,,2.0,0.02,0.0,0.6861243890598411,2,0.48619165588927976,0,3,12,4,19,0.02,0.02,4.546191655889279,4,-0.546,60.0,0.0
620,2,Diouf,Brentford,Sunderland,True,4.5,0.1,3,0,0.0,0.0,0.0,0.0,0.0,0.0,,0.0,0.0,0.0,1.7102441070988768,1,0.08029393435642035,0,0,0,0,0,0.0,0.0,0.0,0,0.0,,
621,3,McAidoo,Man City,Coventry,True,4.5,0.1,3,3,0.0,0.0,0.0,0.0,0.0,0.0,,0.0,0.0,0.0,1.367418968584388,0,0.21101161562865636,1,0,2,2,4,0.0,0.0,1.0,1,0.0,9.0,1.0
622,2,Braithwaite,Man City,Coventry,True,4.0,0.2,3,0,0.0,0.0,0.0,0.0,0.0,0.0,,0.0,0.0,0.0,1.367418968584388,0,0.21101161562865636,1,0,0,0,0,0.0,0.0,0.0,0,0.0,,
623,1,Bentley,Coventry,Man City,False,4.0,0.6,3,0,0.0,0.0,0.0,0.0,0.0,0.0,,0.0,0.0,0.0,2.1241424167528744,1,0.06586733100255733,0,0,0,0,0,0.0,0.0,0.0,0,0.0,,
624,3,Cozier-Duberry,Brighton,Leeds,True,5.0,0.0,3,0,0.0,0.0,0.0,0.0,0.0,0.0,,0.0,0.0,0.0,2.61606671102345,1,0.012093029528652778,0,0,0,0,0,0.0,0.0,0.0,0,0.0,,
625,1,Cairns,Leeds,Brighton,False,4.0,0.2,3,0,0.0,0.0,0.0,0.0,0.0,0.0,,0.0,0.0,0.0,2.194103181362151,1,0.06830672448087981,0,0,0,0,0,0.0,0.0,0.0,0,0.0,,
626,3,Zepa,Fulham,Crystal Palace,True,4.5,0.3,3,0,0.0,0.0,0.0,0.0,0.0,0.0,,0.0,0.0,0.0,1.9722508545964952,3,0.06357326965995067,0,0,0,0,0,0.0,0.0,0.0,0,0.0,,
627,3,Barcola,Liverpool,Ipswich,False,8.0,1.9,3,26,0.0,0.0,0.0,0.0,0.0,0.0,,1.0,0.07,0.0,0.7534505827352398,0,0.4507181501729423,1,0,0,0,0,0.07,0.07,1.21,1,-0.21,13.0,1.0
628,3,Allan,Man City,Coventry,True,6.0,0.0,3,0,0.0,0.0,0.0,0.0,0.0,0.0,,0.0,0.0,0.0,1.367418968584388,0,0.21101161562865636,1,0,0,0,0,0.0,0.0,0.0,0,0.0,,
629,1,Zetterer,Leeds,Brighton,False,4.0,0.7,3,0,0.0,0.0,0.0,0.0,0.0,0.0,,0.0,0.0,0.0,2.194103181362151,1,0.06830672448087981,0,0,0,0,0,0.0,0.0,0.0,0,0.0,,
630,2,Harwood-Bellis,Aston Villa,Hull,False,4.5,0.0,3,0,0.0,0.0,0.0,0.0,0.0,0.0,,0.0,0.0,0.0,0.5691008735448118,0,0.5316915675540014,1,0,0,0,0,0.0,0.0,0.0,0,0.0,,
631,3,Mbaye,Aston Villa,Hull,False,6.0,0.1,3,0,0.0,0.0,0.0,0.0,0.0,0.0,,0.0,0.0,0.0,0.5691008735448118,0,0.5316915675540014,1,0,0,0,0,0.0,0.0,0.0,0,0.0,,
632,4,Ansah,Hull,Aston Villa,True,5.0,0.0,3,0,0.0,0.0,0.0,0.0,0.0,0.0,,0.0,0.0,0.0,1.9291178463026877,0,0.06934644158693859,1,0,0,0,0,0.0,0.0,0.0,0,0.0,,
633,2,Ahanor,Crystal Palace,Fulham,False,4.5,0.0,3,0,0.0,0.0,0.0,0.0,0.0,0.0,,0.0,0.0,0.0,3.160013467073439,2,0.027849013088809157,0,0,0,0,0,0.0,0.0,0.0,0,0.0,,
634,4,Fernandez-Pardo,Newcastle,Bournemouth,True,6.0,0.1,3,27,0.0,0.0,0.0,0.0,0.0,0.0,,0.0,0.0,0.0,1.3699682438746088,1,0.17209913666754592,0,0,1,0,1,0.0,0.0,1.0,1,0.0,14.0,3.0
635,3,Larsson,Fulham,Crystal Palace,True,5.0,0.0,3,11,1.0,0.0,1.0,0.13,0.13,0.0,0.0,0.0,0.22,0.0,1.9722508545964952,3,0.06357326965995067,0,0,0,1,1,0.35,0.35,2.31,1,-1.31,21.0,3.0
636,3,Ángel,Fulham,Crystal Palace,True,5.0,0.0,3,0,0.0,0.0,0.0,0.0,0.0,0.0,,0.0,0.0,0.0,1.9722508545964952,3,0.06357326965995067,0,0,0,0,0,0.0,0.0,0.0,0,0.0,,
637,4,Vaz,Hull,Aston Villa,True,5.0,0.1,3,0,0.0,0.0,0.0,0.0,0.0,0.0,,0.0,0.0,0.0,1.9291178463026877,0,0.06934644158693859,1,0,0,0,0,0.0,0.0,0.0,0,0.0,,
638,2,Norton-Cuffy,Hull,Aston Villa,True,4.0,0.3,3,26,0.0,0.0,0.0,0.0,0.0,0.0,,0.0,0.0,0.0,1.9291178463026877,0,0.06934644158693859,1,1,2,0,1,0.0,0.0,1.0,1,0.0,9.0,1.0
639,3,Andrés,Brighton,Leeds,True,5.5,0.0,3,0,0.0,0.0,0.0,0.0,0.0,0.0,,0.0,0.0,0.0,2.61606671102345,1,0.012093029528652778,0,0,0,0,0,0.0,0.0,0.0,0,0.0,,
640,4,Flemming,Ipswich,Liverpool,True,5.5,0.1,3,24,1.0,1.0,0.0,0.02,0.02,0.0,0.0,0.0,0.01,0.0,0.6861243890598411,2,0.48619165588927976,0,0,0,0,0,0.03,0.03,1.11,1,-0.11,8.0,0.0
641,2,Bard,Leeds,Brighton,False,4.5,0.0,3,0,0.0,0.0,0.0,0.0,0.0,0.0,,0.0,0.0,0.0,2.194103181362151,1,0.06830672448087981,0,0,0,0,0,0.0,0.0,0.0,0,0.0,,
642,3,Thomas,Hull,Aston Villa,True,5.5,0.0,3,27,0.0,0.0,0.0,0.0,0.0,0.0,,1.0,0.04,0.0,1.9291178463026877,0,0.06934644158693859,1,0,1,0,1,0.04,0.04,1.12,1,-0.12,13.0,0.0
643,2,Chilwell,Crystal Palace,Fulham,False,4.5,0.5,3,16,1.0,1.0,1.0,0.15,0.15,1.0,1.0,0.0,0.0,0.0,3.160013467073439,2,0.027849013088809157,0,0,0,0,0,0.15,0.15,1.9,7,5.1,7.0,1.0
644,3,Timber,Crystal Palace,Fulham,False,5.0,0.0,3,73,1.0,0.0,0.0,0.02,0.02,0.0,0.0,0.0,0.0,0.0,3.160013467073439,2,0.027849013088809157,0,2,3,1,6,0.02,0.02,2.127849013088809,2,-0.128,26.0,0.0
645,3,Mouzakitis,Hull,Aston Villa,True,5.0,0.0,3,0,0.0,0.0,0.0,0.0,0.0,0.0,,0.0,0.0,0.0,1.9291178463026877,0,0.06934644158693859,1,0,0,0,0,0.0,0.0,0.0,0,0.0,,
646,3,Fofana,Sunderland,Brentford,False,5.5,0.0,3,16,0.0,0.0,0.0,0.0,0.0,0.0,,0.0,0.0,0.0,1.2073117801919575,1,0.2664102179842485,0,0,0,0,0,0.0,0.0,1.0,1,0.0,8.0,0.0
647,3,Osorio,Crystal Palace,Fulham,False,5.5,0.0,3,1,0.0,0.0,0.0,0.0,0.0,0.0,,0.0,0.0,0.0,3.160013467073439,2,0.027849013088809157,0,0,0,1,1,0.0,0.0,1.0,1,0.0,4.0,0.0
648,3,Bahoya,Leeds,Brighton,False,5.0,0.0,3,0,0.0,0.0,0.0,0.0,0.0,0.0,,0.0,0.0,0.0,2.194103181362151,1,0.06830672448087981,0,0,0,0,0,0.0,0.0,0.0,0,0.0,,
649,2,Maitland-Niles,Everton,Man Utd,True,4.5,1.0,3,13,1.0,1.0,0.0,0.03,0.03,1.0,1.0,0.0,0.0,0.0,0.6876574847847217,2,0.47837611998665824,0,0,0,0,0,0.03,0.03,1.18,7,5.82,6.0,0.0
650,2,Affengruber,Fulham,Crystal Palace,True,4.5,0.0,3,0,0.0,0.0,0.0,0.0,0.0,0.0,,0.0,0.0,0.0,1.9722508545964952,3,0.06357326965995067,0,0,0,0,0,0.0,0.0,0.0,0,0.0,,
651,4,J.Angulo,Sunderland,Brentford,False,4.5,0.7,3,0,0.0,0.0,0.0,0.0,0.0,0.0,,0.0,0.0,0.0,1.2073117801919575,1,0.2664102179842485,0,0,0,0,0,0.0,0.0,0.0,0,0.0,,
652,3,Azeez,Brighton,Leeds,True,5.5,0.0,3,0,0.0,0.0,0.0,0.0,0.0,0.0,,0.0,0.0,0.0,2.61606671102345,1,0.012093029528652778,0,0,0,0,0,0.0,0.0,0.0,0,0.0,,
653,3,Samba,Man City,Coventry,True,4.5,0.0,3,0,0.0,0.0,0.0,0.0,0.0,0.0,,0.0,0.0,0.0,1.367418968584388,0,0.21101161562865636,1,0,0,0,0,0.0,0.0,0.0,0,0.0,,
654,3,Graham,Everton,Man Utd,True,4.5,0.1,3,0,0.0,0.0,0.0,0.0,0.0,0.0,,0.0,0.0,0.0,0.6876574847847217,2,0.47837611998665824,0,0,0,0,0,0.0,0.0,0.0,0,0.0,,
1,1,Raya,Arsenal,Sunderland,False,6.0,41.6,4,90,0.0,0.0,0.0,0.0,0.0,0.0,,0.0,0.0,0.0,1.8010412305980914,0,0.0668458078707535,1,2,14,0,0,0.0,0.0,2.267383231483014,14,11.733,50.0,0.0
2,1,Arrizabalaga,Arsenal,Sunderland,False,4.9,0.1,4,0,0.0,0.0,0.0,0.0,0.0,0.0,,0.0,0.0,0.0,1.8010412305980914,0,0.0668458078707535,1,0,0,0,0,0.0,0.0,0.0,0,0.0,,
3,1,Meslier,Arsenal,Sunderland,False,4.9,0.0,4,0,0.0,0.0,0.0,0.0,0.0,0.0,,0.0,0.0,0.0,1.8010412305980914,0,0.0668458078707535,1,0,0,0,0,0.0,0.0,0.0,0,0.0,,
4,2,Gabriel,Arsenal,Sunderland,False,8.0,23.1,4,90,1.0,0.0,0.0,0.02,0.02,0.0,0.0,0.0,0.01,0.0,1.8010412305980914,0,0.0668458078707535,1,10,2,1,11,0.03,0.03,3.4173832314830137,9,5.583,63.0,0.0
5,2,J.Timber,Arsenal,Sunderland,False,6.5,0.3,4,45,0.0,0.0,0.0,0.0,0.0,0.0,,0.0,0.01,0.0,1.8010412305980914,0,0.0668458078707535,1,2,5,1,3,0.01,0.01,1.03,1,-0.03,19.0,0.0
6,2,Saliba,Arsenal,Sunderland,False,5.9,0.2,4,0,0.0,0.0,0.0,0.0,0.0,0.0,,0.0,0.0,0.0,1.8010412305980914,0,0.0668458078707535,1,0,0,0,0,0.0,0.0,0.0,0,0.0,,
7,3,Lewis-Skelly,Arsenal,Sunderland,False,5.5,0.6,4,45,0.0,0.0,0.0,0.0,0.0,0.0,,0.0,0.0,0.0,1.8010412305980914,0,0.0668458078707535,1,0,0,0,0,0.0,0.0,1.0,1,0.0,37.0,0.0
8,2,Calafiori,Arsenal,Sunderland,False,5.8,50.7,4,90,1.0,0.0,1.0,0.06,0.06,0.0,0.0,0.0,0.01,0.0,1.8010412305980914,0,0.0668458078707535,1,4,2,0,4,0.06999999999999999,0.06999999999999999,2.6573832314830135,6,3.343,40.0,2.0
9,2,Hincapie,Arsenal,Sunderland,False,5.3,0.9,4,0,0.0,0.0,0.0,0.0,0.0,0.0,,0.0,0.0,0.0,1.8010412305980914,0,0.0668458078707535,1,0,0,0,0,0.0,0.0,0.0,0,0.0,,
10,2,White,Arsenal,Sunderland,False,5.5,5.5,4,45,0.0,0.0,0.0,0.0,0.0,0.0,,0.0,0.0,0.0,1.8010412305980914,0,0.0668458078707535,1,1,0,2,3,0.0,0.0,1.0,1,0.0,30.0,3.0
11,2,Mosquera,Arsenal,Sunderland,False,5.3,1.7,4,0,0.0,0.0,0.0,0.0,0.0,0.0,,0.0,0.0,0.0,1.8010412305980914,0,0.0668458078707535,1,0,0,0,0,0.0,0.0,0.0,0,0.0,,
12,3,Saka,Arsenal,Sunderland,False,9.5,13.2,4,90,4.0,3.0,3.0,1.38,0.5915999999999999,1.0,0.0,1.0,0.08,0.0,1.8010412305980914,0,0.0668458078707535,1,2,4,1,7,1.46,0.6715999999999999,12.206845807870753,8,-4.207,47.0,5.0
13,3,Rice,Arsenal,Sunderland,False,7.4,12.4,4,80,0.0,0.0,0.0,0.0,0.0,0.0,,3.0,0.37,1.0,1.8010412305980914,0,0.0668458078707535,1,6,2,2,10,0.37,0.37,3.1768458078707535,6,2.823,78.0,0.0
14,3,Eze,Arsenal,Sunderland,False,6.3,1.0,4,9,0.0,0.0,0.0,0.0,0.0,0.0,,0.0,0.0,0.0,1.8010412305980914,0,0.0668458078707535,1,0,0,0,0,0.0,0.0,1.0,1,0.0,3.0,1.0
15,3,Ødegaard,Arsenal,Sunderland,False,6.8,20.1,4,84,0.0,0.0,0.0,0.0,0.0,0.0,,5.0,0.25,0.0,1.8010412305980914,0,0.0668458078707535,1,1,3,1,5,0.25,0.25,2.8168458078707537,3,0.183,55.0,1.0
16,3,Madueke,Arsenal,Sunderland,False,6.2,0.2,4,0,0.0,0.0,0.0,0.0,0.0,0.0,,0.0,0.0,0.0,1.8010412305980914,0,0.0668458078707535,1,0,0,0,0,0.0,0.0,0.0,0,0.0,,
17,3,Merino,Arsenal,Sunderland,False,5.8,0.4,4,5,0.0,0.0,0.0,0.0,0.0,0.0,,0.0,0.0,0.0,1.8010412305980914,0,0.0668458078707535,1,0,0,0,0,0.0,0.0,1.0,1,0.0,7.0,0.0
18,3,Martinelli,Arsenal,Sunderland,False,6.3,0.1,4,0,0.0,0.0,0.0,0.0,0.0,0.0,,0.0,0.0,0.0,1.8010412305980914,0,0.0668458078707535,1,0,0,0,0,0.0,0.0,0.0,0,0.0,,
19,3,Zubimendi,Arsenal,Sunderland,False,5.3,0.6,4,9,0.0,0.0,0.0,0.0,0.0,0.0,,0.0,0.0,0.0,1.8010412305980914,0,0.0668458078707535,1,0,1,1,2,0.0,0.0,1.0,1,0.0,8.0,0.0
20,3,Dowman,Arsenal,Sunderland,False,5.3,0.1,4,0,0.0,0.0,0.0,0.0,0.0,0.0,,0.0,0.0,0.0,1.8010412305980914,0,0.0668458078707535,1,0,0,0,0,0.0,0.0,0.0,0,0.0,,
21,3,Nørgaard,Everton,Spurs,False,4.9,0.0,4,0,0.0,0.0,0.0,0.0,0.0,0.0,,0.0,0.0,0.0,0.6944563966244452,0,0.48600285629036905,1,0,0,0,0,0.0,0.0,0.0,0,0.0,,
22,3,Nwaneri,Arsenal,Sunderland,False,5.4,0.0,4,0,0.0,0.0,0.0,0.0,0.0,0.0,,0.0,0.0,0.0,1.8010412305980914,0,0.0668458078707535,1,0,0,0,0,0.0,0.0,0.0,0,0.0,,
23,3,Fábio Vieira,Arsenal,Sunderland,False,5.5,0.0,4,0,0.0,0.0,0.0,0.0,0.0,0.0,,0.0,0.0,0.0,1.8010412305980914,0,0.0668458078707535,1,0,0,0,0,0.0,0.0,0.0,0,0.0,,
24,3,Nelson,Arsenal,Sunderland,False,5.5,0.0,4,0,0.0,0.0,0.0,0.0,0.0,0.0,,0.0,0.0,0.0,1.8010412305980914,0,0.0668458078707535,1,0,0,0,0,0.0,0.0,0.0,0,0.0,,
25,4,Gyökeres,Arsenal,Sunderland,False,7.2,3.2,4,0,0.0,0.0,0.0,0.0,0.0,0.0,,0.0,0.0,0.0,1.8010412305980914,0,0.0668458078707535,1,0,0,0,0,0.0,0.0,0.0,0,0.0,,
26,4,Havertz,Arsenal,Sunderland,False,7.6,8.5,4,90,3.0,1.0,3.0,0.34,0.34,0.0,0.0,1.0,0.02,0.0,1.8010412305980914,0,0.0668458078707535,1,1,1,0,2,0.36000000000000004,0.36000000000000004,2.4200000000000004,1,-1.42,32.0,5.0
27,4,G.Jesus,Arsenal,Sunderland,False,5.9,0.2,4,0,0.0,0.0,0.0,0.0,0.0,0.0,,0.0,0.0,0.0,1.8010412305980914,0,0.0668458078707535,1,0,0,0,0,0.0,0.0,0.0,0,0.0,,
28,1,Martinez,Chelsea,Hull,True,5.0,4.9,4,90,0.0,0.0,0.0,0.0,0.0,0.0,,0.0,0.0,0.0,1.3951185727491968,2,0.19540491243375674,0,0,10,0,0,0.0,0.0,3.7816196497350267,2,-1.782,31.0,0.0
29,1,M.Bizot,Aston Villa,Nott'm Forest,True,4.5,0.1,4,0,0.0,0.0,0.0,0.0,0.0,0.0,,0.0,0.0,0.0,1.9829769544303406,2,0.11761994623352535,0,0,0,0,0,0.0,0.0,0.0,0,0.0,,
30,2,Digne,Aston Villa,Nott'm Forest,True,4.5,0.1,4,0,0.0,0.0,0.0,0.0,0.0,0.0,,0.0,0.0,0.0,1.9829769544303406,2,0.11761994623352535,0,0,0,0,0,0.0,0.0,0.0,0,0.0,,
31,2,Konsa,Arsenal,Sunderland,False,4.6,19.4,4,90,0.0,0.0,0.0,0.0,0.0,0.0,,0.0,0.0,0.0,1.8010412305980914,0,0.0668458078707535,1,6,1,2,8,0.0,0.0,2.267383231483014,6,3.733,39.0,0.0
32,2,Cash,Aston Villa,Nott'm Forest,True,4.4,5.1,4,0,0.0,0.0,0.0,0.0,0.0,0.0,,0.0,0.0,0.0,1.9829769544303406,2,0.11761994623352535,0,0,0,0,0,0.0,0.0,0.0,0,0.0,,
33,2,Mings,Aston Villa,Nott'm Forest,True,4.5,0.4,4,65,1.0,0.0,1.0,0.09,0.09,0.0,0.0,0.0,0.0,0.0,1.9829769544303406,2,0.11761994623352535,0,4,2,1,5,0.09,0.09,2.0104797849341014,0,-2.01,43.0,1.0
34,2,Pau,Aston Villa,Nott'm Forest,True,4.5,0.3,4,24,0.0,0.0,0.0,0.0,0.0,0.0,,0.0,0.0,0.0,1.9829769544303406,2,0.11761994623352535,0,0,0,0,0,0.0,0.0,1.0,1,0.0,27.0,1.0
35,3,Bogarde,Aston Villa,Nott'm Forest,True,5.0,0.1,4,0,0.0,0.0,0.0,0.0,0.0,0.0,,0.0,0.0,0.0,1.9829769544303406,2,0.11761994623352535,0,0,0,0,0,0.0,0.0,0.0,0,0.0,,
36,2,Maatsen,Aston Villa,Nott'm Forest,True,4.5,0.6,4,90,2.0,1.0,2.0,0.18,0.18,0.0,0.0,0.0,0.03,0.0,1.9829769544303406,2,0.11761994623352535,0,3,6,1,4,0.21,0.21,3.6404797849341013,1,-2.64,63.0,3.0
37,2,Lindelöf,Aston Villa,Nott'm Forest,True,4.5,0.3,4,90,1.0,1.0,1.0,0.44,0.44,0.0,0.0,0.0,0.01,0.0,1.9829769544303406,2,0.11761994623352535,0,2,0,0,2,0.45,0.45,5.140479784934102,1,-4.14,72.0,2.0
38,2,A.García,Aston Villa,Nott'm Forest,True,4.0,1.6,4,0,0.0,0.0,0.0,0.0,0.0,0.0,,0.0,0.0,0.0,1.9829769544303406,2,0.11761994623352535,0,0,0,0,0,0.0,0.0,0.0,0,0.0,,
39,2,Nedeljkovic,Aston Villa,Nott'm Forest,True,4.0,0.1,4,0,0.0,0.0,0.0,0.0,0.0,0.0,,0.0,0.0,0.0,1.9829769544303406,2,0.11761994623352535,0,0,0,0,0,0.0,0.0,0.0,0,0.0,,
40,3,Rogers,Chelsea,Hull,True,7.7,40.0,4,90,2.0,2.0,2.0,0.21,0.21,1.0,1.0,0.0,0.02,0.0,1.3951185727491968,2,0.19540491243375674,0,0,4,2,6,0.22999999999999998,0.22999999999999998,3.305404912433757,8,4.695,46.0,6.0
41,3,Buendía,Aston Villa,Nott'm Forest,True,5.9,0.9,4,62,0.0,0.0,0.0,0.0,0.0,0.0,,0.0,0.01,0.0,1.9829769544303406,2,0.11761994623352535,0,0,5,0,5,0.01,0.01,2.147619946233525,2,-0.148,32.0,0.0
42,3,Guessand,Crystal Palace,Ipswich,True,5.4,0.0,4,0,0.0,0.0,0.0,0.0,0.0,0.0,,0.0,0.0,0.0,1.6886881142854686,3,0.12416813694485454,0,0,0,0,0,0.0,0.0,0.0,0,0.0,,
43,3,Tielemans,Man Utd,Man City,True,5.8,1.5,4,66,0.0,0.0,0.0,0.0,0.0,0.0,,1.0,0.04,0.0,1.0954809617251156,1,0.25271986000845004,0,3,0,2,5,0.04,0.04,2.3727198600084503,2,-0.373,56.0,2.0
44,3,Bailey,Aston Villa,Nott'm Forest,True,5.4,0.1,4,0,0.0,0.0,0.0,0.0,0.0,0.0,,0.0,0.0,0.0,1.9829769544303406,2,0.11761994623352535,0,0,0,0,0,0.0,0.0,0.0,0,0.0,,
45,3,McGinn,Aston Villa,Nott'm Forest,True,5.4,2.2,4,90,0.0,0.0,0.0,0.0,0.0,0.0,,2.0,0.11,1.0,1.9829769544303406,2,0.11761994623352535,0,2,6,1,9,0.11,0.11,2.4476199462335253,6,3.552,42.0,0.0
46,3,Barkley,Aston Villa,Nott'm Forest,True,5.0,0.3,4,62,1.0,1.0,0.0,0.03,0.03,0.0,0.0,0.0,0.01,0.0,1.9829769544303406,2,0.11761994623352535,0,0,3,4,7,0.04,0.04,2.297619946233525,2,-0.298,45.0,0.0
47,3,Kamara,Aston Villa,Nott'm Forest,True,5.0,0.3,4,90,0.0,0.0,0.0,0.0,0.0,0.0,,1.0,0.05,0.0,1.9829769544303406,2,0.11761994623352535,0,1,1,3,5,0.05,0.05,2.267619946233525,2,-0.268,49.0,1.0
48,3,Onana,Aston Villa,Nott'm Forest,True,4.9,0.0,4,0,0.0,0.0,0.0,0.0,0.0,0.0,,0.0,0.0,0.0,1.9829769544303406,2,0.11761994623352535,0,0,0,0,0,0.0,0.0,0.0,0,0.0,,
49,3,Iling Jr,Aston Villa,Nott'm Forest,True,5.0,0.0,4,0,0.0,0.0,0.0,0.0,0.0,0.0,,0.0,0.0,0.0,1.9829769544303406,2,0.11761994623352535,0,0,0,0,0,0.0,0.0,0.0,0,0.0,,
50,3,Burrowes,Aston Villa,Nott'm Forest,True,4.5,0.6,4,0,0.0,0.0,0.0,0.0,0.0,0.0,,0.0,0.0,0.0,1.9829769544303406,2,0.11761994623352535,0,0,0,0,0,0.0,0.0,0.0,0,0.0,,
51,3,George Hemmings,Aston Villa,Nott'm Forest,True,4.5,1.2,4,45,0.0,0.0,0.0,0.0,0.0,0.0,,1.0,0.01,0.0,1.9829769544303406,2,0.11761994623352535,0,1,0,0,1,0.01,0.01,1.03,1,-0.03,14.0,1.0
52,3,Alysson,Aston Villa,Nott'm Forest,True,5.0,0.1,4,45,1.0,1.0,1.0,0.06,0.06,1.0,1.0,0.0,0.0,0.0,1.9829769544303406,2,0.11761994623352535,0,1,1,0,2,0.06,0.06,1.3,6,4.7,22.0,4.0
53,3,Manzambi,Aston Villa,Nott'm Forest,True,5.9,0.1,4,27,0.0,0.0,0.0,0.0,0.0,0.0,,0.0,0.08,0.0,1.9829769544303406,2,0.11761994623352535,0,0,1,1,2,0.08,0.08,1.24,1,-0.24,15.0,0.0
54,3,Gomes,Aston Villa,Nott'm Forest,True,5.5,0.0,4,0,0.0,0.0,0.0,0.0,0.0,0.0,,0.0,0.0,0.0,1.9829769544303406,2,0.11761994623352535,0,0,0,0,0,0.0,0.0,0.0,0,0.0,,
55,4,Watkins,Aston Villa,Nott'm Forest,True,7.8,2.6,4,0,0.0,0.0,0.0,0.0,0.0,0.0,,0.0,0.0,0.0,1.9829769544303406,2,0.11761994623352535,0,0,0,0,0,0.0,0.0,0.0,0,0.0,,
56,4,Abraham,Aston Villa,Nott'm Forest,True,5.5,0.2,4,45,0.0,0.0,0.0,0.0,0.0,0.0,,0.0,0.0,0.0,1.9829769544303406,2,0.11761994623352535,0,0,1,0,1,0.0,0.0,1.0,1,0.0,14.0,1.0
57,1,Petrović,Bournemouth,Brentford,True,4.5,3.0,4,90,0.0,0.0,0.0,0.0,0.0,0.0,,0.0,0.0,0.0,0.4984475607052442,2,0.5895724822725285,0,0,10,0,0,0.0,0.0,4.358289929090114,1,-3.358,42.0,0.0
58,1,Forster,Bournemouth,Brentford,True,4.0,3.5,4,0,0.0,0.0,0.0,0.0,0.0,0.0,,0.0,0.0,0.0,0.4984475607052442,2,0.5895724822725285,0,0,0,0,0,0.0,0.0,0.0,0,0.0,,
59,1,Dennis,Bournemouth,Brentford,True,4.0,0.1,4,0,0.0,0.0,0.0,0.0,0.0,0.0,,0.0,0.0,0.0,0.4984475607052442,2,0.5895724822725285,0,0,0,0,0,0.0,0.0,0.0,0,0.0,,
60,2,Hill,Bournemouth,Brentford,True,5.5,0.8,4,90,0.0,0.0,0.0,0.0,0.0,0.0,,1.0,0.01,0.0,0.4984475607052442,2,0.5895724822725285,0,10,3,1,11,0.01,0.01,5.3882899290901145,2,-3.388,83.0,0.0
61,2,Truffert,Bournemouth,Brentford,True,5.5,3.1,4,90,2.0,2.0,1.0,0.08,0.08,0.0,0.0,1.0,0.1,0.0,0.4984475607052442,2,0.5895724822725285,0,8,3,8,16,0.18,0.18,9.138289929090114,3,-6.138,88.0,3.0
62,2,Diakité,Bournemouth,Brentford,True,5.0,0.2,4,0,0.0,0.0,0.0,0.0,0.0,0.0,,0.0,0.0,0.0,0.4984475607052442,2,0.5895724822725285,0,0,0,0,0,0.0,0.0,0.0,0,0.0,,
63,2,Milosavljević,Bournemouth,Brentford,True,4.9,0.0,4,0,0.0,0.0,0.0,0.0,0.0,0.0,,0.0,0.0,0.0,0.4984475607052442,2,0.5895724822725285,0,0,0,0,0,0.0,0.0,0.0,0,0.0,,
64,2,Smith,Bournemouth,Brentford,True,4.5,0.1,4,90,0.0,0.0,0.0,0.0,0.0,0.0,,0.0,0.01,0.0,0.4984475607052442,2,0.5895724822725285,0,5,4,1,6,0.01,0.01,3.3882899290901145,0,-3.388,66.0,0.0
65,2,J.Araujo,Bournemouth,Brentford,True,4.4,0.0,4,0,0.0,0.0,0.0,0.0,0.0,0.0,,0.0,0.0,0.0,0.4984475607052442,2,0.5895724822725285,0,0,0,0,0,0.0,0.0,0.0,0,0.0,,
66,2,Soler,Bournemouth,Brentford,True,4.0,0.3,4,0,0.0,0.0,0.0,0.0,0.0,0.0,,0.0,0.0,0.0,0.4984475607052442,2,0.5895724822725285,0,0,0,0,0,0.0,0.0,0.0,0,0.0,,
67,3,Rayan,Bournemouth,Brentford,True,6.3,1.6,4,81,5.0,1.0,2.0,0.38,0.38,0.0,0.0,1.0,0.02,0.0,0.4984475607052442,2,0.5895724822725285,0,2,0,1,3,0.4,0.4,4.549572482272528,2,-2.55,42.0,3.0
68,3,Tavernier,Bournemouth,Brentford,True,6.1,6.5,4,82,4.0,3.0,2.0,0.2,0.2,1.0,1.0,4.0,0.47,0.0,0.4984475607052442,2,0.5895724822725285,0,2,5,1,8,0.6699999999999999,0.6699999999999999,3.9995724822725283,8,4.0,53.0,3.0
69,3,Scott,Bournemouth,Brentford,True,6.1,5.8,4,90,1.0,0.0,1.0,0.19,0.19,0.0,0.0,4.0,0.05,0.0,0.4984475607052442,2,0.5895724822725285,0,6,7,2,15,0.24,0.24,6.689572482272528,4,-2.69,82.0,4.0
70,3,Kluivert,Bournemouth,Brentford,True,6.0,1.0,4,65,3.0,3.0,2.0,0.21,0.21,1.0,1.0,0.0,0.02,0.0,0.4984475607052442,2,0.5895724822725285,0,1,3,0,4,0.22999999999999998,0.22999999999999998,3.699572482272529,8,4.3,35.0,3.0
71,3,Cook,Bournemouth,Brentford,True,5.0,0.2,4,8,0.0,0.0,0.0,0.0,0.0,0.0,,0.0,0.0,0.0,0.4984475607052442,2,0.5895724822725285,0,2,0,0,2,0.0,0.0,0.0,0,0.0,6.0,0.0
72,3,Gannon-Doak,Bournemouth,Brentford,True,4.9,0.1,4,8,2.0,0.0,0.0,0.1,0.1,0.0,0.0,0.0,0.03,0.0,0.4984475607052442,2,0.5895724822725285,0,0,3,1,4,0.13,0.13,1.59,1,-0.59,14.0,1.0
73,3,Adams,Bournemouth,Brentford,True,5.0,0.3,4,81,1.0,1.0,0.0,0.03,0.03,0.0,0.0,0.0,0.02,0.0,0.4984475607052442,2,0.5895724822725285,0,3,5,2,10,0.05,0.05,2.7995724822725285,2,-0.8,76.0,0.0
74,3,Brooks,Bournemouth,Brentford,True,5.0,0.1,4,7,0.0,0.0,0.0,0.0,0.0,0.0,,0.0,0.0,0.0,0.4984475607052442,2,0.5895724822725285,0,2,1,0,3,0.0,0.0,0.0,0,0.0,8.0,1.0
75,3,Christie,Bournemouth,Brentford,True,5.0,0.0,4,24,0.0,0.0,0.0,0.0,0.0,0.0,,1.0,0.12,0.0,0.4984475607052442,2,0.5895724822725285,0,3,4,0,7,0.12,0.12,1.3599999999999999,1,-0.36,24.0,2.0
76,3,Tóth.A,Bournemouth,Brentford,True,4.9,0.0,4,0,0.0,0.0,0.0,0.0,0.0,0.0,,0.0,0.0,0.0,0.4984475607052442,2,0.5895724822725285,0,0,0,0,0,0.0,0.0,0.0,0,0.0,,
77,3,Adli,Bournemouth,Brentford,True,4.9,0.0,4,0,0.0,0.0,0.0,0.0,0.0,0.0,,0.0,0.0,0.0,0.4984475607052442,2,0.5895724822725285,0,0,0,0,0,0.0,0.0,0.0,0,0.0,,
78,3,Kroupi.Jr,Bournemouth,Brentford,True,7.4,0.2,4,0,0.0,0.0,0.0,0.0,0.0,0.0,,0.0,0.0,0.0,0.4984475607052442,2,0.5895724822725285,0,0,0,0,0,0.0,0.0,0.0,0,0.0,,
79,4,Evanilson,Bournemouth,Brentford,True,6.0,3.3,4,90,0.0,0.0,0.0,0.0,0.0,0.0,,3.0,0.25,1.0,0.4984475607052442,2,0.5895724822725285,0,1,3,0,4,0.25,0.25,2.75,5,2.25,38.0,2.0
80,4,Enes Ünal,Bournemouth,Brentford,True,5.5,0.0,4,0,0.0,0.0,0.0,0.0,0.0,0.0,,0.0,0.0,0.0,0.4984475607052442,2,0.5895724822725285,0,0,0,0,0,0.0,0.0,0.0,0,0.0,,
81,4,Rodríguez,Bournemouth,Brentford,True,6.0,0.1,4,1,0.0,0.0,0.0,0.0,0.0,0.0,,0.0,0.0,0.0,0.4984475607052442,2,0.5895724822725285,0,0,0,0,0,0.0,0.0,1.0,1,0.0,4.0,0.0
82,1,Kelleher,Brentford,Bournemouth,False,5.0,6.1,4,90,0.0,0.0,0.0,0.0,0.0,0.0,,0.0,0.0,0.0,1.756761878728866,2,0.14595911526223096,0,1,11,0,0,0.0,0.0,4.583836461048923,3,-1.584,51.0,0.0
83,1,Valdimarsson,Brentford,Bournemouth,False,4.5,0.1,4,0,0.0,0.0,0.0,0.0,0.0,0.0,,0.0,0.0,0.0,1.756761878728866,2,0.14595911526223096,0,0,0,0,0,0.0,0.0,0.0,0,0.0,,
84,2,Collins,Brentford,Bournemouth,False,5.4,1.0,4,0,0.0,0.0,0.0,0.0,0.0,0.0,,0.0,0.0,0.0,1.756761878728866,2,0.14595911526223096,0,0,0,0,0,0.0,0.0,0.0,0,0.0,,
85,2,Van den Berg,Brentford,Bournemouth,False,4.9,0.1,4,0,0.0,0.0,0.0,0.0,0.0,0.0,,0.0,0.0,0.0,1.756761878728866,2,0.14595911526223096,0,0,0,0,0,0.0,0.0,0.0,0,0.0,,
86,3,Lewis-Potter,Brentford,Bournemouth,False,5.5,1.8,4,59,1.0,0.0,1.0,0.03,0.03,0.0,0.0,0.0,0.13,0.0,1.756761878728866,2,0.14595911526223096,0,1,0,1,2,0.16,0.16,1.54,1,-0.54,37.0,2.0
87,2,Ajer,Brentford,Bournemouth,False,4.5,4.0,4,90,1.0,0.0,1.0,0.02,0.02,0.0,0.0,0.0,0.0,0.0,1.756761878728866,2,0.14595911526223096,0,7,1,2,9,0.02,0.02,2.703836461048924,1,-1.704,50.0,3.0
88,2,Kayode,Brentford,Bournemouth,False,4.6,7.7,4,19,0.0,0.0,0.0,0.0,0.0,0.0,,1.0,0.15,0.0,1.756761878728866,2,0.14595911526223096,0,1,1,0,1,0.15,0.15,1.45,1,-0.45,16.0,0.0
89,2,Henry,Brentford,Bournemouth,False,4.4,0.2,4,0,0.0,0.0,0.0,0.0,0.0,0.0,,0.0,0.0,0.0,1.756761878728866,2,0.14595911526223096,0,0,0,0,0,0.0,0.0,0.0,0,0.0,,
90,2,Hickey,Brentford,Bournemouth,False,4.5,0.1,4,70,1.0,0.0,1.0,0.03,0.03,0.0,0.0,0.0,0.03,0.0,1.756761878728866,2,0.14595911526223096,0,5,4,2,7,0.06,0.06,2.8538364610489237,1,-1.854,46.0,2.0
91,2,Pinnock,Coventry,Brighton,True,4.5,0.1,4,90,1.0,0.0,1.0,0.01,0.01,0.0,0.0,0.0,0.0,0.0,2.8063656855762,5,0.022170374226685937,0,8,1,2,10,0.01,0.01,3.1486814969067436,2,-1.149,34.0,1.0
92,2,Ji-soo,Brentford,Bournemouth,False,4.5,0.0,4,0,0.0,0.0,0.0,0.0,0.0,0.0,,0.0,0.0,0.0,1.756761878728866,2,0.14595911526223096,0,0,0,0,0,0.0,0.0,0.0,0,0.0,,
93,2,Schuster,Brentford,Bournemouth,False,4.5,0.2,4,90,0.0,0.0,0.0,0.0,0.0,0.0,,0.0,0.01,0.0,1.756761878728866,2,0.14595911526223096,0,10,3,2,12,0.01,0.01,4.6138364610489235,3,-1.614,51.0,4.0
94,3,Schade,Brentford,Bournemouth,False,6.1,8.0,4,90,2.0,2.0,1.0,0.21,0.21,2.0,2.0,0.0,0.1,0.0,1.756761878728866,2,0.14595911526223096,0,0,3,1,4,0.31,0.31,3.495959115262231,15,11.504,46.0,3.0
95,3,O.Dango,Brentford,Bournemouth,False,6.3,0.5,4,30,1.0,0.0,0.0,0.02,0.02,0.0,0.0,0.0,0.01,0.0,1.756761878728866,2,0.14595911526223096,0,1,3,0,4,0.03,0.03,1.1300000000000001,1,-0.13,21.0,2.0
96,3,Damsgaard,Brentford,Bournemouth,False,5.4,0.4,4,30,1.0,0.0,1.0,0.1,0.1,0.0,0.0,0.0,0.0,0.0,1.756761878728866,2,0.14595911526223096,0,1,3,0,4,0.1,0.1,1.5,1,-0.5,23.0,2.0
97,3,Jensen,Brentford,Bournemouth,False,5.4,0.1,4,0,0.0,0.0,0.0,0.0,0.0,0.0,,0.0,0.0,0.0,1.756761878728866,2,0.14595911526223096,0,0,0,0,0,0.0,0.0,0.0,0,0.0,,
98,3,Janelt,Brentford,Bournemouth,False,5.0,2.5,4,90,0.0,0.0,0.0,0.0,0.0,0.0,,1.0,0.08,0.0,1.756761878728866,2,0.14595911526223096,0,11,6,3,20,0.08,0.08,4.385959115262231,4,-0.386,68.0,0.0
99,3,Milambo,Brentford,Bournemouth,False,5.0,0.0,4,0,0.0,0.0,0.0,0.0,0.0,0.0,,0.0,0.0,0.0,1.756761878728866,2,0.14595911526223096,0,0,0,0,0,0.0,0.0,0.0,0,0.0,,
100,3,Carvalho,Brentford,Bournemouth,False,5.0,0.0,4,0,0.0,0.0,0.0,0.0,0.0,0.0,,0.0,0.0,0.0,1.756761878728866,2,0.14595911526223096,0,0,0,0,0,0.0,0.0,0.0,0,0.0,,
101,3,Henderson,Chelsea,Hull,True,4.9,0.0,4,0,0.0,0.0,0.0,0.0,0.0,0.0,,0.0,0.0,0.0,1.3951185727491968,2,0.19540491243375674,0,0,0,0,0,0.0,0.0,0.0,0,0.0,,
102,3,Yarmoliuk,Brentford,Bournemouth,False,4.8,0.7,4,59,0.0,0.0,0.0,0.0,0.0,0.0,,1.0,0.21,1.0,1.756761878728866,2,0.14595911526223096,0,2,3,0,5,0.21,0.21,1.63,4,2.37,36.0,2.0
103,3,Dasilva,Brentford,Bournemouth,False,4.9,0.0,4,0,0.0,0.0,0.0,0.0,0.0,0.0,,0.0,0.0,0.0,1.756761878728866,2,0.14595911526223096,0,0,0,0,0,0.0,0.0,0.0,0,0.0,,
104,3,Onyeka,Coventry,Brighton,True,4.9,0.1,4,72,1.0,1.0,1.0,0.03,0.03,0.0,0.0,0.0,0.01,0.0,2.8063656855762,5,0.022170374226685937,0,2,4,1,7,0.04,0.04,2.202170374226686,2,-0.202,30.0,3.0
105,3,Anthony,Brentford,Bournemouth,False,5.9,0.1,4,59,0.0,0.0,0.0,0.0,0.0,0.0,,1.0,0.1,0.0,1.756761878728866,2,0.14595911526223096,0,5,4,2,11,0.1,0.1,1.3,1,-0.3,32.0,1.0
106,4,Thiago,Brentford,Bournemouth,False,7.8,8.9,4,90,1.0,0.0,1.0,0.11,0.11,0.0,0.0,1.0,0.03,0.0,1.756761878728866,2,0.14595911526223096,0,0,1,0,1,0.14,0.14,1.5299999999999998,1,-0.53,34.0,4.0
107,4,Furo,Brentford,Bournemouth,False,4.5,1.0,4,0,0.0,0.0,0.0,0.0,0.0,0.0,,0.0,0.0,0.0,1.756761878728866,2,0.14595911526223096,0,0,0,0,0,0.0,0.0,0.0,0,0.0,,
108,4,Wilson,Brentford,Bournemouth,False,5.4,0.3,4,0,0.0,0.0,0.0,0.0,0.0,0.0,,0.0,0.0,0.0,1.756761878728866,2,0.14595911526223096,0,0,0,0,0,0.0,0.0,0.0,0,0.0,,
109,1,Verbruggen,Brighton,Coventry,False,4.5,21.7,4,90,0.0,0.0,0.0,0.0,0.0,0.0,,0.0,0.0,0.0,1.382920183241367,0,0.2182478686397319,1,3,7,0,0,0.0,0.0,4.872991474558928,8,3.127,42.0,0.0
110,1,Rushworth,Coventry,Brighton,True,4.5,0.8,4,90,0.0,0.0,0.0,0.0,0.0,0.0,,0.0,0.01,0.0,2.8063656855762,5,0.022170374226685937,0,1,11,0,0,0.01,0.01,1.1186814969067436,0,-1.119,57.0,0.0
111,1,Steele,Brighton,Coventry,False,4.0,4.2,4,0,0.0,0.0,0.0,0.0,0.0,0.0,,0.0,0.0,0.0,1.382920183241367,0,0.2182478686397319,1,0,0,0,0,0.0,0.0,0.0,0,0.0,,
112,2,Van Hecke,Spurs,Everton,True,4.9,6.7,4,90,1.0,0.0,1.0,0.14,0.14,0.0,0.0,1.0,0.05,0.0,1.1130166370421641,0,0.2975326785950117,1,11,2,2,13,0.19,0.19,9.180130714380047,8,-1.18,127.0,1.0
113,2,F.Kadıoğlu,Brighton,Coventry,False,4.4,1.6,4,90,0.0,0.0,0.0,0.0,0.0,0.0,,1.0,0.09,0.0,1.382920183241367,0,0.2182478686397319,1,2,1,0,2,0.09,0.09,3.1429914745589276,6,2.857,48.0,0.0
114,2,Boscagli,Brighton,Coventry,False,4.5,0.3,4,77,1.0,0.0,0.0,0.01,0.01,0.0,0.0,1.0,0.03,0.0,1.382920183241367,0,0.2182478686397319,1,8,5,1,9,0.04,0.04,3.0229914745589275,6,2.977,73.0,0.0
115,2,De Cuyper,Brighton,Coventry,False,4.9,25.2,4,90,1.0,0.0,0.0,0.03,0.03,0.0,0.0,4.0,0.04,1.0,1.382920183241367,0,0.2182478686397319,1,1,4,0,1,0.07,0.07,3.172991474558928,11,7.827,62.0,1.0
116,2,Dunk,Brighton,Coventry,False,4.5,1.5,4,90,1.0,1.0,0.0,0.03,0.03,1.0,1.0,0.0,0.03,0.0,1.382920183241367,0,0.2182478686397319,1,5,2,1,6,0.06,0.06,3.1429914745589276,12,8.857,103.0,0.0
117,2,Coppola,Brighton,Coventry,False,4.5,0.0,4,0,0.0,0.0,0.0,0.0,0.0,0.0,,0.0,0.0,0.0,1.382920183241367,0,0.2182478686397319,1,0,0,0,0,0.0,0.0,0.0,0,0.0,,
118,2,Igor,Brighton,Coventry,False,4.5,0.0,4,0,0.0,0.0,0.0,0.0,0.0,0.0,,0.0,0.0,0.0,1.382920183241367,0,0.2182478686397319,1,0,0,0,0,0.0,0.0,0.0,0,0.0,,
119,2,Costinha,Brighton,Coventry,False,4.5,0.0,4,6,0.0,0.0,0.0,0.0,0.0,0.0,,0.0,0.0,0.0,1.382920183241367,0,0.2182478686397319,1,1,1,0,1,0.0,0.0,1.0,1,0.0,11.0,0.0
120,2,Svoboda,Brighton,Coventry,False,5.0,0.1,4,0,0.0,0.0,0.0,0.0,0.0,0.0,,0.0,0.0,0.0,1.382920183241367,0,0.2182478686397319,1,0,0,0,0,0.0,0.0,0.0,0,0.0,,
121,3,Mitoma,Brighton,Coventry,False,5.9,0.0,4,0,0.0,0.0,0.0,0.0,0.0,0.0,,0.0,0.0,0.0,1.382920183241367,0,0.2182478686397319,1,0,0,0,0,0.0,0.0,0.0,0,0.0,,
122,3,Minteh,Brighton,Coventry,False,5.9,0.0,4,0,0.0,0.0,0.0,0.0,0.0,0.0,,0.0,0.0,0.0,1.382920183241367,0,0.2182478686397319,1,0,0,0,0,0.0,0.0,0.0,0,0.0,,
123,3,Hinshelwood,Brighton,Coventry,False,5.9,0.6,4,0,0.0,0.0,0.0,0.0,0.0,0.0,,0.0,0.0,0.0,1.382920183241367,0,0.2182478686397319,1,0,0,0,0,0.0,0.0,0.0,0,0.0,,
124,3,Groß,Brighton,Coventry,False,5.7,21.5,4,90,2.0,1.0,1.0,0.82,0.03159999999999996,1.0,0.0,6.0,0.19,2.0,1.382920183241367,0,0.2182478686397319,1,2,2,2,6,1.01,0.22159999999999996,9.888247868639732,17,7.112,113.0,1.0
125,4,Georginio,Brighton,Coventry,False,5.4,0.5,4,0,0.0,0.0,0.0,0.0,0.0,0.0,,0.0,0.0,0.0,1.382920183241367,0,0.2182478686397319,1,0,0,0,0,0.0,0.0,0.0,0,0.0,,
126,3,O'Riley,Brighton,Coventry,False,5.4,0.1,4,6,0.0,0.0,0.0,0.0,0.0,0.0,,1.0,0.01,0.0,1.382920183241367,0,0.2182478686397319,1,0,1,0,1,0.01,0.01,1.03,1,-0.03,2.0,0.0
127,3,Gomez,Brighton,Coventry,False,5.0,4.2,4,83,2.0,0.0,2.0,0.14,0.14,0.0,0.0,0.0,0.06,0.0,1.382920183241367,0,0.2182478686397319,1,1,2,0,3,0.2,0.2,3.0982478686397323,3,-0.098,38.0,2.0
128,3,Buonanotte,Brighton,Coventry,False,5.0,0.0,4,0,0.0,0.0,0.0,0.0,0.0,0.0,,0.0,0.0,0.0,1.382920183241367,0,0.2182478686397319,1,0,0,0,0,0.0,0.0,0.0,0,0.0,,
129,3,Ayari,Brighton,Coventry,False,5.4,0.4,4,90,4.0,2.0,1.0,0.31,0.31,1.0,1.0,0.0,0.03,0.0,1.382920183241367,0,0.2182478686397319,1,0,6,1,7,0.33999999999999997,0.33999999999999997,3.858247868639732,8,4.142,57.0,1.0
130,2,Wieffer,Brighton,Coventry,False,4.9,0.2,4,0,0.0,0.0,0.0,0.0,0.0,0.0,,0.0,0.0,0.0,1.382920183241367,0,0.2182478686397319,1,0,0,0,0,0.0,0.0,0.0,0,0.0,,
131,3,Baleba,Man Utd,Man City,True,4.9,0.1,4,0,0.0,0.0,0.0,0.0,0.0,0.0,,0.0,0.0,0.0,1.0954809617251156,1,0.25271986000845004,0,0,0,0,0,0.0,0.0,0.0,0,0.0,,
132,3,Howell,Brighton,Coventry,False,4.5,0.0,4,0,0.0,0.0,0.0,0.0,0.0,0.0,,0.0,0.0,0.0,1.382920183241367,0,0.2182478686397319,1,0,0,0,0,0.0,0.0,0.0,0,0.0,,
133,3,Watson,Brighton,Coventry,False,5.0,0.0,4,0,0.0,0.0,0.0,0.0,0.0,0.0,,0.0,0.0,0.0,1.382920183241367,0,0.2182478686397319,1,0,0,0,0,0.0,0.0,0.0,0,0.0,,
134,3,Oriola,Brighton,Coventry,False,4.5,0.2,4,0,0.0,0.0,0.0,0.0,0.0,0.0,,0.0,0.0,0.0,1.382920183241367,0,0.2182478686397319,1,0,0,0,0,0.0,0.0,0.0,0,0.0,,
135,3,Yohanna,Brighton,Coventry,False,4.9,0.0,4,0,0.0,0.0,0.0,0.0,0.0,0.0,,0.0,0.0,0.0,1.382920183241367,0,0.2182478686397319,1,0,0,0,0,0.0,0.0,0.0,0,0.0,,
136,4,Welbeck,Chelsea,Hull,True,5.9,1.0,4,12,0.0,0.0,0.0,0.0,0.0,0.0,,1.0,0.06,0.0,1.3951185727491968,2,0.19540491243375674,0,1,0,0,1,0.06,0.06,1.18,1,-0.18,6.0,2.0
137,4,Tzimas,Brighton,Coventry,False,5.4,0.0,4,0,0.0,0.0,0.0,0.0,0.0,0.0,,0.0,0.0,0.0,1.382920183241367,0,0.2182478686397319,1,0,0,0,0,0.0,0.0,0.0,0,0.0,,
138,4,Kostoulas,Brighton,Coventry,False,5.5,1.0,4,83,3.0,1.0,3.0,0.39,0.39,1.0,1.0,0.0,0.01,0.0,1.382920183241367,0,0.2182478686397319,1,2,4,1,7,0.4,0.4,3.59,10,6.41,30.0,8.0
139,4,Ferguson,Brighton,Coventry,False,5.0,0.0,4,0,0.0,0.0,0.0,0.0,0.0,0.0,,0.0,0.0,0.0,1.382920183241367,0,0.2182478686397319,1,0,0,0,0,0.0,0.0,0.0,0,0.0,,
140,1,Sánchez,Chelsea,Hull,True,4.9,0.7,4,0,0.0,0.0,0.0,0.0,0.0,0.0,,0.0,0.0,0.0,1.3951185727491968,2,0.19540491243375674,0,0,0,0,0,0.0,0.0,0.0,0,0.0,,
141,1,Jörgensen,Chelsea,Hull,True,5.0,0.0,4,0,0.0,0.0,0.0,0.0,0.0,0.0,,0.0,0.0,0.0,1.3951185727491968,2,0.19540491243375674,0,0,0,0,0,0.0,0.0,0.0,0,0.0,,
142,2,James,Chelsea,Hull,True,5.4,6.5,4,90,3.0,2.0,0.0,0.16,0.16,0.0,0.0,0.0,0.14,0.0,1.3951185727491968,2,0.19540491243375674,0,2,4,2,4,0.30000000000000004,0.30000000000000004,4.161619649735027,1,-3.162,110.0,0.0
143,2,Chalobah,Chelsea,Hull,True,5.5,0.1,4,0,0.0,0.0,0.0,0.0,0.0,0.0,,0.0,0.0,0.0,1.3951185727491968,2,0.19540491243375674,0,0,0,0,0,0.0,0.0,0.0,0,0.0,,
144,2,Gusto,Chelsea,Hull,True,5.0,1.0,4,77,1.0,0.0,0.0,0.04,0.04,0.0,0.0,1.0,0.07,0.0,1.3951185727491968,2,0.19540491243375674,0,5,4,0,5,0.11000000000000001,0.11000000000000001,3.231619649735027,1,-2.232,73.0,2.0
145,2,Fofana,Chelsea,Hull,True,5.0,0.2,4,85,0.0,0.0,0.0,0.0,0.0,0.0,,0.0,0.03,0.0,1.3951185727491968,2,0.19540491243375674,0,4,4,2,6,0.03,0.03,2.8716196497350266,1,-1.872,100.0,2.0
146,2,B.Badiashile,Chelsea,Hull,True,4.5,0.0,4,0,0.0,0.0,0.0,0.0,0.0,0.0,,0.0,0.0,0.0,1.3951185727491968,2,0.19540491243375674,0,0,0,0,0,0.0,0.0,0.0,0,0.0,,
147,2,Tosin,Spurs,Everton,True,4.4,0.2,4,5,0.0,0.0,0.0,0.0,0.0,0.0,,0.0,0.0,0.0,1.1130166370421641,0,0.2975326785950117,1,2,1,2,4,0.0,0.0,1.0,1,0.0,11.0,0.0
148,2,Hato,Chelsea,Hull,True,4.5,0.9,4,45,0.0,0.0,0.0,0.0,0.0,0.0,,0.0,0.1,0.0,1.3951185727491968,2,0.19540491243375674,0,2,2,1,3,0.1,0.1,1.3,0,-1.3,25.0,1.0
149,2,Colwill,Chelsea,Hull,True,4.8,0.9,4,90,0.0,0.0,0.0,0.0,0.0,0.0,,1.0,0.01,0.0,1.3951185727491968,2,0.19540491243375674,0,6,6,0,6,0.01,0.01,2.8116196497350265,1,-1.812,80.0,2.0
150,2,M.Sarr,Chelsea,Hull,True,4.5,0.0,4,0,0.0,0.0,0.0,0.0,0.0,0.0,,0.0,0.0,0.0,1.3951185727491968,2,0.19540491243375674,0,0,0,0,0,0.0,0.0,0.0,0,0.0,,
151,2,Acheampong,Chelsea,Hull,True,4.5,0.4,4,0,0.0,0.0,0.0,0.0,0.0,0.0,,0.0,0.0,0.0,1.3951185727491968,2,0.19540491243375674,0,0,0,0,0,0.0,0.0,0.0,0,0.0,,
152,2,Palestra,Chelsea,Hull,True,5.3,0.6,4,0,0.0,0.0,0.0,0.0,0.0,0.0,,0.0,0.0,0.0,1.3951185727491968,2,0.19540491243375674,0,0,0,0,0,0.0,0.0,0.0,0,0.0,,
153,2,Disasi,Crystal Palace,Ipswich,True,4.5,0.1,4,33,0.0,0.0,0.0,0.0,0.0,0.0,,0.0,0.0,0.0,1.6886881142854686,3,0.12416813694485454,0,6,2,0,6,0.0,0.0,-2.0,-3,-1.0,29.0,0.0
154,3,Palmer,Chelsea,Hull,True,9.7,27.0,4,90,3.0,0.0,1.0,0.13,0.13,0.0,0.0,3.0,0.25,1.0,1.3951185727491968,2,0.19540491243375674,0,0,3,0,3,0.38,0.38,3.595404912433757,5,1.405,52.0,4.0
155,3,Enzo,Man City,Man Utd,False,6.9,3.5,4,81,2.0,1.0,0.0,0.18,0.18,0.0,0.0,1.0,0.13,0.0,0.9992459658533328,0,0.3224062098837196,1,4,4,2,10,0.31,0.31,2.6124062098837197,2,-0.612,55.0,3.0
156,3,Neto,Chelsea,Hull,True,6.5,1.4,4,85,1.0,1.0,1.0,0.05,0.05,0.0,0.0,1.0,0.1,0.0,1.3951185727491968,2,0.19540491243375674,0,3,3,1,7,0.15000000000000002,0.15000000000000002,2.7454049124337567,2,-0.745,78.0,6.0
157,3,Estêvão,Chelsea,Hull,True,6.3,0.7,4,4,1.0,1.0,1.0,0.03,0.03,0.0,0.0,0.0,0.07,0.0,1.3951185727491968,2,0.19540491243375674,0,0,0,1,1,0.1,0.1,1.3599999999999999,1,-0.36,7.0,3.0
158,3,Gittens,Chelsea,Hull,True,5.9,0.0,4,0,0.0,0.0,0.0,0.0,0.0,0.0,,0.0,0.0,0.0,1.3951185727491968,2,0.19540491243375674,0,0,0,0,0,0.0,0.0,0.0,0,0.0,,
159,3,Caicedo,Chelsea,Hull,True,5.3,1.1,4,0,0.0,0.0,0.0,0.0,0.0,0.0,,0.0,0.0,0.0,1.3951185727491968,2,0.19540491243375674,0,0,0,0,0,0.0,0.0,0.0,0,0.0,,
160,3,Garnacho,Aston Villa,Nott'm Forest,True,5.8,0.3,4,0,0.0,0.0,0.0,0.0,0.0,0.0,,0.0,0.0,0.0,1.9829769544303406,2,0.11761994623352535,0,0,0,0,0,0.0,0.0,0.0,0,0.0,,
161,3,Lavia,Chelsea,Hull,True,5.0,0.2,4,68,0.0,0.0,0.0,0.0,0.0,0.0,,0.0,0.07,0.0,1.3951185727491968,2,0.19540491243375674,0,3,5,1,9,0.07,0.07,2.405404912433757,2,-0.405,56.0,0.0
162,3,Andrey Santos,Man Utd,Man City,True,4.8,0.6,4,0,0.0,0.0,0.0,0.0,0.0,0.0,,0.0,0.0,0.0,1.0954809617251156,1,0.25271986000845004,0,0,0,0,0,0.0,0.0,0.0,0,0.0,,
163,3,D.Essugo,Chelsea,Hull,True,4.5,0.1,4,0,0.0,0.0,0.0,0.0,0.0,0.0,,0.0,0.0,0.0,1.3951185727491968,2,0.19540491243375674,0,0,0,0,0,0.0,0.0,0.0,0,0.0,,
164,3,Quenda,Chelsea,Hull,True,5.3,0.0,4,0,0.0,0.0,0.0,0.0,0.0,0.0,,0.0,0.0,0.0,1.3951185727491968,2,0.19540491243375674,0,0,0,0,0,0.0,0.0,0.0,0,0.0,,
165,4,João Pedro,Chelsea,Hull,True,7.8,68.4,4,90,1.0,1.0,1.0,0.29,0.29,1.0,1.0,1.0,0.04,1.0,1.3951185727491968,2,0.19540491243375674,0,2,0,0,2,0.32999999999999996,0.32999999999999996,3.2800000000000002,12,8.72,44.0,8.0
166,4,N.Jackson,Aston Villa,Nott'm Forest,True,6.5,1.2,4,45,0.0,0.0,0.0,0.0,0.0,0.0,,0.0,0.04,0.0,1.9829769544303406,2,0.11761994623352535,0,0,0,0,0,0.04,0.04,0.1200000000000001,0,-0.12,12.0,1.0
167,4,Delap,Nott'm Forest,Aston Villa,False,5.6,2.9,4,90,6.0,1.0,3.0,0.63,0.63,1.0,1.0,1.0,0.08,0.0,0.8427204396575686,1,0.3613028372410574,0,1,2,1,4,0.71,0.71,3.76,5,1.24,33.0,7.0
168,4,Marc Guiu,Chelsea,Hull,True,5.0,0.2,4,0,0.0,0.0,0.0,0.0,0.0,0.0,,0.0,0.0,0.0,1.3951185727491968,2,0.19540491243375674,0,0,0,0,0,0.0,0.0,0.0,0,0.0,,
169,4,Mheuka,Chelsea,Hull,True,4.5,0.5,4,0,0.0,0.0,0.0,0.0,0.0,0.0,,0.0,0.0,0.0,1.3951185727491968,2,0.19540491243375674,0,0,0,0,0,0.0,0.0,0.0,0,0.0,,
170,4,Emegha,Chelsea,Hull,True,5.0,0.1,4,0,0.0,0.0,0.0,0.0,0.0,0.0,,0.0,0.0,0.0,1.3951185727491968,2,0.19540491243375674,0,0,0,0,0,0.0,0.0,0.0,0,0.0,,
171,1,Dovin,Coventry,Brighton,True,4.0,1.0,4,0,0.0,0.0,0.0,0.0,0.0,0.0,,0.0,0.0,0.0,2.8063656855762,5,0.022170374226685937,0,0,0,0,0,0.0,0.0,0.0,0,0.0,,
172,1,Wilson,Coventry,Brighton,True,4.4,0.4,4,0,0.0,0.0,0.0,0.0,0.0,0.0,,0.0,0.0,0.0,2.8063656855762,5,0.022170374226685937,0,0,0,0,0,0.0,0.0,0.0,0,0.0,,
173,2,Thomas,Coventry,Brighton,True,4.0,8.6,4,90,3.0,0.0,3.0,0.19,0.19,0.0,0.0,0.0,0.07,0.0,2.8063656855762,5,0.022170374226685937,0,8,2,0,8,0.26,0.26,2.4386814969067436,0,-2.439,41.0,7.0
174,2,Kitching,Coventry,Brighton,True,4.0,0.4,4,0,0.0,0.0,0.0,0.0,0.0,0.0,,0.0,0.0,0.0,2.8063656855762,5,0.022170374226685937,0,0,0,0,0,0.0,0.0,0.0,0,0.0,,
175,2,van Ewijk,Coventry,Brighton,True,4.0,9.5,4,90,0.0,0.0,0.0,0.0,0.0,0.0,,1.0,0.04,0.0,2.8063656855762,5,0.022170374226685937,0,6,3,1,7,0.04,0.04,1.2086814969067436,0,-1.209,49.0,2.0
176,2,Dasilva,Coventry,Brighton,True,4.0,0.7,4,90,0.0,0.0,0.0,0.0,0.0,0.0,,2.0,0.33,0.0,2.8063656855762,5,0.022170374226685937,0,3,3,0,3,0.33,0.33,2.0786814969067438,0,-2.079,27.0,0.0
177,2,Kesler-Hayden,Coventry,Brighton,True,3.9,0.0,4,0,0.0,0.0,0.0,0.0,0.0,0.0,,0.0,0.0,0.0,2.8063656855762,5,0.022170374226685937,0,0,0,0,0,0.0,0.0,0.0,0,0.0,,
178,2,Bidwell,Coventry,Brighton,True,4.0,0.1,4,0,0.0,0.0,0.0,0.0,0.0,0.0,,0.0,0.0,0.0,2.8063656855762,5,0.022170374226685937,0,0,0,0,0,0.0,0.0,0.0,0,0.0,,
179,2,Latibeaudiere,Coventry,Brighton,True,4.0,0.0,4,0,0.0,0.0,0.0,0.0,0.0,0.0,,0.0,0.0,0.0,2.8063656855762,5,0.022170374226685937,0,0,0,0,0,0.0,0.0,0.0,0,0.0,,
180,2,Woolfenden,Coventry,Brighton,True,4.0,0.1,4,0,0.0,0.0,0.0,0.0,0.0,0.0,,0.0,0.0,0.0,2.8063656855762,5,0.022170374226685937,0,0,0,0,0,0.0,0.0,0.0,0,0.0,,
181,2,Brau,Coventry,Brighton,True,4.0,0.0,4,0,0.0,0.0,0.0,0.0,0.0,0.0,,0.0,0.0,0.0,2.8063656855762,5,0.022170374226685937,0,0,0,0,0,0.0,0.0,0.0,0,0.0,,
182,2,Amenda,Coventry,Brighton,True,4.0,0.7,4,90,0.0,0.0,0.0,0.0,0.0,0.0,,1.0,0.0,0.0,2.8063656855762,5,0.022170374226685937,0,8,0,0,8,0.0,0.0,1.0886814969067435,0,-1.089,37.0,2.0
183,3,Rudoni,Coventry,Brighton,True,4.9,0.1,4,72,2.0,1.0,2.0,0.33,0.33,0.0,0.0,4.0,0.73,0.0,2.8063656855762,5,0.022170374226685937,0,2,3,0,5,1.06,1.06,7.862170374226686,2,-5.862,36.0,4.0
184,3,Grimes,Coventry,Brighton,True,4.9,0.1,4,83,1.0,0.0,0.0,0.05,0.05,0.0,0.0,0.0,0.02,0.0,2.8063656855762,5,0.022170374226685937,0,1,1,1,3,0.07,0.07,2.332170374226686,2,-0.332,31.0,0.0
185,3,Sakamoto,Coventry,Brighton,True,4.8,0.1,4,0,0.0,0.0,0.0,0.0,0.0,0.0,,0.0,0.0,0.0,2.8063656855762,5,0.022170374226685937,0,0,0,0,0,0.0,0.0,0.0,0,0.0,,
186,3,Mason-Clark,Coventry,Brighton,True,5.4,0.1,4,59,3.0,2.0,3.0,0.49,0.49,0.0,0.0,0.0,0.01,0.0,2.8063656855762,5,0.022170374226685937,0,2,2,0,4,0.5,0.5,3.48,1,-2.48,20.0,4.0
187,3,Eccles,Coventry,Brighton,True,4.9,0.0,4,0,0.0,0.0,0.0,0.0,0.0,0.0,,0.0,0.0,0.0,2.8063656855762,5,0.022170374226685937,0,0,0,0,0,0.0,0.0,0.0,0,0.0,,
188,3,Torp,Coventry,Brighton,True,5.3,0.1,4,6,0.0,0.0,0.0,0.0,0.0,0.0,,0.0,0.0,0.0,2.8063656855762,5,0.022170374226685937,0,0,0,0,0,0.0,0.0,1.0,1,0.0,5.0,0.0
189,3,Shepherd,Coventry,Brighton,True,4.4,0.2,4,0,0.0,0.0,0.0,0.0,0.0,0.0,,0.0,0.0,0.0,2.8063656855762,5,0.022170374226685937,0,0,0,0,0,0.0,0.0,0.0,0,0.0,,
190,3,Tchaouna,Coventry,Brighton,True,5.4,0.1,4,0,0.0,0.0,0.0,0.0,0.0,0.0,,0.0,0.0,0.0,2.8063656855762,5,0.022170374226685937,0,0,0,0,0,0.0,0.0,0.0,0,0.0,,
191,3,Borges Rodrigues,Coventry,Brighton,True,4.5,0.1,4,0,0.0,0.0,0.0,0.0,0.0,0.0,,0.0,0.0,0.0,2.8063656855762,5,0.022170374226685937,0,0,0,0,0,0.0,0.0,0.0,0,0.0,,
192,3,Andrews,Coventry,Brighton,True,4.5,0.3,4,0,0.0,0.0,0.0,0.0,0.0,0.0,,0.0,0.0,0.0,2.8063656855762,5,0.022170374226685937,0,0,0,0,0,0.0,0.0,0.0,0,0.0,,
193,4,Wright,Coventry,Brighton,True,5.4,0.1,4,0,0.0,0.0,0.0,0.0,0.0,0.0,,0.0,0.0,0.0,2.8063656855762,5,0.022170374226685937,0,0,0,0,0,0.0,0.0,0.0,0,0.0,,
194,4,Thomas-Asante,Coventry,Brighton,True,5.0,0.7,4,17,2.0,2.0,1.0,0.21,0.21,0.0,0.0,0.0,0.03,0.0,2.8063656855762,5,0.022170374226685937,0,0,0,0,0,0.24,0.24,1.93,1,-0.93,7.0,2.0
195,4,Simms,Coventry,Brighton,True,5.0,0.7,4,0,0.0,0.0,0.0,0.0,0.0,0.0,,0.0,0.0,0.0,2.8063656855762,5,0.022170374226685937,0,0,0,0,0,0.0,0.0,0.0,0,0.0,,
196,4,Markelo,Coventry,Brighton,True,5.0,0.0,4,0,0.0,0.0,0.0,0.0,0.0,0.0,,0.0,0.0,0.0,2.8063656855762,5,0.022170374226685937,0,0,0,0,0,0.0,0.0,0.0,0,0.0,,
197,4,Bassette,Coventry,Brighton,True,4.5,0.0,4,0,0.0,0.0,0.0,0.0,0.0,0.0,,0.0,0.0,0.0,2.8063656855762,5,0.022170374226685937,0,0,0,0,0,0.0,0.0,0.0,0,0.0,,
198,1,Henderson,Crystal Palace,Ipswich,True,5.0,1.4,4,0,0.0,0.0,0.0,0.0,0.0,0.0,,0.0,0.0,0.0,1.6886881142854686,3,0.12416813694485454,0,0,0,0,0,0.0,0.0,0.0,0,0.0,,
199,1,Benitez,Crystal Palace,Ipswich,True,4.5,0.1,4,90,0.0,0.0,0.0,0.0,0.0,0.0,,0.0,0.0,0.0,1.6886881142854686,3,0.12416813694485454,0,1,7,0,0,0.0,0.0,3.496672547779418,2,-1.497,38.0,0.0
200,2,Lacroix,Chelsea,Hull,True,5.9,7.0,4,4,0.0,0.0,0.0,0.0,0.0,0.0,,0.0,0.0,0.0,1.3951185727491968,2,0.19540491243375674,0,2,0,1,3,0.0,0.0,1.0,1,0.0,9.0,0.0
201,2,Muñoz,Nott'm Forest,Aston Villa,False,5.4,6.0,4,90,1.0,1.0,1.0,0.22,0.22,0.0,0.0,4.0,0.18,0.0,0.8427204396575686,1,0.3613028372410574,0,3,4,4,7,0.4,0.4,5.30521134896423,2,-3.305,63.0,4.0
202,2,Richards,Crystal Palace,Ipswich,True,5.0,0.6,4,90,0.0,0.0,0.0,0.0,0.0,0.0,,0.0,0.06,0.0,1.6886881142854686,3,0.12416813694485454,0,12,6,1,13,0.06,0.06,3.676672547779418,2,-1.677,73.0,0.0
203,2,Canvot,Crystal Palace,Ipswich,True,4.8,0.2,4,0,0.0,0.0,0.0,0.0,0.0,0.0,,0.0,0.0,0.0,1.6886881142854686,3,0.12416813694485454,0,0,0,0,0,0.0,0.0,0.0,0,0.0,,
204,2,Mitchell,Crystal Palace,Ipswich,True,4.5,6.1,4,76,0.0,0.0,0.0,0.0,0.0,0.0,,1.0,0.06,0.0,1.6886881142854686,3,0.12416813694485454,0,1,8,0,1,0.06,0.06,2.676672547779418,1,-1.677,51.0,0.0
205,2,Sosa,Crystal Palace,Ipswich,True,4.5,0.0,4,0,0.0,0.0,0.0,0.0,0.0,0.0,,0.0,0.0,0.0,1.6886881142854686,3,0.12416813694485454,0,0,0,0,0,0.0,0.0,0.0,0,0.0,,
206,2,Chadi Riad,Crystal Palace,Ipswich,True,4.3,0.0,4,0,0.0,0.0,0.0,0.0,0.0,0.0,,0.0,0.0,0.0,1.6886881142854686,3,0.12416813694485454,0,0,0,0,0,0.0,0.0,0.0,0,0.0,,
207,2,Mingueza,Crystal Palace,Ipswich,True,4.4,0.1,4,0,0.0,0.0,0.0,0.0,0.0,0.0,,0.0,0.0,0.0,1.6886881142854686,3,0.12416813694485454,0,0,0,0,0,0.0,0.0,0.0,0,0.0,,
208,3,Sarr,Crystal Palace,Ipswich,True,6.2,0.6,4,0,0.0,0.0,0.0,0.0,0.0,0.0,,0.0,0.0,0.0,1.6886881142854686,3,0.12416813694485454,0,0,0,0,0,0.0,0.0,0.0,0,0.0,,
209,3,Johnson,Everton,Spurs,False,5.9,0.1,4,74,1.0,0.0,1.0,0.16,0.16,0.0,0.0,2.0,0.18,0.0,0.6944563966244452,0,0.48600285629036905,1,2,2,2,6,0.33999999999999997,0.33999999999999997,3.826002856290369,3,-0.826,25.0,2.0
210,3,Wharton,Crystal Palace,Ipswich,True,5.5,0.8,4,76,1.0,0.0,0.0,0.08,0.08,0.0,0.0,1.0,0.04,0.0,1.6886881142854686,3,0.12416813694485454,0,1,3,1,5,0.12,0.12,2.6441681369448546,2,-0.644,45.0,1.0
211,3,Yeremy,Crystal Palace,Ipswich,True,5.5,0.4,4,36,0.0,0.0,0.0,0.0,0.0,0.0,,0.0,0.01,0.0,1.6886881142854686,3,0.12416813694485454,0,0,1,0,1,0.01,0.01,1.03,1,-0.03,21.0,1.0
212,3,Hughes,Crystal Palace,Ipswich,True,4.4,7.7,4,13,0.0,0.0,0.0,0.0,0.0,0.0,,1.0,0.04,0.0,1.6886881142854686,3,0.12416813694485454,0,1,2,1,4,0.04,0.04,1.12,1,-0.12,15.0,0.0
213,3,Lerma,Crystal Palace,Ipswich,True,4.9,0.1,4,6,0.0,0.0,0.0,0.0,0.0,0.0,,0.0,0.0,0.0,1.6886881142854686,3,0.12416813694485454,0,1,0,0,1,0.0,0.0,1.0,1,0.0,6.0,0.0
214,3,Kamada,Crystal Palace,Ipswich,True,5.0,0.5,4,83,0.0,0.0,0.0,0.0,0.0,0.0,,2.0,0.05,2.0,1.6886881142854686,3,0.12416813694485454,0,0,0,1,1,0.05,0.05,2.2741681369448545,8,5.726,25.0,1.0
215,3,Devenny,Crystal Palace,Ipswich,True,5.0,0.0,4,0,0.0,0.0,0.0,0.0,0.0,0.0,,0.0,0.0,0.0,1.6886881142854686,3,0.12416813694485454,0,0,0,0,0,0.0,0.0,0.0,0,0.0,,
216,3,Esse,Crystal Palace,Ipswich,True,5.0,0.0,4,0,0.0,0.0,0.0,0.0,0.0,0.0,,0.0,0.0,0.0,1.6886881142854686,3,0.12416813694485454,0,0,0,0,0,0.0,0.0,0.0,0,0.0,,
217,3,M.França,Crystal Palace,Ipswich,True,4.9,0.0,4,0,0.0,0.0,0.0,0.0,0.0,0.0,,0.0,0.0,0.0,1.6886881142854686,3,0.12416813694485454,0,0,0,0,0,0.0,0.0,0.0,0,0.0,,
218,3,Doucouré,Crystal Palace,Ipswich,True,4.9,0.0,4,0,0.0,0.0,0.0,0.0,0.0,0.0,,0.0,0.0,0.0,1.6886881142854686,3,0.12416813694485454,0,0,0,0,0,0.0,0.0,0.0,0,0.0,,
219,3,J.Rak-Sakyi,Crystal Palace,Ipswich,True,4.9,0.0,4,0,0.0,0.0,0.0,0.0,0.0,0.0,,0.0,0.0,0.0,1.6886881142854686,3,0.12416813694485454,0,0,0,0,0,0.0,0.0,0.0,0,0.0,,
220,2,Cardines,Crystal Palace,Ipswich,True,4.5,0.0,4,0,0.0,0.0,0.0,0.0,0.0,0.0,,0.0,0.0,0.0,1.6886881142854686,3,0.12416813694485454,0,0,0,0,0,0.0,0.0,0.0,0,0.0,,
221,3,Drakes-Thomas,Crystal Palace,Ipswich,True,4.5,0.1,4,0,0.0,0.0,0.0,0.0,0.0,0.0,,0.0,0.0,0.0,1.6886881142854686,3,0.12416813694485454,0,0,0,0,0,0.0,0.0,0.0,0,0.0,,
222,4,Strand Larsen,Crystal Palace,Ipswich,True,6.0,0.6,4,83,3.0,2.0,2.0,0.09,0.09,1.0,1.0,1.0,0.02,0.0,1.6886881142854686,3,0.12416813694485454,0,0,1,1,2,0.11,0.11,2.42,8,5.58,31.0,3.0
223,4,Mateta,Crystal Palace,Ipswich,True,6.3,1.4,4,0,0.0,0.0,0.0,0.0,0.0,0.0,,0.0,0.0,0.0,1.6886881142854686,3,0.12416813694485454,0,0,0,0,0,0.0,0.0,0.0,0,0.0,,
224,4,Nketiah,Crystal Palace,Ipswich,True,5.5,0.5,4,0,0.0,0.0,0.0,0.0,0.0,0.0,,0.0,0.0,0.0,1.6886881142854686,3,0.12416813694485454,0,0,0,0,0,0.0,0.0,0.0,0,0.0,,
225,4,Uche,Crystal Palace,Ipswich,True,5.0,0.0,4,0,0.0,0.0,0.0,0.0,0.0,0.0,,0.0,0.0,0.0,1.6886881142854686,3,0.12416813694485454,0,0,0,0,0,0.0,0.0,0.0,0,0.0,,
226,1,Pickford,Everton,Spurs,False,5.5,9.0,4,90,0.0,0.0,0.0,0.0,0.0,0.0,,0.0,0.0,0.0,0.6944563966244452,0,0.48600285629036905,1,2,11,0,0,0.0,0.0,3.9440114251614764,6,2.056,57.0,0.0
227,1,Travers,Everton,Spurs,False,5.0,0.0,4,0,0.0,0.0,0.0,0.0,0.0,0.0,,0.0,0.0,0.0,0.6944563966244452,0,0.48600285629036905,1,0,0,0,0,0.0,0.0,0.0,0,0.0,,
228,1,King,Everton,Spurs,False,4.5,0.0,4,0,0.0,0.0,0.0,0.0,0.0,0.0,,0.0,0.0,0.0,0.6944563966244452,0,0.48600285629036905,1,0,0,0,0,0.0,0.0,0.0,0,0.0,,
229,2,Tarkowski,Everton,Spurs,False,6.1,14.1,4,90,0.0,0.0,0.0,0.0,0.0,0.0,,0.0,0.01,0.0,0.6944563966244452,0,0.48600285629036905,1,3,3,5,8,0.01,0.01,3.974011425161476,8,4.026,65.0,0.0
230,2,Branthwaite,Everton,Spurs,False,5.5,2.3,4,90,0.0,0.0,0.0,0.0,0.0,0.0,,0.0,0.0,0.0,0.6944563966244452,0,0.48600285629036905,1,8,2,1,9,0.0,0.0,3.9440114251614764,6,2.056,56.0,0.0
231,2,Keane,Everton,Spurs,False,4.8,0.8,4,0,0.0,0.0,0.0,0.0,0.0,0.0,,0.0,0.0,0.0,0.6944563966244452,0,0.48600285629036905,1,0,0,0,0,0.0,0.0,0.0,0,0.0,,
232,2,O'Brien,Everton,Spurs,False,4.9,0.3,4,15,0.0,0.0,0.0,0.0,0.0,0.0,,0.0,0.0,0.0,0.6944563966244452,0,0.48600285629036905,1,1,1,0,1,0.0,0.0,1.0,1,0.0,3.0,0.0
233,2,Mykolenko,Everton,Spurs,False,4.6,4.2,4,90,0.0,0.0,0.0,0.0,0.0,0.0,,1.0,0.07,0.0,0.6944563966244452,0,0.48600285629036905,1,4,4,7,11,0.07,0.07,8.154011425161476,11,2.846,65.0,2.0
234,2,Patterson,Everton,Spurs,False,4.5,0.0,4,0,0.0,0.0,0.0,0.0,0.0,0.0,,0.0,0.0,0.0,0.6944563966244452,0,0.48600285629036905,1,0,0,0,0,0.0,0.0,0.0,0,0.0,,
235,2,Aznou,Everton,Spurs,False,4.0,0.1,4,0,0.0,0.0,0.0,0.0,0.0,0.0,,0.0,0.0,0.0,0.6944563966244452,0,0.48600285629036905,1,0,0,0,0,0.0,0.0,0.0,0,0.0,,
236,3,Dewsbury-Hall,Everton,Spurs,False,6.6,6.2,4,90,3.0,1.0,2.0,0.17,0.17,0.0,0.0,1.0,0.09,0.0,0.6944563966244452,0,0.48600285629036905,1,2,4,0,6,0.26,0.26,2.606002856290369,2,-0.606,59.0,4.0
237,3,Ndiaye,Man City,Man Utd,False,5.8,7.3,4,45,0.0,0.0,0.0,0.0,0.0,0.0,,0.0,0.01,0.0,0.9992459658533328,0,0.3224062098837196,1,3,6,1,10,0.01,0.01,1.03,1,-0.03,38.0,1.0
238,3,Grealish,Everton,Spurs,False,6.5,0.4,4,25,0.0,0.0,0.0,0.0,0.0,0.0,,0.0,0.01,0.0,0.6944563966244452,0,0.48600285629036905,1,2,1,1,4,0.01,0.01,1.03,1,-0.03,17.0,1.0
239,3,Garner,Everton,Spurs,False,6.0,0.2,4,90,1.0,1.0,0.0,0.04,0.04,0.0,0.0,0.0,0.02,0.0,0.6944563966244452,0,0.48600285629036905,1,3,8,6,17,0.06,0.06,3.746002856290369,4,0.254,71.0,0.0
240,3,Iroegbunam,Hull,Chelsea,False,5.0,0.0,4,21,0.0,0.0,0.0,0.0,0.0,0.0,,0.0,0.0,0.0,0.9052383964881296,2,0.3751937369826639,0,1,0,1,2,0.0,0.0,0.0,0,0.0,12.0,0.0
241,3,McNeil,Crystal Palace,Ipswich,True,5.4,0.1,4,0,0.0,0.0,0.0,0.0,0.0,0.0,,0.0,0.0,0.0,1.6886881142854686,3,0.12416813694485454,0,0,0,0,0,0.0,0.0,0.0,0,0.0,,
242,3,George,Everton,Spurs,False,5.5,1.0,4,64,1.0,0.0,1.0,0.05,0.05,0.0,0.0,1.0,0.15,0.0,0.6944563966244452,0,0.48600285629036905,1,1,2,0,3,0.2,0.2,3.1860028562903686,3,-0.186,36.0,1.0
243,3,Alcaraz,Everton,Spurs,False,4.9,0.1,4,0,0.0,0.0,0.0,0.0,0.0,0.0,,0.0,0.0,0.0,0.6944563966244452,0,0.48600285629036905,1,0,0,0,0,0.0,0.0,0.0,0,0.0,,
244,3,Armstrong,Everton,Spurs,False,5.0,0.4,4,90,0.0,0.0,0.0,0.0,0.0,0.0,,0.0,0.02,0.0,0.6944563966244452,0,0.48600285629036905,1,3,2,0,5,0.02,0.02,2.546002856290369,3,0.454,33.0,1.0
245,3,Dibling,Everton,Spurs,False,5.4,0.0,4,0,0.0,0.0,0.0,0.0,0.0,0.0,,0.0,0.0,0.0,0.6944563966244452,0,0.48600285629036905,1,0,0,0,0,0.0,0.0,0.0,0,0.0,,
246,3,Röhl,Everton,Spurs,False,4.9,0.0,4,0,0.0,0.0,0.0,0.0,0.0,0.0,,0.0,0.0,0.0,0.6944563966244452,0,0.48600285629036905,1,0,0,0,0,0.0,0.0,0.0,0,0.0,,
247,3,Hackney,Everton,Spurs,False,5.5,0.2,4,15,0.0,0.0,0.0,0.0,0.0,0.0,,1.0,0.02,0.0,0.6944563966244452,0,0.48600285629036905,1,1,0,0,1,0.02,0.02,1.06,1,-0.06,7.0,2.0
248,4,Beto,Everton,Spurs,False,5.4,0.7,4,0,0.0,0.0,0.0,0.0,0.0,0.0,,0.0,0.0,0.0,0.6944563966244452,0,0.48600285629036905,1,0,0,0,0,0.0,0.0,0.0,0,0.0,,
249,4,Barry,Everton,Spurs,False,5.6,7.9,4,90,5.0,1.0,5.0,0.67,0.67,0.0,0.0,1.0,0.03,0.0,0.6944563966244452,0,0.48600285629036905,1,1,1,0,2,0.7000000000000001,0.7000000000000001,5.77,2,-3.77,28.0,6.0
250,1,Leno,Fulham,Liverpool,False,4.5,3.1,4,90,0.0,0.0,0.0,0.0,0.0,0.0,,0.0,0.0,0.0,1.2781016342341893,0,0.24750373946371462,1,1,8,0,0,0.0,0.0,3.9900149578548585,9,5.01,45.0,0.0
251,1,Lecomte,Fulham,Liverpool,False,4.0,1.1,4,0,0.0,0.0,0.0,0.0,0.0,0.0,,0.0,0.0,0.0,1.2781016342341893,0,0.24750373946371462,1,0,0,0,0,0.0,0.0,0.0,0,0.0,,
252,1,McNally,Fulham,Liverpool,False,4.0,0.1,4,0,0.0,0.0,0.0,0.0,0.0,0.0,,0.0,0.0,0.0,1.2781016342341893,0,0.24750373946371462,1,0,0,0,0,0.0,0.0,0.0,0,0.0,,
253,2,Andersen,Fulham,Liverpool,False,5.0,0.1,4,0,0.0,0.0,0.0,0.0,0.0,0.0,,0.0,0.0,0.0,1.2781016342341893,0,0.24750373946371462,1,0,0,0,0,0.0,0.0,0.0,0,0.0,,
254,2,Robinson,Fulham,Liverpool,False,4.5,1.4,4,90,1.0,0.0,1.0,0.05,0.05,0.0,0.0,2.0,0.05,0.0,1.2781016342341893,0,0.24750373946371462,1,7,4,2,9,0.1,0.1,3.4400149578548587,6,2.56,69.0,2.0
255,2,J.Cuenca,Fulham,Liverpool,False,4.5,0.0,4,0,0.0,0.0,0.0,0.0,0.0,0.0,,0.0,0.0,0.0,1.2781016342341893,0,0.24750373946371462,1,0,0,0,0,0.0,0.0,0.0,0,0.0,,
256,2,Tete,Fulham,Liverpool,False,4.4,0.2,4,27,0.0,0.0,0.0,0.0,0.0,0.0,,0.0,0.0,0.0,1.2781016342341893,0,0.24750373946371462,1,3,0,0,3,0.0,0.0,0.0,0,0.0,14.0,1.0
257,2,Bassey,Fulham,Liverpool,False,4.5,0.7,4,90,1.0,1.0,1.0,0.05,0.05,0.0,0.0,0.0,0.0,0.0,1.2781016342341893,0,0.24750373946371462,1,7,3,1,8,0.05,0.05,3.2900149578548588,6,2.71,40.0,3.0
258,2,Castagne,Fulham,Liverpool,False,4.5,0.9,4,71,0.0,0.0,0.0,0.0,0.0,0.0,,0.0,0.01,0.0,1.2781016342341893,0,0.24750373946371462,1,3,3,2,5,0.01,0.01,3.0200149578548583,6,2.98,58.0,1.0
259,2,Diop,Ipswich,Crystal Palace,False,4.0,13.2,4,90,0.0,0.0,0.0,0.0,0.0,0.0,,0.0,0.13,0.0,0.6158586251549418,2,0.5245869211360116,0,6,5,1,7,0.13,0.13,4.488347684544046,1,-3.488,71.0,1.0
260,3,Wilson,Leeds,Newcastle,True,6.2,2.0,4,18,0.0,0.0,0.0,0.0,0.0,0.0,,0.0,0.03,0.0,0.8779355892911551,2,0.3714768255626246,0,1,0,1,2,0.03,0.03,1.09,1,-0.09,9.0,0.0
261,3,Iwobi,Fulham,Liverpool,False,5.4,0.7,4,76,2.0,0.0,2.0,0.15,0.15,0.0,0.0,2.0,0.11,0.0,1.2781016342341893,0,0.24750373946371462,1,0,3,1,4,0.26,0.26,3.327503739463715,3,-0.328,49.0,2.0
262,3,Smith Rowe,Fulham,Liverpool,False,5.4,0.2,4,13,0.0,0.0,0.0,0.0,0.0,0.0,,0.0,0.0,0.0,1.2781016342341893,0,0.24750373946371462,1,1,1,0,2,0.0,0.0,1.0,1,0.0,6.0,0.0
263,3,Kevin,Fulham,Liverpool,False,5.3,0.0,4,18,1.0,0.0,0.0,0.03,0.03,0.0,0.0,0.0,0.07,0.0,1.2781016342341893,0,0.24750373946371462,1,0,2,1,3,0.1,0.1,1.3599999999999999,1,-0.36,10.0,0.0
264,3,Bobb,Fulham,Liverpool,False,5.5,0.3,4,62,0.0,0.0,0.0,0.0,0.0,0.0,,2.0,0.13,0.0,1.2781016342341893,0,0.24750373946371462,1,2,4,1,7,0.13,0.13,2.637503739463715,3,0.362,33.0,2.0
265,3,Berge,Fulham,Liverpool,False,4.9,0.3,4,90,0.0,0.0,0.0,0.0,0.0,0.0,,1.0,0.01,0.0,1.2781016342341893,0,0.24750373946371462,1,4,2,3,9,0.01,0.01,2.2775037394637145,3,0.722,60.0,3.0
266,3,Cairney,Fulham,Liverpool,False,4.9,0.0,4,0,0.0,0.0,0.0,0.0,0.0,0.0,,0.0,0.0,0.0,1.2781016342341893,0,0.24750373946371462,1,0,0,0,0,0.0,0.0,0.0,0,0.0,,
267,3,Lukić,Ipswich,Crystal Palace,False,5.0,0.1,4,76,0.0,0.0,0.0,0.0,0.0,0.0,,2.0,0.1,0.0,0.6158586251549418,2,0.5245869211360116,0,5,4,1,10,0.1,0.1,1.824586921136012,1,-0.825,52.0,1.0
268,3,King,Fulham,Liverpool,False,5.5,2.1,4,76,4.0,2.0,3.0,0.21,0.21,0.0,0.0,1.0,0.09,0.0,1.2781016342341893,0,0.24750373946371462,1,0,2,2,4,0.3,0.3,3.567503739463715,3,-0.568,36.0,5.0
269,2,Sessegnon,Fulham,Liverpool,False,4.4,0.3,4,0,0.0,0.0,0.0,0.0,0.0,0.0,,0.0,0.0,0.0,1.2781016342341893,0,0.24750373946371462,1,0,0,0,0,0.0,0.0,0.0,0,0.0,,
270,3,Reed,Fulham,Liverpool,False,4.4,1.2,4,0,0.0,0.0,0.0,0.0,0.0,0.0,,0.0,0.0,0.0,1.2781016342341893,0,0.24750373946371462,1,0,0,0,0,0.0,0.0,0.0,0,0.0,,
271,4,Muniz,Fulham,Liverpool,False,5.4,0.4,4,13,0.0,0.0,0.0,0.0,0.0,0.0,,0.0,0.0,0.0,1.2781016342341893,0,0.24750373946371462,1,1,0,0,1,0.0,0.0,1.0,1,0.0,6.0,1.0
272,4,Kusi-Asare,Fulham,Liverpool,False,4.5,5.6,4,0,0.0,0.0,0.0,0.0,0.0,0.0,,0.0,0.0,0.0,1.2781016342341893,0,0.24750373946371462,1,0,0,0,0,0.0,0.0,0.0,0,0.0,,
273,1,Phillips,Hull,Chelsea,False,4.0,1.4,4,0,0.0,0.0,0.0,0.0,0.0,0.0,,0.0,0.0,0.0,0.9052383964881296,2,0.3751937369826639,0,0,0,0,0,0.0,0.0,0.0,0,0.0,,
274,1,Butland,Hull,Chelsea,False,4.5,0.1,4,0,0.0,0.0,0.0,0.0,0.0,0.0,,0.0,0.0,0.0,0.9052383964881296,2,0.3751937369826639,0,0,0,0,0,0.0,0.0,0.0,0,0.0,,
275,1,Cartwright,Hull,Chelsea,False,4.0,0.0,4,0,0.0,0.0,0.0,0.0,0.0,0.0,,0.0,0.0,0.0,0.9052383964881296,2,0.3751937369826639,0,0,0,0,0,0.0,0.0,0.0,0,0.0,,
276,1,Lo-Tutala,Hull,Chelsea,False,4.0,0.0,4,0,0.0,0.0,0.0,0.0,0.0,0.0,,0.0,0.0,0.0,0.9052383964881296,2,0.3751937369826639,0,0,0,0,0,0.0,0.0,0.0,0,0.0,,
277,2,Egan,Hull,Chelsea,False,4.1,7.1,4,90,2.0,0.0,1.0,0.04,0.04,0.0,0.0,0.0,0.0,0.0,0.9052383964881296,2,0.3751937369826639,0,12,6,2,14,0.04,0.04,7.740774947930656,2,-5.741,49.0,1.0
278,2,Hughes,Hull,Chelsea,False,3.9,0.2,4,0,0.0,0.0,0.0,0.0,0.0,0.0,,0.0,0.0,0.0,0.9052383964881296,2,0.3751937369826639,0,0,0,0,0,0.0,0.0,0.0,0,0.0,,
279,2,Ajayi,Hull,Chelsea,False,4.2,14.3,4,90,1.0,0.0,1.0,0.13,0.13,0.0,0.0,0.0,0.0,0.0,0.9052383964881296,2,0.3751937369826639,0,2,2,1,3,0.13,0.13,4.280774947930656,1,-3.281,38.0,2.0
280,2,Coyle,Hull,Chelsea,False,4.0,0.7,4,81,1.0,0.0,1.0,0.13,0.13,0.0,0.0,1.0,0.01,0.0,0.9052383964881296,2,0.3751937369826639,0,2,4,1,3,0.14,0.14,5.310774947930656,1,-4.311,34.0,1.0
281,2,Drameh,Hull,Chelsea,False,4.0,0.0,4,0,0.0,0.0,0.0,0.0,0.0,0.0,,0.0,0.0,0.0,0.9052383964881296,2,0.3751937369826639,0,0,0,0,0,0.0,0.0,0.0,0,0.0,,
282,2,Giles,Hull,Chelsea,False,4.0,2.9,4,90,0.0,0.0,0.0,0.0,0.0,0.0,,2.0,0.17,1.0,0.9052383964881296,2,0.3751937369826639,0,6,2,1,7,0.17,0.17,4.010774947930655,4,-0.011,43.0,0.0
283,2,Jacob,Hull,Chelsea,False,4.0,0.0,4,0,0.0,0.0,0.0,0.0,0.0,0.0,,0.0,0.0,0.0,0.9052383964881296,2,0.3751937369826639,0,0,0,0,0,0.0,0.0,0.0,0,0.0,,
284,2,McCarthy,Hull,Chelsea,False,4.0,0.1,4,0,0.0,0.0,0.0,0.0,0.0,0.0,,0.0,0.0,0.0,0.9052383964881296,2,0.3751937369826639,0,0,0,0,0,0.0,0.0,0.0,0,0.0,,
285,2,McNair,Hull,Chelsea,False,4.0,0.1,4,0,0.0,0.0,0.0,0.0,0.0,0.0,,0.0,0.0,0.0,0.9052383964881296,2,0.3751937369826639,0,0,0,0,0,0.0,0.0,0.0,0,0.0,,
286,3,Belloumi,Hull,Chelsea,False,5.1,4.4,4,59,3.0,2.0,2.0,0.17,0.17,2.0,2.0,1.0,0.06,0.0,0.9052383964881296,2,0.3751937369826639,0,0,0,1,1,0.23,0.23,2.0300000000000002,13,10.97,17.0,3.0
287,3,Millar,Hull,Chelsea,False,5.0,0.0,4,0,0.0,0.0,0.0,0.0,0.0,0.0,,0.0,0.0,0.0,0.9052383964881296,2,0.3751937369826639,0,0,0,0,0,0.0,0.0,0.0,0,0.0,,
288,3,Dowell,Hull,Chelsea,False,4.5,0.3,4,0,0.0,0.0,0.0,0.0,0.0,0.0,,0.0,0.0,0.0,0.9052383964881296,2,0.3751937369826639,0,0,0,0,0,0.0,0.0,0.0,0,0.0,,
289,3,Crooks,Hull,Chelsea,False,4.4,0.5,4,68,0.0,0.0,0.0,0.0,0.0,0.0,,0.0,0.0,0.0,0.9052383964881296,2,0.3751937369826639,0,5,3,2,10,0.0,0.0,1.3751937369826637,1,-0.375,25.0,0.0
290,3,Slater,Hull,Chelsea,False,4.5,5.5,4,90,1.0,1.0,0.0,0.04,0.04,0.0,0.0,2.0,0.1,0.0,0.9052383964881296,2,0.3751937369826639,0,3,5,3,11,0.14,0.14,2.8751937369826637,2,-0.875,41.0,0.0
291,3,Matazo,Hull,Chelsea,False,4.5,0.0,4,0,0.0,0.0,0.0,0.0,0.0,0.0,,0.0,0.0,0.0,0.9052383964881296,2,0.3751937369826639,0,0,0,0,0,0.0,0.0,0.0,0,0.0,,
292,3,Ömür,Hull,Chelsea,False,4.9,0.0,4,0,0.0,0.0,0.0,0.0,0.0,0.0,,0.0,0.0,0.0,0.9052383964881296,2,0.3751937369826639,0,0,0,0,0,0.0,0.0,0.0,0,0.0,,
293,3,Kamara,Hull,Chelsea,False,5.0,0.0,4,0,0.0,0.0,0.0,0.0,0.0,0.0,,0.0,0.0,0.0,0.9052383964881296,2,0.3751937369826639,0,0,0,0,0,0.0,0.0,0.0,0,0.0,,
294,3,Zambrano,Hull,Chelsea,False,4.5,0.1,4,0,0.0,0.0,0.0,0.0,0.0,0.0,,0.0,0.0,0.0,0.9052383964881296,2,0.3751937369826639,0,0,0,0,0,0.0,0.0,0.0,0,0.0,,
295,4,McBurnie,Hull,Chelsea,False,5.5,2.0,4,81,1.0,1.0,1.0,0.33,0.33,0.0,0.0,1.0,0.04,1.0,0.9052383964881296,2,0.3751937369826639,0,2,0,1,3,0.37,0.37,2.4400000000000004,4,1.56,28.0,2.0
296,3,Akintola,Hull,Chelsea,False,5.0,0.0,4,0,0.0,0.0,0.0,0.0,0.0,0.0,,0.0,0.0,0.0,0.9052383964881296,2,0.3751937369826639,0,0,0,0,0,0.0,0.0,0.0,0,0.0,,
297,3,Gyabi,Hull,Chelsea,False,4.5,0.0,4,0,0.0,0.0,0.0,0.0,0.0,0.0,,0.0,0.0,0.0,0.9052383964881296,2,0.3751937369826639,0,0,0,0,0,0.0,0.0,0.0,0,0.0,,
298,4,Destan,Hull,Chelsea,False,4.5,0.2,4,0,0.0,0.0,0.0,0.0,0.0,0.0,,0.0,0.0,0.0,0.9052383964881296,2,0.3751937369826639,0,0,0,0,0,0.0,0.0,0.0,0,0.0,,
299,4,Burstow,Hull,Chelsea,False,4.5,0.0,4,0,0.0,0.0,0.0,0.0,0.0,0.0,,0.0,0.0,0.0,0.9052383964881296,2,0.3751937369826639,0,0,0,0,0,0.0,0.0,0.0,0,0.0,,
300,1,Walton,Ipswich,Crystal Palace,False,4.4,0.4,4,0,0.0,0.0,0.0,0.0,0.0,0.0,,0.0,0.0,0.0,0.6158586251549418,2,0.5245869211360116,0,0,0,0,0,0.0,0.0,0.0,0,0.0,,
301,1,Palmer,Ipswich,Crystal Palace,False,4.0,4.0,4,0,0.0,0.0,0.0,0.0,0.0,0.0,,0.0,0.0,0.0,0.6158586251549418,2,0.5245869211360116,0,0,0,0,0,0.0,0.0,0.0,0,0.0,,
302,1,Button,Ipswich,Crystal Palace,False,4.0,0.6,4,0,0.0,0.0,0.0,0.0,0.0,0.0,,0.0,0.0,0.0,0.6158586251549418,2,0.5245869211360116,0,0,0,0,0,0.0,0.0,0.0,0,0.0,,
303,2,Kipré,Ipswich,Crystal Palace,False,3.9,0.9,4,0,0.0,0.0,0.0,0.0,0.0,0.0,,0.0,0.0,0.0,0.6158586251549418,2,0.5245869211360116,0,0,0,0,0,0.0,0.0,0.0,0,0.0,,
304,2,O'Shea,Ipswich,Crystal Palace,False,4.0,2.8,4,90,0.0,0.0,0.0,0.0,0.0,0.0,,2.0,0.08,0.0,0.6158586251549418,2,0.5245869211360116,0,7,2,2,9,0.08,0.08,4.338347684544047,1,-3.338,78.0,2.0
305,2,Davis,Ipswich,Crystal Palace,False,4.0,6.8,4,90,2.0,1.0,2.0,0.52,0.52,1.0,1.0,1.0,0.19,1.0,0.6158586251549418,2,0.5245869211360116,0,2,0,0,2,0.71,0.71,10.788347684544046,14,3.212,42.0,3.0
306,2,Greaves,Ipswich,Crystal Palace,False,4.0,1.1,4,87,0.0,0.0,0.0,0.0,0.0,0.0,,0.0,0.01,0.0,0.6158586251549418,2,0.5245869211360116,0,6,4,0,6,0.01,0.01,4.128347684544047,1,-3.128,68.0,0.0
307,2,Johnson,Ipswich,Crystal Palace,False,4.0,0.1,4,0,0.0,0.0,0.0,0.0,0.0,0.0,,0.0,0.0,0.0,0.6158586251549418,2,0.5245869211360116,0,0,0,0,0,0.0,0.0,0.0,0,0.0,,
308,2,Furlong,Ipswich,Crystal Palace,False,3.9,0.6,4,0,0.0,0.0,0.0,0.0,0.0,0.0,,0.0,0.0,0.0,0.6158586251549418,2,0.5245869211360116,0,0,0,0,0,0.0,0.0,0.0,0,0.0,,
309,3,Núñez,Ipswich,Crystal Palace,False,4.9,0.1,4,0,0.0,0.0,0.0,0.0,0.0,0.0,,0.0,0.0,0.0,0.6158586251549418,2,0.5245869211360116,0,0,0,0,0,0.0,0.0,0.0,0,0.0,,
310,3,Matusiwa,Ipswich,Crystal Palace,False,4.9,0.0,4,0,0.0,0.0,0.0,0.0,0.0,0.0,,0.0,0.0,0.0,0.6158586251549418,2,0.5245869211360116,0,0,0,0,0,0.0,0.0,0.0,0,0.0,,
311,3,Burns,Ipswich,Crystal Palace,False,5.0,0.0,4,0,0.0,0.0,0.0,0.0,0.0,0.0,,0.0,0.0,0.0,0.6158586251549418,2,0.5245869211360116,0,0,0,0,0,0.0,0.0,0.0,0,0.0,,
312,3,Taylor,Ipswich,Crystal Palace,False,4.5,0.0,4,0,0.0,0.0,0.0,0.0,0.0,0.0,,0.0,0.0,0.0,0.6158586251549418,2,0.5245869211360116,0,0,0,0,0,0.0,0.0,0.0,0,0.0,,
313,3,Clarke,Ipswich,Crystal Palace,False,5.4,0.2,4,62,1.0,1.0,1.0,0.15,0.15,0.0,0.0,1.0,0.02,0.0,0.6158586251549418,2,0.5245869211360116,0,0,1,1,2,0.16999999999999998,0.16999999999999998,2.3345869211360117,1,-1.335,35.0,3.0
314,3,Ogbene,Ipswich,Crystal Palace,False,4.9,0.0,4,0,0.0,0.0,0.0,0.0,0.0,0.0,,0.0,0.0,0.0,0.6158586251549418,2,0.5245869211360116,0,0,0,0,0,0.0,0.0,0.0,0,0.0,,
315,3,Fatawu,Ipswich,Crystal Palace,False,5.4,0.2,4,61,0.0,0.0,0.0,0.0,0.0,0.0,,0.0,0.05,0.0,0.6158586251549418,2,0.5245869211360116,0,2,3,2,7,0.05,0.05,1.6745869211360116,1,-0.675,47.0,3.0
316,4,Emersonn,Ipswich,Crystal Palace,False,5.5,3.3,4,62,3.0,1.0,3.0,0.44,0.44,1.0,1.0,1.0,0.05,1.0,0.6158586251549418,2,0.5245869211360116,0,0,2,0,2,0.49,0.49,3.9099999999999997,12,8.09,27.0,7.0
317,4,Hirst,Ipswich,Crystal Palace,False,5.0,0.1,4,0,0.0,0.0,0.0,0.0,0.0,0.0,,0.0,0.0,0.0,0.6158586251549418,2,0.5245869211360116,0,0,0,0,0,0.0,0.0,0.0,0,0.0,,
318,3,Philogene,Ipswich,Crystal Palace,False,5.4,0.1,4,28,1.0,1.0,0.0,0.01,0.01,0.0,0.0,0.0,0.0,0.0,0.6158586251549418,2,0.5245869211360116,0,0,3,0,3,0.01,0.01,1.05,1,-0.05,22.0,1.0
319,3,Szmodics,Ipswich,Crystal Palace,False,5.0,0.0,4,0,0.0,0.0,0.0,0.0,0.0,0.0,,0.0,0.0,0.0,0.6158586251549418,2,0.5245869211360116,0,0,0,0,0,0.0,0.0,0.0,0,0.0,,
320,4,Akpom,Ipswich,Crystal Palace,False,5.0,1.2,4,0,0.0,0.0,0.0,0.0,0.0,0.0,,0.0,0.0,0.0,0.6158586251549418,2,0.5245869211360116,0,0,0,0,0,0.0,0.0,0.0,0,0.0,,
321,4,Walle Egeli,Ipswich,Crystal Palace,False,4.5,3.6,4,0,0.0,0.0,0.0,0.0,0.0,0.0,,0.0,0.0,0.0,0.6158586251549418,2,0.5245869211360116,0,0,0,0,0,0.0,0.0,0.0,0,0.0,,
322,4,Al-Hamadi,Ipswich,Crystal Palace,False,5.0,0.1,4,0,0.0,0.0,0.0,0.0,0.0,0.0,,0.0,0.0,0.0,0.6158586251549418,2,0.5245869211360116,0,0,0,0,0,0.0,0.0,0.0,0,0.0,,
323,3,McAteer,Ipswich,Crystal Palace,False,4.5,1.1,4,0,0.0,0.0,0.0,0.0,0.0,0.0,,0.0,0.0,0.0,0.6158586251549418,2,0.5245869211360116,0,0,0,0,0,0.0,0.0,0.0,0,0.0,,
324,3,Mehmeti,Ipswich,Crystal Palace,False,4.9,0.0,4,0,0.0,0.0,0.0,0.0,0.0,0.0,,0.0,0.0,0.0,0.6158586251549418,2,0.5245869211360116,0,0,0,0,0,0.0,0.0,0.0,0,0.0,,
325,1,Darlow,Man Utd,Man City,True,4.5,0.0,4,0,0.0,0.0,0.0,0.0,0.0,0.0,,0.0,0.0,0.0,1.0954809617251156,1,0.25271986000845004,0,0,0,0,0,0.0,0.0,0.0,0,0.0,,
326,1,Perri,Leeds,Newcastle,True,4.5,0.3,4,0,0.0,0.0,0.0,0.0,0.0,0.0,,0.0,0.0,0.0,0.8779355892911551,2,0.3714768255626246,0,0,0,0,0,0.0,0.0,0.0,0,0.0,,
327,2,Bijol,Leeds,Newcastle,True,5.0,0.7,4,0,0.0,0.0,0.0,0.0,0.0,0.0,,0.0,0.0,0.0,0.8779355892911551,2,0.3714768255626246,0,0,0,0,0,0.0,0.0,0.0,0,0.0,,
328,2,Struijk,Brighton,Coventry,False,4.9,0.2,4,12,0.0,0.0,0.0,0.0,0.0,0.0,,0.0,0.01,0.0,1.382920183241367,0,0.2182478686397319,1,4,0,0,4,0.01,0.01,1.03,1,-0.03,27.0,0.0
329,2,Rodon,Leeds,Newcastle,True,4.3,0.8,4,0,0.0,0.0,0.0,0.0,0.0,0.0,,0.0,0.0,0.0,0.8779355892911551,2,0.3714768255626246,0,0,0,0,0,0.0,0.0,0.0,0,0.0,,
330,2,Bogle,Leeds,Newcastle,True,4.6,5.9,4,82,3.0,3.0,3.0,0.41,0.41,1.0,1.0,1.0,0.05,0.0,0.8779355892911551,2,0.3714768255626246,0,1,1,2,3,0.45999999999999996,0.45999999999999996,9.095907302250499,15,5.904,41.0,5.0
331,2,Gudmundsson,Leeds,Newcastle,True,4.5,0.1,4,72,0.0,0.0,0.0,0.0,0.0,0.0,,0.0,0.18,0.0,0.8779355892911551,2,0.3714768255626246,0,1,2,3,4,0.18,0.18,4.0259073022504985,6,1.974,53.0,2.0
332,2,Justin,Leeds,Newcastle,True,4.5,1.5,4,90,0.0,0.0,0.0,0.0,0.0,0.0,,2.0,0.28,0.0,0.8779355892911551,2,0.3714768255626246,0,3,1,2,5,0.28,0.28,4.325907302250498,2,-2.326,62.0,2.0
333,2,Bornauw,Leeds,Newcastle,True,4.5,0.0,4,0,0.0,0.0,0.0,0.0,0.0,0.0,,0.0,0.0,0.0,0.8779355892911551,2,0.3714768255626246,0,0,0,0,0,0.0,0.0,0.0,0,0.0,,
334,2,Muharemović,Leeds,Newcastle,True,5.0,4.3,4,90,0.0,0.0,0.0,0.0,0.0,0.0,,1.0,0.02,1.0,0.8779355892911551,2,0.3714768255626246,0,10,5,1,11,0.02,0.02,7.545907302250498,7,-0.546,76.0,1.0
335,3,Stach,Leeds,Newcastle,True,6.0,2.6,4,87,1.0,0.0,1.0,0.43,0.43,0.0,0.0,3.0,0.07,0.0,0.8779355892911551,2,0.3714768255626246,0,3,5,2,10,0.5,0.5,4.731476825562624,3,-1.731,49.0,5.0
336,3,Okafor,Leeds,Newcastle,True,5.8,0.4,4,71,2.0,1.0,1.0,0.07,0.07,1.0,1.0,1.0,0.08,0.0,0.8779355892911551,2,0.3714768255626246,0,1,3,2,6,0.15000000000000002,0.15000000000000002,2.9614768255626247,9,6.039,39.0,2.0
337,3,Aaronson,Leeds,Newcastle,True,5.4,0.5,4,18,0.0,0.0,0.0,0.0,0.0,0.0,,0.0,0.0,0.0,0.8779355892911551,2,0.3714768255626246,0,0,1,0,1,0.0,0.0,1.0,1,0.0,9.0,1.0
338,3,Ampadu,Leeds,Newcastle,True,5.4,0.9,4,90,1.0,0.0,0.0,0.07,0.07,0.0,0.0,0.0,0.02,0.0,0.8779355892911551,2,0.3714768255626246,0,2,9,1,12,0.09000000000000001,0.09000000000000001,5.781476825562625,7,1.219,63.0,1.0
339,3,Longstaff,Leeds,Newcastle,True,4.9,0.1,4,2,0.0,0.0,0.0,0.0,0.0,0.0,,0.0,0.0,0.0,0.8779355892911551,2,0.3714768255626246,0,0,0,0,0,0.0,0.0,1.0,1,0.0,3.0,0.0
340,3,Gelhardt,Hull,Chelsea,False,5.0,0.0,4,0,0.0,0.0,0.0,0.0,0.0,0.0,,0.0,0.0,0.0,0.9052383964881296,2,0.3751937369826639,0,0,0,0,0,0.0,0.0,0.0,0,0.0,,
341,3,Gnonto,Leeds,Newcastle,True,5.0,0.0,4,0,0.0,0.0,0.0,0.0,0.0,0.0,,0.0,0.0,0.0,0.8779355892911551,2,0.3714768255626246,0,0,0,0,0,0.0,0.0,0.0,0,0.0,,
342,3,Harrison,Leeds,Newcastle,True,5.0,0.0,4,0,0.0,0.0,0.0,0.0,0.0,0.0,,0.0,0.0,0.0,0.8779355892911551,2,0.3714768255626246,0,0,0,0,0,0.0,0.0,0.0,0,0.0,,
343,3,James,Leeds,Newcastle,True,4.9,0.1,4,7,2.0,0.0,0.0,0.11,0.11,0.0,0.0,0.0,0.0,0.0,0.8779355892911551,2,0.3714768255626246,0,0,2,0,2,0.11,0.11,1.55,1,-0.55,7.0,0.0
344,3,Gruev,Leeds,Newcastle,True,5.0,0.0,4,0,0.0,0.0,0.0,0.0,0.0,0.0,,0.0,0.0,0.0,0.8779355892911551,2,0.3714768255626246,0,0,0,0,0,0.0,0.0,0.0,0,0.0,,
345,3,Tanaka,Leeds,Newcastle,True,4.9,0.3,4,71,1.0,0.0,0.0,0.06,0.06,0.0,0.0,0.0,0.03,0.0,0.8779355892911551,2,0.3714768255626246,0,1,2,2,5,0.09,0.09,2.7614768255626245,6,3.239,54.0,0.0
346,4,Calvert-Lewin,Leeds,Newcastle,True,6.0,25.7,4,77,4.0,2.0,4.0,0.87,0.87,1.0,1.0,1.0,0.0,1.0,0.8779355892911551,2,0.3714768255626246,0,1,4,0,5,0.87,0.87,4.48,10,5.52,26.0,8.0
347,4,Nmecha,Leeds,Newcastle,True,5.4,0.5,4,12,0.0,0.0,0.0,0.0,0.0,0.0,,0.0,0.01,0.0,0.8779355892911551,2,0.3714768255626246,0,0,1,0,1,0.01,0.01,1.03,1,-0.03,5.0,0.0
348,4,Piroe,Leeds,Newcastle,True,5.0,0.1,4,0,0.0,0.0,0.0,0.0,0.0,0.0,,0.0,0.0,0.0,0.8779355892911551,2,0.3714768255626246,0,0,0,0,0,0.0,0.0,0.0,0,0.0,,
349,4,Mateo Joseph,Leeds,Newcastle,True,4.5,0.1,4,0,0.0,0.0,0.0,0.0,0.0,0.0,,0.0,0.0,0.0,0.8779355892911551,2,0.3714768255626246,0,0,0,0,0,0.0,0.0,0.0,0,0.0,,
350,1,A.Becker,Liverpool,Fulham,True,5.5,3.9,4,90,0.0,0.0,0.0,0.0,0.0,0.0,,0.0,0.0,0.0,0.7003262527287001,0,0.4764307633695514,1,0,14,0,0,0.0,0.0,5.905723053478206,9,3.094,40.0,0.0
351,1,Mamardashvili,Liverpool,Fulham,True,4.9,0.1,4,0,0.0,0.0,0.0,0.0,0.0,0.0,,0.0,0.0,0.0,0.7003262527287001,0,0.4764307633695514,1,0,0,0,0,0.0,0.0,0.0,0,0.0,,
352,1,Woodman,Liverpool,Fulham,True,4.0,1.0,4,0,0.0,0.0,0.0,0.0,0.0,0.0,,0.0,0.0,0.0,0.7003262527287001,0,0.4764307633695514,1,0,0,0,0,0.0,0.0,0.0,0,0.0,,
353,1,Pecsi,Liverpool,Fulham,True,4.0,0.0,4,0,0.0,0.0,0.0,0.0,0.0,0.0,,0.0,0.0,0.0,0.7003262527287001,0,0.4764307633695514,1,0,0,0,0,0.0,0.0,0.0,0,0.0,,
354,1,Jaros,Liverpool,Fulham,True,4.0,0.0,4,0,0.0,0.0,0.0,0.0,0.0,0.0,,0.0,0.0,0.0,0.7003262527287001,0,0.4764307633695514,1,0,0,0,0,0.0,0.0,0.0,0,0.0,,
355,1,Davies,Liverpool,Fulham,True,4.0,0.2,4,0,0.0,0.0,0.0,0.0,0.0,0.0,,0.0,0.0,0.0,0.7003262527287001,0,0.4764307633695514,1,0,0,0,0,0.0,0.0,0.0,0,0.0,,
356,2,Virgil,Liverpool,Fulham,True,6.5,16.4,4,90,0.0,0.0,0.0,0.0,0.0,0.0,,1.0,0.01,0.0,0.7003262527287001,0,0.4764307633695514,1,10,1,0,10,0.01,0.01,8.935723053478206,8,-0.936,89.0,0.0
357,2,Frimpong,Liverpool,Fulham,True,5.3,1.9,4,18,0.0,0.0,0.0,0.0,0.0,0.0,,2.0,0.12,0.0,0.7003262527287001,0,0.4764307633695514,1,3,1,1,4,0.12,0.12,1.3599999999999999,1,-0.36,23.0,1.0
358,2,Kerkez,Liverpool,Fulham,True,5.4,2.3,4,45,0.0,0.0,0.0,0.0,0.0,0.0,,0.0,0.01,0.0,0.7003262527287001,0,0.4764307633695514,1,2,0,1,3,0.01,0.01,1.03,1,-0.03,37.0,0.0
359,2,Gomez,Liverpool,Fulham,True,4.9,0.0,4,0,0.0,0.0,0.0,0.0,0.0,0.0,,0.0,0.0,0.0,0.7003262527287001,0,0.4764307633695514,1,0,0,0,0,0.0,0.0,0.0,0,0.0,,
360,2,Bradley,Liverpool,Fulham,True,5.0,0.0,4,0,0.0,0.0,0.0,0.0,0.0,0.0,,0.0,0.0,0.0,0.7003262527287001,0,0.4764307633695514,1,0,0,0,0,0.0,0.0,0.0,0,0.0,,
361,2,Lucky,Liverpool,Fulham,True,4.0,0.1,4,0,0.0,0.0,0.0,0.0,0.0,0.0,,0.0,0.0,0.0,0.7003262527287001,0,0.4764307633695514,1,0,0,0,0,0.0,0.0,0.0,0,0.0,,
362,2,Jacquet,Liverpool,Fulham,True,5.0,3.3,4,90,0.0,0.0,0.0,0.0,0.0,0.0,,0.0,0.02,0.0,0.7003262527287001,0,0.4764307633695514,1,4,5,1,5,0.02,0.02,3.965723053478206,9,5.034,96.0,0.0
363,2,Leoni,Liverpool,Fulham,True,4.0,0.0,4,0,0.0,0.0,0.0,0.0,0.0,0.0,,0.0,0.0,0.0,0.7003262527287001,0,0.4764307633695514,1,0,0,0,0,0.0,0.0,0.0,0,0.0,,
364,2,Tsimikas,Liverpool,Fulham,True,4.9,0.1,4,45,0.0,0.0,0.0,0.0,0.0,0.0,,0.0,0.01,0.0,0.7003262527287001,0,0.4764307633695514,1,2,3,1,3,0.01,0.01,1.03,1,-0.03,50.0,0.0
365,2,Ramsay,Liverpool,Fulham,True,4.0,0.1,4,0,0.0,0.0,0.0,0.0,0.0,0.0,,0.0,0.0,0.0,0.7003262527287001,0,0.4764307633695514,1,0,0,0,0,0.0,0.0,0.0,0,0.0,,
366,3,Wirtz,Liverpool,Fulham,True,7.3,6.1,4,90,3.0,0.0,2.0,0.11,0.11,0.0,0.0,2.0,0.06,0.0,0.7003262527287001,0,0.4764307633695514,1,2,6,1,9,0.16999999999999998,0.16999999999999998,3.2064307633695512,3,-0.206,67.0,3.0
367,3,Gakpo,Liverpool,Fulham,True,7.2,12.8,4,30,1.0,0.0,1.0,0.08,0.08,0.0,0.0,0.0,0.02,0.0,0.7003262527287001,0,0.4764307633695514,1,0,2,0,2,0.1,0.1,1.46,1,-0.46,13.0,2.0
368,3,Szoboszlai,Liverpool,Fulham,True,7.0,34.5,4,90,2.0,1.0,0.0,0.12,0.12,0.0,0.0,4.0,0.28,0.0,0.7003262527287001,0,0.4764307633695514,1,3,3,0,6,0.4,0.4,3.9164307633695516,3,-0.916,77.0,0.0
369,3,Ngumoha,Liverpool,Fulham,True,5.7,0.5,4,18,1.0,0.0,1.0,0.11,0.11,0.0,0.0,0.0,0.0,0.0,0.7003262527287001,0,0.4764307633695514,1,1,0,0,1,0.11,0.11,1.55,1,-0.55,10.0,1.0
370,3,Chiesa,Liverpool,Fulham,True,5.3,0.0,4,0,0.0,0.0,0.0,0.0,0.0,0.0,,0.0,0.0,0.0,0.7003262527287001,0,0.4764307633695514,1,0,0,0,0,0.0,0.0,0.0,0,0.0,,
371,3,Gravenberch,Liverpool,Fulham,True,5.8,1.2,4,59,1.0,0.0,0.0,0.04,0.04,0.0,0.0,1.0,0.01,0.0,0.7003262527287001,0,0.4764307633695514,1,7,1,2,10,0.05,0.05,1.23,1,-0.23,47.0,0.0
372,3,Mac Allister,Liverpool,Fulham,True,5.4,1.3,4,30,1.0,0.0,0.0,0.02,0.02,0.0,0.0,2.0,0.02,0.0,0.7003262527287001,0,0.4764307633695514,1,2,1,1,4,0.04,0.04,1.1600000000000001,1,-0.16,26.0,1.0
373,3,C.Jones,Liverpool,Fulham,True,5.5,0.0,4,0,0.0,0.0,0.0,0.0,0.0,0.0,,0.0,0.0,0.0,0.7003262527287001,0,0.4764307633695514,1,0,0,0,0,0.0,0.0,0.0,0,0.0,,
374,3,Endo,Liverpool,Fulham,True,4.9,0.1,4,0,0.0,0.0,0.0,0.0,0.0,0.0,,0.0,0.0,0.0,0.7003262527287001,0,0.4764307633695514,1,0,0,0,0,0.0,0.0,0.0,0,0.0,,
375,3,Nyoni,Liverpool,Fulham,True,4.9,0.0,4,0,0.0,0.0,0.0,0.0,0.0,0.0,,0.0,0.0,0.0,0.7003262527287001,0,0.4764307633695514,1,0,0,0,0,0.0,0.0,0.0,0,0.0,,
376,3,Bajcetic,Liverpool,Fulham,True,5.0,0.0,4,0,0.0,0.0,0.0,0.0,0.0,0.0,,0.0,0.0,0.0,0.7003262527287001,0,0.4764307633695514,1,0,0,0,0,0.0,0.0,0.0,0,0.0,,
377,3,Munoz,Liverpool,Fulham,True,6.5,1.0,4,59,1.0,1.0,1.0,0.1,0.1,0.0,0.0,0.0,0.0,0.0,0.7003262527287001,0,0.4764307633695514,1,0,2,0,2,0.1,0.1,1.5,1,-0.5,23.0,3.0
378,3,McConnell,Liverpool,Fulham,True,4.4,0.2,4,0,0.0,0.0,0.0,0.0,0.0,0.0,,0.0,0.0,0.0,0.7003262527287001,0,0.4764307633695514,1,0,0,0,0,0.0,0.0,0.0,0,0.0,,
379,4,Isak,Liverpool,Fulham,True,9.1,21.9,4,90,3.0,1.0,3.0,0.5,0.5,0.0,0.0,0.0,0.0,0.0,0.7003262527287001,0,0.4764307633695514,1,0,1,0,1,0.5,0.5,4.0,2,-2.0,15.0,3.0
380,4,Ekitiké,Liverpool,Fulham,True,7.4,0.1,4,0,0.0,0.0,0.0,0.0,0.0,0.0,,0.0,0.0,0.0,0.7003262527287001,0,0.4764307633695514,1,0,0,0,0,0.0,0.0,0.0,0,0.0,,
381,3,Koumas,Liverpool,Fulham,True,5.0,0.0,4,0,0.0,0.0,0.0,0.0,0.0,0.0,,0.0,0.0,0.0,0.7003262527287001,0,0.4764307633695514,1,0,0,0,0,0.0,0.0,0.0,0,0.0,,
382,4,Danns,Liverpool,Fulham,True,4.5,0.2,4,0,0.0,0.0,0.0,0.0,0.0,0.0,,0.0,0.0,0.0,0.7003262527287001,0,0.4764307633695514,1,0,0,0,0,0.0,0.0,0.0,0,0.0,,
383,3,Elliott,Liverpool,Fulham,True,5.4,0.0,4,0,0.0,0.0,0.0,0.0,0.0,0.0,,0.0,0.0,0.0,0.7003262527287001,0,0.4764307633695514,1,0,0,0,0,0.0,0.0,0.0,0,0.0,,
384,1,Donnarumma,Man City,Man Utd,False,5.5,7.8,4,90,0.0,0.0,0.0,0.0,0.0,0.0,,0.0,0.0,0.0,0.9992459658533328,0,0.3224062098837196,1,0,10,0,0,0.0,0.0,4.289624839534879,7,2.71,52.0,0.0
385,1,Trafford,Leeds,Newcastle,True,5.0,5.4,4,90,0.0,0.0,0.0,0.0,0.0,0.0,,0.0,0.0,0.0,0.8779355892911551,2,0.3714768255626246,0,4,8,0,0,0.0,0.0,4.4859073022504985,3,-1.486,59.0,0.0
386,1,Bettinelli,Man City,Man Utd,False,4.5,0.0,4,0,0.0,0.0,0.0,0.0,0.0,0.0,,0.0,0.0,0.0,0.9992459658533328,0,0.3224062098837196,1,0,0,0,0,0.0,0.0,0.0,0,0.0,,
387,2,O'Reilly,Man City,Man Utd,False,6.4,11.5,4,8,0.0,0.0,0.0,0.0,0.0,0.0,,0.0,0.0,0.0,0.9992459658533328,0,0.3224062098837196,1,0,1,0,0,0.0,0.0,1.0,1,0.0,4.0,0.0
388,2,Guéhi,Man City,Man Utd,False,6.0,18.6,4,90,0.0,0.0,0.0,0.0,0.0,0.0,,0.0,0.0,0.0,0.9992459658533328,0,0.3224062098837196,1,7,3,0,7,0.0,0.0,3.2896248395348784,6,2.71,61.0,1.0
389,2,Matheus N.,Man City,Man Utd,False,5.9,1.0,4,90,0.0,0.0,0.0,0.0,0.0,0.0,,0.0,0.01,0.0,0.9992459658533328,0,0.3224062098837196,1,9,8,2,11,0.01,0.01,7.319624839534878,9,1.68,64.0,0.0
390,2,Rúben,Man City,Man Utd,False,5.5,1.9,4,90,0.0,0.0,0.0,0.0,0.0,0.0,,0.0,0.0,0.0,0.9992459658533328,0,0.3224062098837196,1,7,2,0,7,0.0,0.0,3.2896248395348784,6,2.71,59.0,1.0
391,2,Gvardiol,Man City,Man Utd,False,5.7,25.9,4,90,1.0,0.0,0.0,0.02,0.02,0.0,0.0,0.0,0.0,0.0,0.9992459658533328,0,0.3224062098837196,1,3,3,4,7,0.02,0.02,2.4096248395348785,11,8.59,53.0,1.0
392,2,Aït-Nouri,Man City,Man Utd,False,5.3,0.4,4,0,0.0,0.0,0.0,0.0,0.0,0.0,,0.0,0.0,0.0,0.9992459658533328,0,0.3224062098837196,1,0,0,0,0,0.0,0.0,0.0,0,0.0,,
393,2,Khusanov,Man City,Man Utd,False,5.4,1.4,4,0,0.0,0.0,0.0,0.0,0.0,0.0,,0.0,0.0,0.0,0.9992459658533328,0,0.3224062098837196,1,0,0,0,0,0.0,0.0,0.0,0,0.0,,
394,2,Alleyne,Man City,Man Utd,False,5.0,0.0,4,0,0.0,0.0,0.0,0.0,0.0,0.0,,0.0,0.0,0.0,0.9992459658533328,0,0.3224062098837196,1,0,0,0,0,0.0,0.0,0.0,0,0.0,,
395,2,Lewis,Man City,Man Utd,False,4.4,0.2,4,0,0.0,0.0,0.0,0.0,0.0,0.0,,0.0,0.0,0.0,0.9992459658533328,0,0.3224062098837196,1,0,0,0,0,0.0,0.0,0.0,0,0.0,,
396,2,Vitor Reis,Man City,Man Utd,False,4.5,0.0,4,0,0.0,0.0,0.0,0.0,0.0,0.0,,0.0,0.0,0.0,0.9992459658533328,0,0.3224062098837196,1,0,0,0,0,0.0,0.0,0.0,0,0.0,,
397,3,Semenyo,Man City,Man Utd,False,8.4,14.7,4,90,0.0,0.0,0.0,0.0,0.0,0.0,,1.0,0.06,0.0,0.9992459658533328,0,0.3224062098837196,1,0,2,1,3,0.06,0.06,2.50240620988372,3,0.498,42.0,3.0
398,3,Foden,Man City,Man Utd,False,6.9,2.0,4,22,0.0,0.0,0.0,0.0,0.0,0.0,,1.0,0.02,0.0,0.9992459658533328,0,0.3224062098837196,1,0,0,0,0,0.02,0.02,-1.94,-2,-0.06,15.0,3.0
399,3,Cherki,Man City,Man Utd,False,7.8,28.0,4,45,1.0,0.0,0.0,0.03,0.03,0.0,0.0,0.0,0.06,0.0,0.9992459658533328,0,0.3224062098837196,1,1,0,0,1,0.09,0.09,1.3299999999999998,1,-0.33,34.0,1.0
400,3,Doku,Man City,Man Utd,False,7.4,0.7,4,0,0.0,0.0,0.0,0.0,0.0,0.0,,0.0,0.0,0.0,0.9992459658533328,0,0.3224062098837196,1,0,0,0,0,0.0,0.0,0.0,0,0.0,,
401,4,Marmoush,Spurs,Everton,True,7.0,2.2,4,76,1.0,0.0,0.0,0.02,0.02,0.0,0.0,1.0,0.03,0.0,1.1130166370421641,0,0.2975326785950117,1,0,5,0,5,0.05,0.05,2.17,2,-0.17,29.0,6.0
402,3,Rodrigo,Man City,Man Utd,False,6.5,0.0,4,0,0.0,0.0,0.0,0.0,0.0,0.0,,0.0,0.0,0.0,0.9992459658533328,0,0.3224062098837196,1,0,0,0,0,0.0,0.0,0.0,0,0.0,,
403,3,Sávio,Spurs,Everton,True,6.5,0.7,4,90,2.0,0.0,2.0,0.1,0.1,0.0,0.0,4.0,0.26,0.0,1.1130166370421641,0,0.2975326785950117,1,1,5,0,6,0.36,0.36,3.577532678595012,3,-0.578,63.0,11.0
404,3,Reijnders,Man City,Man Utd,False,6.0,0.0,4,0,0.0,0.0,0.0,0.0,0.0,0.0,,0.0,0.0,0.0,0.9992459658533328,0,0.3224062098837196,1,0,0,0,0,0.0,0.0,0.0,0,0.0,,
405,3,N.Gonzalez,Newcastle,Leeds,False,5.5,0.2,4,18,0.0,0.0,0.0,0.0,0.0,0.0,,0.0,0.0,0.0,2.075680558569729,3,0.07715150020447041,0,0,1,0,1,0.0,0.0,1.0,1,0.0,9.0,0.0
406,3,Kovačić,Man City,Man Utd,False,5.4,0.1,4,0,0.0,0.0,0.0,0.0,0.0,0.0,,0.0,0.0,0.0,0.9992459658533328,0,0.3224062098837196,1,0,0,0,0,0.0,0.0,0.0,0,0.0,,
407,3,Echeverri,Man City,Man Utd,False,4.9,0.0,4,0,0.0,0.0,0.0,0.0,0.0,0.0,,0.0,0.0,0.0,0.9992459658533328,0,0.3224062098837196,1,0,0,0,0,0.0,0.0,0.0,0,0.0,,
408,3,Phillips,Man City,Man Utd,False,5.0,0.0,4,0,0.0,0.0,0.0,0.0,0.0,0.0,,0.0,0.0,0.0,0.9992459658533328,0,0.3224062098837196,1,0,0,0,0,0.0,0.0,0.0,0,0.0,,
409,3,Mukasa,Man City,Man Utd,False,4.5,0.1,4,0,0.0,0.0,0.0,0.0,0.0,0.0,,0.0,0.0,0.0,0.9992459658533328,0,0.3224062098837196,1,0,0,0,0,0.0,0.0,0.0,0,0.0,,
410,3,Monga,Man City,Man Utd,False,4.9,0.0,4,0,0.0,0.0,0.0,0.0,0.0,0.0,,0.0,0.0,0.0,0.9992459658533328,0,0.3224062098837196,1,0,0,0,0,0.0,0.0,0.0,0,0.0,,
411,4,Haaland,Man City,Man Utd,False,15.6,73.3,4,90,2.0,1.0,2.0,0.87,0.87,1.0,1.0,0.0,0.01,0.0,0.9992459658533328,0,0.3224062098837196,1,0,3,0,3,0.88,0.88,8.510000000000002,9,0.49,30.0,2.0
412,1,Lammens,Man Utd,Man City,True,4.9,10.3,4,90,0.0,0.0,0.0,0.0,0.0,0.0,,0.0,0.0,0.0,1.0954809617251156,1,0.25271986000845004,0,1,5,0,0,0.0,0.0,3.0108794400338,2,-1.011,18.0,0.0
413,1,Bayindir,Man Utd,Man City,True,4.5,0.0,4,0,0.0,0.0,0.0,0.0,0.0,0.0,,0.0,0.0,0.0,1.0954809617251156,1,0.25271986000845004,0,0,0,0,0,0.0,0.0,0.0,0,0.0,,
414,1,Heaton,Man Utd,Man City,True,4.0,0.1,4,0,0.0,0.0,0.0,0.0,0.0,0.0,,0.0,0.0,0.0,1.0954809617251156,1,0.25271986000845004,0,0,0,0,0,0.0,0.0,0.0,0,0.0,,
415,3,Dorgu,Man Utd,Man City,True,5.8,0.5,4,90,0.0,0.0,0.0,0.0,0.0,0.0,,1.0,0.03,0.0,1.0954809617251156,1,0.25271986000845004,0,3,3,6,12,0.03,0.03,4.34271986000845,4,-0.343,68.0,2.0
416,2,De Ligt,Man Utd,Man City,True,5.0,0.0,4,0,0.0,0.0,0.0,0.0,0.0,0.0,,0.0,0.0,0.0,1.0954809617251156,1,0.25271986000845004,0,0,0,0,0,0.0,0.0,0.0,0,0.0,,
417,2,Dalot,Man Utd,Man City,True,4.9,1.7,4,90,1.0,0.0,0.0,0.02,0.02,0.0,0.0,1.0,0.05,0.0,1.0954809617251156,1,0.25271986000845004,0,2,9,1,3,0.07,0.07,3.2808794400338,2,-1.281,62.0,1.0
418,2,Maguire,Man Utd,Man City,True,4.9,9.2,4,90,2.0,0.0,1.0,0.12,0.12,0.0,0.0,0.0,0.01,0.0,1.0954809617251156,1,0.25271986000845004,0,4,6,1,5,0.13,0.13,2.7608794400338,1,-1.761,68.0,4.0
419,2,Martinez,Man Utd,Man City,True,5.0,1.3,4,90,1.0,1.0,0.0,0.03,0.03,0.0,0.0,0.0,0.08,0.0,1.0954809617251156,1,0.25271986000845004,0,3,5,3,6,0.11,0.11,3.4308794400338005,2,-1.431,77.0,0.0
420,2,Yoro,Man Utd,Man City,True,4.8,0.5,4,0,0.0,0.0,0.0,0.0,0.0,0.0,,0.0,0.0,0.0,1.0954809617251156,1,0.25271986000845004,0,0,0,0,0,0.0,0.0,0.0,0,0.0,,
421,2,Heaven,Man Utd,Man City,True,4.4,0.3,4,0,0.0,0.0,0.0,0.0,0.0,0.0,,0.0,0.0,0.0,1.0954809617251156,1,0.25271986000845004,0,0,0,0,0,0.0,0.0,0.0,0,0.0,,
422,2,Mazraoui,Man Utd,Man City,True,4.4,0.5,4,0,0.0,0.0,0.0,0.0,0.0,0.0,,0.0,0.0,0.0,1.0954809617251156,1,0.25271986000845004,0,0,0,0,0,0.0,0.0,0.0,0,0.0,,
423,2,Shaw,Man Utd,Man City,True,4.3,8.3,4,0,0.0,0.0,0.0,0.0,0.0,0.0,,0.0,0.0,0.0,1.0954809617251156,1,0.25271986000845004,0,0,0,0,0,0.0,0.0,0.0,0,0.0,,
424,2,Amass,Man Utd,Man City,True,4.0,0.2,4,0,0.0,0.0,0.0,0.0,0.0,0.0,,0.0,0.0,0.0,1.0954809617251156,1,0.25271986000845004,0,0,0,0,0,0.0,0.0,0.0,0,0.0,,
425,2,Fredricson,Man Utd,Man City,True,4.0,0.0,4,0,0.0,0.0,0.0,0.0,0.0,0.0,,0.0,0.0,0.0,1.0954809617251156,1,0.25271986000845004,0,0,0,0,0,0.0,0.0,0.0,0,0.0,,
426,3,B.Fernandes,Man Utd,Man City,True,12.0,39.9,4,90,1.0,1.0,0.0,0.03,0.03,0.0,0.0,1.0,0.33,0.0,1.0954809617251156,1,0.25271986000845004,0,1,4,2,7,0.36,0.36,3.39271986000845,2,-1.393,71.0,0.0
427,3,Mbeumo,Man Utd,Man City,True,7.9,21.5,4,90,3.0,1.0,2.0,0.49,0.49,0.0,0.0,2.0,0.08,0.0,1.0954809617251156,1,0.25271986000845004,0,1,3,1,5,0.57,0.57,5.9427198600084505,2,-3.943,43.0,3.0
428,3,Cunha,Man Utd,Man City,True,7.9,5.7,4,90,3.0,0.0,1.0,0.11,0.11,0.0,0.0,1.0,0.03,0.0,1.0954809617251156,1,0.25271986000845004,0,0,1,1,2,0.14,0.14,2.89271986000845,2,-0.893,46.0,5.0
429,3,Rashford,Man Utd,Man City,True,7.0,1.6,4,82,3.0,0.0,2.0,0.12,0.12,0.0,0.0,1.0,0.08,0.0,1.0954809617251156,1,0.25271986000845004,0,2,2,1,5,0.2,0.2,3.09271986000845,2,-1.093,54.0,10.0
430,3,Mount,Man Utd,Man City,True,5.4,0.0,4,0,0.0,0.0,0.0,0.0,0.0,0.0,,0.0,0.0,0.0,1.0954809617251156,1,0.25271986000845004,0,0,0,0,0,0.0,0.0,0.0,0,0.0,,
431,3,Amad,Man Utd,Man City,True,5.7,0.3,4,0,0.0,0.0,0.0,0.0,0.0,0.0,,0.0,0.0,0.0,1.0954809617251156,1,0.25271986000845004,0,0,0,0,0,0.0,0.0,0.0,0,0.0,,
432,3,Mainoo,Man Utd,Man City,True,5.5,1.6,4,90,1.0,0.0,0.0,0.03,0.03,0.0,0.0,3.0,0.07,0.0,1.0954809617251156,1,0.25271986000845004,0,4,9,0,13,0.1,0.1,4.6127198600084505,4,-0.613,86.0,0.0
433,3,Ugarte,Man Utd,Man City,True,5.0,0.0,4,0,0.0,0.0,0.0,0.0,0.0,0.0,,0.0,0.0,0.0,1.0954809617251156,1,0.25271986000845004,0,0,0,0,0,0.0,0.0,0.0,0,0.0,,
434,3,J.Fletcher,Man Utd,Man City,True,4.9,0.0,4,0,0.0,0.0,0.0,0.0,0.0,0.0,,0.0,0.0,0.0,1.0954809617251156,1,0.25271986000845004,0,0,0,0,0,0.0,0.0,0.0,0,0.0,,
435,3,Lacey,Man Utd,Man City,True,4.9,0.1,4,0,0.0,0.0,0.0,0.0,0.0,0.0,,0.0,0.0,0.0,1.0954809617251156,1,0.25271986000845004,0,0,0,0,0,0.0,0.0,0.0,0,0.0,,
436,3,Collyer,Man Utd,Man City,True,5.0,0.0,4,0,0.0,0.0,0.0,0.0,0.0,0.0,,0.0,0.0,0.0,1.0954809617251156,1,0.25271986000845004,0,0,0,0,0,0.0,0.0,0.0,0,0.0,,
437,3,Bendito Mantato,Man Utd,Man City,True,4.5,0.2,4,0,0.0,0.0,0.0,0.0,0.0,0.0,,0.0,0.0,0.0,1.0954809617251156,1,0.25271986000845004,0,0,0,0,0,0.0,0.0,0.0,0,0.0,,
438,3,Fletcher,Man Utd,Man City,True,4.4,0.3,4,0,0.0,0.0,0.0,0.0,0.0,0.0,,0.0,0.0,0.0,1.0954809617251156,1,0.25271986000845004,0,0,0,0,0,0.0,0.0,0.0,0,0.0,,
439,4,Šeško,Man Utd,Man City,True,7.0,1.8,4,23,1.0,0.0,0.0,0.06,0.06,0.0,0.0,0.0,0.0,0.0,1.0954809617251156,1,0.25271986000845004,0,0,2,0,2,0.06,0.06,1.24,1,-0.24,8.0,1.0
440,4,Zirkzee,Man Utd,Man City,True,5.3,0.4,4,7,0.0,0.0,0.0,0.0,0.0,0.0,,0.0,0.01,0.0,1.0954809617251156,1,0.25271986000845004,0,1,2,0,3,0.01,0.01,1.03,1,-0.03,9.0,0.0
441,4,Obi,Man Utd,Man City,True,4.5,1.0,4,0,0.0,0.0,0.0,0.0,0.0,0.0,,0.0,0.0,0.0,1.0954809617251156,1,0.25271986000845004,0,0,0,0,0,0.0,0.0,0.0,0,0.0,,
442,1,Pope,Newcastle,Leeds,False,4.9,1.0,4,0,0.0,0.0,0.0,0.0,0.0,0.0,,0.0,0.0,0.0,2.075680558569729,3,0.07715150020447041,0,0,0,0,0,0.0,0.0,0.0,0,0.0,,
443,1,Gillespie,Newcastle,Leeds,False,4.5,0.0,4,0,0.0,0.0,0.0,0.0,0.0,0.0,,0.0,0.0,0.0,2.075680558569729,3,0.07715150020447041,0,0,0,0,0,0.0,0.0,0.0,0,0.0,,
444,1,Jaouen,Newcastle,Leeds,False,4.4,0.0,4,0,0.0,0.0,0.0,0.0,0.0,0.0,,0.0,0.0,0.0,2.075680558569729,3,0.07715150020447041,0,0,0,0,0,0.0,0.0,0.0,0,0.0,,
445,2,Thiaw,Newcastle,Leeds,False,5.0,2.2,4,90,0.0,0.0,0.0,0.0,0.0,0.0,,0.0,0.0,0.0,2.075680558569729,3,0.07715150020447041,0,11,1,0,11,0.0,0.0,3.3086060008178815,2,-1.309,58.0,0.0
446,2,Schär,Newcastle,Leeds,False,4.9,0.2,4,0,0.0,0.0,0.0,0.0,0.0,0.0,,0.0,0.0,0.0,2.075680558569729,3,0.07715150020447041,0,0,0,0,0,0.0,0.0,0.0,0,0.0,,
447,2,Botman,Newcastle,Leeds,False,5.0,0.7,4,90,0.0,0.0,0.0,0.0,0.0,0.0,,0.0,0.0,0.0,2.075680558569729,3,0.07715150020447041,0,15,4,2,17,0.0,0.0,3.3086060008178815,2,-1.309,72.0,0.0
448,2,Burn,Newcastle,Leeds,False,4.9,0.8,4,0,0.0,0.0,0.0,0.0,0.0,0.0,,0.0,0.0,0.0,2.075680558569729,3,0.07715150020447041,0,0,0,0,0,0.0,0.0,0.0,0,0.0,,
449,2,Hall,Newcastle,Leeds,False,5.2,14.9,4,90,1.0,1.0,0.0,0.02,0.02,0.0,0.0,0.0,0.01,0.0,2.075680558569729,3,0.07715150020447041,0,2,4,4,6,0.03,0.03,1.4586060008178816,0,-1.459,83.0,0.0
450,2,Livramento,Newcastle,Leeds,False,4.9,0.1,4,32,0.0,0.0,0.0,0.0,0.0,0.0,,0.0,0.01,0.0,2.075680558569729,3,0.07715150020447041,0,1,4,2,3,0.01,0.01,0.030000000000000027,3,2.97,24.0,2.0
451,2,A.Murphy,Newcastle,Leeds,False,4.0,0.1,4,0,0.0,0.0,0.0,0.0,0.0,0.0,,0.0,0.0,0.0,2.075680558569729,3,0.07715150020447041,0,0,0,0,0,0.0,0.0,0.0,0,0.0,,
452,3,Bruno G.,Arsenal,Sunderland,False,6.7,1.8,4,45,2.0,1.0,1.0,0.09,0.09,1.0,1.0,0.0,0.14,0.0,1.8010412305980914,0,0.0668458078707535,1,1,1,1,3,0.23,0.23,1.87,7,5.13,20.0,1.0
453,3,Barnes,Newcastle,Leeds,False,6.1,4.5,4,90,2.0,2.0,1.0,0.29,0.29,0.0,0.0,1.0,0.31,0.0,2.075680558569729,3,0.07715150020447041,0,3,3,0,6,0.6,0.6,4.45715150020447,2,-2.457,34.0,4.0
454,3,Elanga,Newcastle,Leeds,False,6.1,5.8,4,0,0.0,0.0,0.0,0.0,0.0,0.0,,0.0,0.0,0.0,2.075680558569729,3,0.07715150020447041,0,0,0,0,0,0.0,0.0,0.0,0,0.0,,
455,3,Tonali,Spurs,Everton,True,5.3,2.0,4,90,2.0,0.0,0.0,0.09,0.09,0.0,0.0,1.0,0.31,0.0,1.1130166370421641,0,0.2975326785950117,1,5,6,0,11,0.4,0.4,3.6775326785950115,3,-0.678,104.0,1.0
456,3,J.Ramsey,Newcastle,Leeds,False,4.9,0.3,4,0,0.0,0.0,0.0,0.0,0.0,0.0,,0.0,0.0,0.0,2.075680558569729,3,0.07715150020447041,0,0,0,0,0,0.0,0.0,0.0,0,0.0,,
457,3,J.Murphy,Newcastle,Leeds,False,5.9,0.1,4,56,0.0,0.0,0.0,0.0,0.0,0.0,,0.0,0.14,0.0,2.075680558569729,3,0.07715150020447041,0,0,3,1,4,0.14,0.14,0.41999999999999993,0,-0.42,28.0,1.0
458,3,Joelinton,Newcastle,Leeds,False,5.4,0.0,4,0,0.0,0.0,0.0,0.0,0.0,0.0,,0.0,0.0,0.0,2.075680558569729,3,0.07715150020447041,0,0,0,0,0,0.0,0.0,0.0,0,0.0,,
459,3,L.Miley,Newcastle,Leeds,False,5.5,0.1,4,79,0.0,0.0,1.0,0.0,0.0,0.0,0.0,0.0,0.03,0.0,2.075680558569729,3,0.07715150020447041,0,3,6,1,10,0.03,0.03,2.1671515002044703,0,-2.167,66.0,0.0
460,3,Willock,Newcastle,Leeds,False,5.0,0.5,4,32,2.0,1.0,1.0,0.12,0.12,0.0,0.0,1.0,0.06,0.0,2.075680558569729,3,0.07715150020447041,0,1,2,1,4,0.18,0.18,1.78,1,-0.78,23.0,3.0
461,3,Touré,Newcastle,Leeds,False,5.8,0.1,4,33,1.0,1.0,1.0,0.28,0.28,1.0,1.0,0.0,0.01,0.0,2.075680558569729,3,0.07715150020447041,0,0,2,0,2,0.29000000000000004,0.29000000000000004,2.43,6,3.57,24.0,3.0
462,3,Steur,Newcastle,Leeds,False,4.9,0.1,4,71,0.0,0.0,0.0,0.0,0.0,0.0,,1.0,0.03,0.0,2.075680558569729,3,0.07715150020447041,0,3,2,2,7,0.03,0.03,2.1671515002044703,2,-0.167,62.0,0.0
463,4,Woltemade,Newcastle,Leeds,False,5.9,0.5,4,0,0.0,0.0,0.0,0.0,0.0,0.0,,0.0,0.0,0.0,2.075680558569729,3,0.07715150020447041,0,0,0,0,0,0.0,0.0,0.0,0,0.0,,
464,4,Wissa,Newcastle,Leeds,False,6.2,19.3,4,90,1.0,0.0,1.0,0.16,0.16,0.0,0.0,2.0,0.0,0.0,2.075680558569729,3,0.07715150020447041,0,2,2,1,5,0.16,0.16,2.64,2,-0.64,31.0,5.0
465,4,Osula,Newcastle,Leeds,False,5.8,0.3,4,0,0.0,0.0,0.0,0.0,0.0,0.0,,0.0,0.0,0.0,2.075680558569729,3,0.07715150020447041,0,0,0,0,0,0.0,0.0,0.0,0,0.0,,
466,4,Neave,Newcastle,Leeds,False,4.5,0.5,4,0,0.0,0.0,0.0,0.0,0.0,0.0,,0.0,0.0,0.0,2.075680558569729,3,0.07715150020447041,0,0,0,0,0,0.0,0.0,0.0,0,0.0,,
467,1,Sels,Nott'm Forest,Aston Villa,False,5.0,1.6,4,90,0.0,0.0,0.0,0.0,0.0,0.0,,0.0,0.0,0.0,0.8427204396575686,1,0.3613028372410574,0,2,11,0,0,0.0,0.0,4.4452113489642295,3,-1.445,34.0,0.0
468,1,John,Nott'm Forest,Aston Villa,False,4.5,0.1,4,0,0.0,0.0,0.0,0.0,0.0,0.0,,0.0,0.0,0.0,0.8427204396575686,1,0.3613028372410574,0,0,0,0,0,0.0,0.0,0.0,0,0.0,,
469,2,N.Williams,Nott'm Forest,Aston Villa,False,5.0,9.1,4,90,2.0,0.0,2.0,0.2,0.2,0.0,0.0,1.0,0.16,0.0,0.8427204396575686,1,0.3613028372410574,0,2,1,1,3,0.36,0.36,5.12521134896423,2,-3.125,44.0,3.0
470,2,Morato,Nott'm Forest,Aston Villa,False,5.0,0.0,4,0,0.0,0.0,0.0,0.0,0.0,0.0,,0.0,0.0,0.0,0.8427204396575686,1,0.3613028372410574,0,0,0,0,0,0.0,0.0,0.0,0,0.0,,
471,2,Milenković,Nott'm Forest,Aston Villa,False,5.4,1.1,4,0,0.0,0.0,0.0,0.0,0.0,0.0,,0.0,0.0,0.0,0.8427204396575686,1,0.3613028372410574,0,0,0,0,0,0.0,0.0,0.0,0,0.0,,
472,2,Murillo,Nott'm Forest,Aston Villa,False,5.5,2.1,4,90,0.0,0.0,0.0,0.0,0.0,0.0,,1.0,0.01,1.0,0.8427204396575686,1,0.3613028372410574,0,10,6,2,12,0.01,0.01,4.47521134896423,6,1.525,64.0,0.0
473,2,Aina,Nott'm Forest,Aston Villa,False,4.5,2.6,4,90,0.0,0.0,0.0,0.0,0.0,0.0,,0.0,0.01,0.0,0.8427204396575686,1,0.3613028372410574,0,5,2,3,8,0.01,0.01,3.4752113489642293,2,-1.475,53.0,0.0
474,2,Jair Cunha,Nott'm Forest,Aston Villa,False,4.5,0.2,4,0,0.0,0.0,0.0,0.0,0.0,0.0,,0.0,0.0,0.0,0.8427204396575686,1,0.3613028372410574,0,0,0,0,0,0.0,0.0,0.0,0,0.0,,
475,2,Savona,Nott'm Forest,Aston Villa,False,4.5,0.0,4,0,0.0,0.0,0.0,0.0,0.0,0.0,,0.0,0.0,0.0,0.8427204396575686,1,0.3613028372410574,0,0,0,0,0,0.0,0.0,0.0,0,0.0,,
476,2,O.Richards,Nott'm Forest,Aston Villa,False,4.0,0.2,4,0,0.0,0.0,0.0,0.0,0.0,0.0,,0.0,0.0,0.0,0.8427204396575686,1,0.3613028372410574,0,0,0,0,0,0.0,0.0,0.0,0,0.0,,
477,2,Abbott,Nott'm Forest,Aston Villa,False,4.0,0.1,4,0,0.0,0.0,0.0,0.0,0.0,0.0,,0.0,0.0,0.0,0.8427204396575686,1,0.3613028372410574,0,0,0,0,0,0.0,0.0,0.0,0,0.0,,
478,2,Netz,Nott'm Forest,Aston Villa,False,4.4,0.0,4,0,0.0,0.0,0.0,0.0,0.0,0.0,,0.0,0.0,0.0,0.8427204396575686,1,0.3613028372410574,0,0,0,0,0,0.0,0.0,0.0,0,0.0,,
479,2,Bindon,Nott'm Forest,Aston Villa,False,4.0,0.1,4,0,0.0,0.0,0.0,0.0,0.0,0.0,,0.0,0.0,0.0,0.8427204396575686,1,0.3613028372410574,0,0,0,0,0,0.0,0.0,0.0,0,0.0,,
480,3,Gibbs-White,Nott'm Forest,Aston Villa,False,8.0,16.0,4,90,2.0,1.0,1.0,0.16,0.16,0.0,0.0,7.0,0.91,1.0,0.8427204396575686,1,0.3613028372410574,0,0,3,1,4,1.07,1.07,7.8913028372410565,8,0.109,55.0,5.0
481,3,Anderson,Man City,Man Utd,False,6.3,4.2,4,90,0.0,0.0,0.0,0.0,0.0,0.0,,0.0,0.01,0.0,0.9992459658533328,0,0.3224062098837196,1,5,6,3,14,0.01,0.01,4.3524062098837195,5,0.648,77.0,0.0
482,3,Hudson-Odoi,Nott'm Forest,Aston Villa,False,5.8,0.2,4,0,0.0,0.0,0.0,0.0,0.0,0.0,,0.0,0.0,0.0,0.8427204396575686,1,0.3613028372410574,0,0,0,0,0,0.0,0.0,0.0,0,0.0,,
483,3,Ndoye,Nott'm Forest,Aston Villa,False,5.5,0.8,4,74,5.0,1.0,4.0,0.7,0.7,0.0,0.0,1.0,0.25,0.0,0.8427204396575686,1,0.3613028372410574,0,0,2,0,2,0.95,0.95,6.611302837241057,1,-5.611,19.0,7.0
484,3,Hutchinson,Nott'm Forest,Aston Villa,False,5.4,0.1,4,0,0.0,0.0,0.0,0.0,0.0,0.0,,0.0,0.0,0.0,0.8427204396575686,1,0.3613028372410574,0,0,0,0,0,0.0,0.0,0.0,0,0.0,,
485,3,Bakwa,Nott'm Forest,Aston Villa,False,5.5,0.0,4,0,0.0,0.0,0.0,0.0,0.0,0.0,,0.0,0.0,0.0,0.8427204396575686,1,0.3613028372410574,0,0,0,0,0,0.0,0.0,0.0,0,0.0,,
486,3,McAtee,Nott'm Forest,Aston Villa,False,5.5,0.1,4,81,2.0,1.0,0.0,0.03,0.03,0.0,0.0,2.0,0.38,0.0,0.8427204396575686,1,0.3613028372410574,0,4,5,3,12,0.41000000000000003,0.41000000000000003,4.651302837241057,3,-1.651,69.0,1.0
487,3,Dominguez,Nott'm Forest,Aston Villa,False,4.9,0.1,4,0,0.0,0.0,0.0,0.0,0.0,0.0,,0.0,0.0,0.0,0.8427204396575686,1,0.3613028372410574,0,0,0,0,0,0.0,0.0,0.0,0,0.0,,
488,3,I.Sangaré,Nott'm Forest,Aston Villa,False,4.9,0.4,4,8,1.0,0.0,0.0,0.06,0.06,0.0,0.0,0.0,0.01,0.0,0.8427204396575686,1,0.3613028372410574,0,1,0,1,2,0.06999999999999999,0.06999999999999999,1.33,1,-0.33,13.0,0.0
489,3,Yates,Nott'm Forest,Aston Villa,False,4.5,1.2,4,0,0.0,0.0,0.0,0.0,0.0,0.0,,0.0,0.0,0.0,0.8427204396575686,1,0.3613028372410574,0,0,0,0,0,0.0,0.0,0.0,0,0.0,,
490,4,Wood,Nott'm Forest,Aston Villa,False,5.8,0.9,4,1,0.0,0.0,0.0,0.0,0.0,0.0,,0.0,0.0,0.0,0.8427204396575686,1,0.3613028372410574,0,0,0,0,0,0.0,0.0,1.0,1,0.0,0.0,0.0
491,4,Igor Jesus,Nott'm Forest,Aston Villa,False,5.8,2.8,4,15,1.0,1.0,1.0,0.13,0.13,1.0,1.0,1.0,0.01,0.0,0.8427204396575686,1,0.3613028372410574,0,0,3,0,3,0.14,0.14,1.55,7,5.45,12.0,1.0
492,4,Awoniyi,Coventry,Brighton,True,5.4,0.4,4,52,1.0,0.0,1.0,0.06,0.06,0.0,0.0,1.0,0.01,0.0,2.8063656855762,5,0.022170374226685937,0,0,1,1,2,0.06999999999999999,0.06999999999999999,-1.73,-2,-0.27,16.0,4.0
493,4,Kalimuendo,Nott'm Forest,Aston Villa,False,5.4,0.1,4,0,0.0,0.0,0.0,0.0,0.0,0.0,,0.0,0.0,0.0,0.8427204396575686,1,0.3613028372410574,0,0,0,0,0,0.0,0.0,0.0,0,0.0,,
494,1,Vicario,Spurs,Everton,True,4.5,0.1,4,0,0.0,0.0,0.0,0.0,0.0,0.0,,0.0,0.0,0.0,1.1130166370421641,0,0.2975326785950117,1,0,0,0,0,0.0,0.0,0.0,0,0.0,,
495,1,Austin,Spurs,Everton,True,4.0,1.0,4,0,0.0,0.0,0.0,0.0,0.0,0.0,,0.0,0.0,0.0,1.1130166370421641,0,0.2975326785950117,1,0,0,0,0,0.0,0.0,0.0,0,0.0,,
496,1,Kinsky,Spurs,Everton,True,4.5,18.2,4,90,0.0,0.0,0.0,0.0,0.0,0.0,,0.0,0.0,0.0,1.1130166370421641,0,0.2975326785950117,1,4,3,0,0,0.0,0.0,4.190130714380047,7,2.81,29.0,0.0
497,1,Dubravka,Spurs,Everton,True,4.0,17.5,4,0,0.0,0.0,0.0,0.0,0.0,0.0,,0.0,0.0,0.0,1.1130166370421641,0,0.2975326785950117,1,0,0,0,0,0.0,0.0,0.0,0,0.0,,
498,2,Senesi,Spurs,Everton,True,5.8,3.7,4,0,0.0,0.0,0.0,0.0,0.0,0.0,,0.0,0.0,0.0,1.1130166370421641,0,0.2975326785950117,1,0,0,0,0,0.0,0.0,0.0,0,0.0,,
499,2,Pedro Porro,Spurs,Everton,True,5.4,8.4,4,0,0.0,0.0,0.0,0.0,0.0,0.0,,0.0,0.0,0.0,1.1130166370421641,0,0.2975326785950117,1,0,0,0,0,0.0,0.0,0.0,0,0.0,,
500,2,Romero,Spurs,Everton,True,5.0,0.1,4,0,0.0,0.0,0.0,0.0,0.0,0.0,,0.0,0.0,0.0,1.1130166370421641,0,0.2975326785950117,1,0,0,0,0,0.0,0.0,0.0,0,0.0,,
501,2,Danso,Sunderland,Arsenal,True,5.0,0.2,4,90,0.0,0.0,0.0,0.0,0.0,0.0,,1.0,0.08,0.0,1.8796828538566823,2,0.05964976395840013,0,4,3,0,4,0.08,0.08,2.478599055833601,1,-1.479,47.0,1.0
502,2,Robertson,Spurs,Everton,True,4.4,2.6,4,90,1.0,0.0,1.0,0.07,0.07,0.0,0.0,2.0,0.09,0.0,1.1130166370421641,0,0.2975326785950117,1,2,3,0,2,0.16,0.16,3.8801307143800465,7,3.12,78.0,3.0
503,2,Van de Ven,Spurs,Everton,True,5.0,4.0,4,90,0.0,0.0,0.0,0.0,0.0,0.0,,0.0,0.02,0.0,1.1130166370421641,0,0.2975326785950117,1,6,4,0,6,0.02,0.02,3.2501307143800466,6,2.75,88.0,0.0
504,2,Vuskovic,Brighton,Coventry,False,5.0,3.2,4,77,2.0,0.0,2.0,0.11,0.11,0.0,0.0,0.0,0.01,0.0,1.382920183241367,0,0.2182478686397319,1,8,4,1,9,0.12,0.12,3.5629914745589275,6,2.437,78.0,4.0
505,2,Spence,Spurs,Everton,True,4.5,0.2,4,0,0.0,0.0,0.0,0.0,0.0,0.0,,0.0,0.0,0.0,1.1130166370421641,0,0.2975326785950117,1,0,0,0,0,0.0,0.0,0.0,0,0.0,,
506,2,Udogie,Spurs,Everton,True,4.4,0.3,4,0,0.0,0.0,0.0,0.0,0.0,0.0,,0.0,0.0,0.0,1.1130166370421641,0,0.2975326785950117,1,0,0,0,0,0.0,0.0,0.0,0,0.0,,
507,2,Phillips,Spurs,Everton,True,4.5,0.0,4,0,0.0,0.0,0.0,0.0,0.0,0.0,,0.0,0.0,0.0,1.1130166370421641,0,0.2975326785950117,1,0,0,0,0,0.0,0.0,0.0,0,0.0,,
508,2,Davies,Spurs,Everton,True,3.9,0.8,4,0,0.0,0.0,0.0,0.0,0.0,0.0,,0.0,0.0,0.0,1.1130166370421641,0,0.2975326785950117,1,0,0,0,0,0.0,0.0,0.0,0,0.0,,
509,2,Byfield,Spurs,Everton,True,4.0,0.1,4,0,0.0,0.0,0.0,0.0,0.0,0.0,,0.0,0.0,0.0,1.1130166370421641,0,0.2975326785950117,1,0,0,0,0,0.0,0.0,0.0,0,0.0,,
510,2,Rowswell,Spurs,Everton,True,4.0,0.1,4,0,0.0,0.0,0.0,0.0,0.0,0.0,,0.0,0.0,0.0,1.1130166370421641,0,0.2975326785950117,1,0,0,0,0,0.0,0.0,0.0,0,0.0,,
511,2,Souza,Spurs,Everton,True,4.0,0.2,4,0,0.0,0.0,0.0,0.0,0.0,0.0,,0.0,0.0,0.0,1.1130166370421641,0,0.2975326785950117,1,0,0,0,0,0.0,0.0,0.0,0,0.0,,
512,3,Kudus,Spurs,Everton,True,6.5,0.1,4,27,0.0,0.0,0.0,0.0,0.0,0.0,,1.0,0.05,0.0,1.1130166370421641,0,0.2975326785950117,1,0,1,1,2,0.05,0.05,1.15,1,-0.15,27.0,3.0
513,3,Xavi,Spurs,Everton,True,5.9,0.0,4,0,0.0,0.0,0.0,0.0,0.0,0.0,,0.0,0.0,0.0,1.1130166370421641,0,0.2975326785950117,1,0,0,0,0,0.0,0.0,0.0,0,0.0,,
514,3,Tel,Spurs,Everton,True,5.7,0.2,4,27,1.0,0.0,1.0,0.01,0.01,0.0,0.0,0.0,0.09,0.0,1.1130166370421641,0,0.2975326785950117,1,0,0,0,0,0.09999999999999999,0.09999999999999999,1.32,1,-0.32,17.0,3.0
515,3,Maddison,Spurs,Everton,True,6.3,0.4,4,13,0.0,0.0,0.0,0.0,0.0,0.0,,0.0,0.01,0.0,1.1130166370421641,0,0.2975326785950117,1,2,1,0,3,0.01,0.01,1.03,1,-0.03,19.0,0.0
516,3,Bentancur,Spurs,Everton,True,5.5,0.2,4,62,0.0,0.0,0.0,0.0,0.0,0.0,,0.0,0.04,0.0,1.1130166370421641,0,0.2975326785950117,1,5,2,3,10,0.04,0.04,2.4175326785950118,3,0.582,72.0,0.0
517,3,Odobert,Spurs,Everton,True,5.5,0.0,4,0,0.0,0.0,0.0,0.0,0.0,0.0,,0.0,0.0,0.0,1.1130166370421641,0,0.2975326785950117,1,0,0,0,0,0.0,0.0,0.0,0,0.0,,
518,3,P.M.Sarr,Spurs,Everton,True,4.9,0.1,4,0,0.0,0.0,0.0,0.0,0.0,0.0,,0.0,0.0,0.0,1.1130166370421641,0,0.2975326785950117,1,0,0,0,0,0.0,0.0,0.0,0,0.0,,
519,3,Gallagher,Spurs,Everton,True,5.3,0.2,4,0,0.0,0.0,0.0,0.0,0.0,0.0,,0.0,0.0,0.0,1.1130166370421641,0,0.2975326785950117,1,0,0,0,0,0.0,0.0,0.0,0,0.0,,
520,3,Bergvall,Spurs,Everton,True,5.4,0.1,4,27,1.0,1.0,0.0,0.06,0.06,0.0,0.0,0.0,0.25,0.0,1.1130166370421641,0,0.2975326785950117,1,1,2,1,4,0.31,0.31,2.05,1,-1.05,26.0,0.0
521,3,Kulusevski,Spurs,Everton,True,6.5,0.0,4,0,0.0,0.0,0.0,0.0,0.0,0.0,,0.0,0.0,0.0,1.1130166370421641,0,0.2975326785950117,1,0,0,0,0,0.0,0.0,0.0,0,0.0,,
522,3,Gray,Spurs,Everton,True,4.9,0.2,4,84,2.0,0.0,1.0,0.09,0.09,0.0,0.0,0.0,0.03,0.0,1.1130166370421641,0,0.2975326785950117,1,4,5,2,11,0.12,0.12,2.8375326785950117,3,0.162,71.0,3.0
523,3,Moore,Spurs,Everton,True,5.0,0.1,4,0,0.0,0.0,0.0,0.0,0.0,0.0,,0.0,0.0,0.0,1.1130166370421641,0,0.2975326785950117,1,0,0,0,0,0.0,0.0,0.0,0,0.0,,
524,3,Olusesi,Spurs,Everton,True,4.4,1.0,4,0,0.0,0.0,0.0,0.0,0.0,0.0,,0.0,0.0,0.0,1.1130166370421641,0,0.2975326785950117,1,0,0,0,0,0.0,0.0,0.0,0,0.0,,
525,3,Fernandes,Spurs,Everton,True,5.8,0.8,4,62,3.0,1.0,2.0,0.11,0.11,0.0,0.0,0.0,0.03,0.0,1.1130166370421641,0,0.2975326785950117,1,0,2,2,4,0.14,0.14,2.9375326785950113,3,0.062,62.0,5.0
526,4,Solanke,Spurs,Everton,True,5.8,0.8,4,62,0.0,0.0,0.0,0.0,0.0,0.0,,0.0,0.01,0.0,1.1130166370421641,0,0.2975326785950117,1,0,2,0,2,0.01,0.01,2.03,2,-0.03,20.0,3.0
527,4,Richarlison,Spurs,Everton,True,5.9,0.7,4,0,0.0,0.0,0.0,0.0,0.0,0.0,,0.0,0.0,0.0,1.1130166370421641,0,0.2975326785950117,1,0,0,0,0,0.0,0.0,0.0,0,0.0,,
528,4,Scarlett,Spurs,Everton,True,4.5,1.2,4,0,0.0,0.0,0.0,0.0,0.0,0.0,,0.0,0.0,0.0,1.1130166370421641,0,0.2975326785950117,1,0,0,0,0,0.0,0.0,0.0,0,0.0,,
529,1,Roefs,Sunderland,Arsenal,True,4.9,2.6,4,90,0.0,0.0,0.0,0.0,0.0,0.0,,0.0,0.0,0.0,1.8796828538566823,2,0.05964976395840013,0,1,3,0,0,0.0,0.0,3.2385990558336006,2,-1.239,37.0,0.0
530,1,Patterson,Sunderland,Arsenal,True,4.0,0.1,4,0,0.0,0.0,0.0,0.0,0.0,0.0,,0.0,0.0,0.0,1.8796828538566823,2,0.05964976395840013,0,0,0,0,0,0.0,0.0,0.0,0,0.0,,
531,1,Ellborg,Sunderland,Arsenal,True,4.5,0.1,4,0,0.0,0.0,0.0,0.0,0.0,0.0,,0.0,0.0,0.0,1.8796828538566823,2,0.05964976395840013,0,0,0,0,0,0.0,0.0,0.0,0,0.0,,
532,2,Ballard,Sunderland,Arsenal,True,4.9,2.6,4,90,1.0,0.0,1.0,0.08,0.08,0.0,0.0,1.0,0.01,0.0,1.8796828538566823,2,0.05964976395840013,0,5,3,1,6,0.09,0.09,1.7485990558336004,0,-1.749,51.0,2.0
533,2,Mukiele,Sunderland,Arsenal,True,5.4,1.9,4,90,4.0,1.0,3.0,0.7,0.7,0.0,0.0,0.0,0.02,0.0,1.8796828538566823,2,0.05964976395840013,0,3,3,3,6,0.72,0.72,6.4985990558335995,0,-6.499,48.0,4.0
534,2,Hume,Sunderland,Arsenal,True,4.3,3.0,4,0,0.0,0.0,0.0,0.0,0.0,0.0,,0.0,0.0,0.0,1.8796828538566823,2,0.05964976395840013,0,0,0,0,0,0.0,0.0,0.0,0,0.0,,
535,2,Alderete,Sunderland,Arsenal,True,4.9,0.2,4,0,0.0,0.0,0.0,0.0,0.0,0.0,,0.0,0.0,0.0,1.8796828538566823,2,0.05964976395840013,0,0,0,0,0,0.0,0.0,0.0,0,0.0,,
536,2,Reinildo,Sunderland,Arsenal,True,4.5,0.3,4,90,0.0,0.0,0.0,0.0,0.0,0.0,,0.0,0.01,0.0,1.8796828538566823,2,0.05964976395840013,0,6,3,1,7,0.01,0.01,-0.7314009441663996,-2,-1.269,44.0,0.0
537,2,Seelt,Sunderland,Arsenal,True,4.5,0.0,4,0,0.0,0.0,0.0,0.0,0.0,0.0,,0.0,0.0,0.0,1.8796828538566823,2,0.05964976395840013,0,0,0,0,0,0.0,0.0,0.0,0,0.0,,
538,2,Hjelde,Sunderland,Arsenal,True,4.0,0.0,4,0,0.0,0.0,0.0,0.0,0.0,0.0,,0.0,0.0,0.0,1.8796828538566823,2,0.05964976395840013,0,0,0,0,0,0.0,0.0,0.0,0,0.0,,
539,2,O'Nien,Sunderland,Arsenal,True,3.9,2.4,4,0,0.0,0.0,0.0,0.0,0.0,0.0,,0.0,0.0,0.0,1.8796828538566823,2,0.05964976395840013,0,0,0,0,0,0.0,0.0,0.0,0,0.0,,
540,2,Masuaku,Sunderland,Arsenal,True,4.0,0.1,4,0,0.0,0.0,0.0,0.0,0.0,0.0,,0.0,0.0,0.0,1.8796828538566823,2,0.05964976395840013,0,0,0,0,0,0.0,0.0,0.0,0,0.0,,
541,2,Meunier,Sunderland,Arsenal,True,4.5,0.3,4,75,3.0,1.0,2.0,0.13,0.13,0.0,0.0,0.0,0.0,0.0,1.8796828538566823,2,0.05964976395840013,0,2,4,0,2,0.13,0.13,3.018599055833601,2,-1.019,31.0,4.0
542,3,E.Le Fée,Sunderland,Arsenal,True,5.7,3.5,4,90,3.0,1.0,1.0,0.85,0.06159999999999999,0.0,0.0,2.0,0.59,0.0,1.8796828538566823,2,0.05964976395840013,0,0,4,0,4,1.44,0.6516,10.0796497639584,0,-10.08,25.0,4.0
543,3,Diarra,Sunderland,Arsenal,True,5.4,0.0,4,0,0.0,0.0,0.0,0.0,0.0,0.0,,0.0,0.0,0.0,1.8796828538566823,2,0.05964976395840013,0,0,0,0,0,0.0,0.0,0.0,0,0.0,,
544,3,Xhaka,Sunderland,Arsenal,True,5.5,3.8,4,90,0.0,0.0,0.0,0.0,0.0,0.0,,3.0,0.37,0.0,1.8796828538566823,2,0.05964976395840013,0,2,8,1,11,0.37,0.37,2.1696497639584,1,-1.17,72.0,0.0
545,3,Sadiki,Sunderland,Arsenal,True,4.9,0.2,4,90,1.0,0.0,0.0,0.04,0.04,0.0,0.0,0.0,0.0,0.0,1.8796828538566823,2,0.05964976395840013,0,4,3,3,10,0.04,0.04,2.2596497639584,2,-0.26,35.0,0.0
546,3,Adingra,Sunderland,Arsenal,True,4.9,0.0,4,0,0.0,0.0,0.0,0.0,0.0,0.0,,0.0,0.0,0.0,1.8796828538566823,2,0.05964976395840013,0,0,0,0,0,0.0,0.0,0.0,0,0.0,,
547,3,Mundle,Sunderland,Arsenal,True,4.9,0.0,4,0,0.0,0.0,0.0,0.0,0.0,0.0,,0.0,0.0,0.0,1.8796828538566823,2,0.05964976395840013,0,0,0,0,0,0.0,0.0,0.0,0,0.0,,
548,3,Rigg,Sunderland,Arsenal,True,4.9,0.0,4,0,0.0,0.0,0.0,0.0,0.0,0.0,,0.0,0.0,0.0,1.8796828538566823,2,0.05964976395840013,0,0,0,0,0,0.0,0.0,0.0,0,0.0,,
549,3,Talbi,Sunderland,Arsenal,True,5.3,0.1,4,0,0.0,0.0,0.0,0.0,0.0,0.0,,0.0,0.0,0.0,1.8796828538566823,2,0.05964976395840013,0,0,0,0,0,0.0,0.0,0.0,0,0.0,,
550,3,Jocelin.T,Sunderland,Arsenal,True,5.0,0.0,4,0,0.0,0.0,0.0,0.0,0.0,0.0,,0.0,0.0,0.0,1.8796828538566823,2,0.05964976395840013,0,0,0,0,0,0.0,0.0,0.0,0,0.0,,
551,3,N.Angulo,Sunderland,Arsenal,True,5.0,0.1,4,69,0.0,0.0,0.0,0.0,0.0,0.0,,0.0,0.0,0.0,1.8796828538566823,2,0.05964976395840013,0,0,1,2,3,0.0,0.0,2.0596497639584,2,-0.06,20.0,1.0
552,4,Brobbey,Sunderland,Arsenal,True,5.7,5.4,4,90,0.0,0.0,0.0,0.0,0.0,0.0,,1.0,0.01,0.0,1.8796828538566823,2,0.05964976395840013,0,0,4,0,4,0.01,0.01,1.0299999999999998,1,-0.03,30.0,7.0
553,4,Isidor,Sunderland,Arsenal,True,5.5,1.3,4,20,0.0,0.0,0.0,0.0,0.0,0.0,,0.0,0.0,0.0,1.8796828538566823,2,0.05964976395840013,0,0,0,1,1,0.0,0.0,1.0,1,0.0,4.0,0.0
554,1,Van Oevelen,Ipswich,Crystal Palace,False,4.5,0.0,4,0,0.0,0.0,0.0,0.0,0.0,0.0,,0.0,0.0,0.0,0.6158586251549418,2,0.5245869211360116,0,0,0,0,0,0.0,0.0,0.0,0,0.0,,
555,1,Matthews,Crystal Palace,Ipswich,True,4.0,1.7,4,0,0.0,0.0,0.0,0.0,0.0,0.0,,0.0,0.0,0.0,1.6886881142854686,3,0.12416813694485454,0,0,0,0,0,0.0,0.0,0.0,0,0.0,,
556,2,Targett,Hull,Chelsea,False,4.0,1.7,4,0,0.0,0.0,0.0,0.0,0.0,0.0,,0.0,0.0,0.0,0.9052383964881296,2,0.3751937369826639,0,0,0,0,0,0.0,0.0,0.0,0,0.0,,
557,3,Tzolis,Arsenal,Sunderland,False,6.4,13.3,4,80,0.0,0.0,0.0,0.0,0.0,0.0,,0.0,0.13,0.0,1.8010412305980914,0,0.0668458078707535,1,1,1,1,3,0.13,0.13,2.456845807870754,3,0.543,37.0,1.0
558,3,Schlager,Nott'm Forest,Aston Villa,False,5.0,0.1,4,90,1.0,1.0,1.0,0.06,0.06,0.0,0.0,1.0,0.02,0.0,0.8427204396575686,1,0.3613028372410574,0,3,7,6,16,0.08,0.08,3.721302837241057,3,-0.721,57.0,1.0
559,3,Bamba,Newcastle,Leeds,False,4.9,0.1,4,10,0.0,0.0,0.0,0.0,0.0,0.0,,0.0,0.0,0.0,2.075680558569729,3,0.07715150020447041,0,0,1,1,2,0.0,0.0,1.0,1,0.0,8.0,0.0
560,1,Penders,Chelsea,Hull,True,4.4,0.1,4,0,0.0,0.0,0.0,0.0,0.0,0.0,,0.0,0.0,0.0,1.3951185727491968,2,0.19540491243375674,0,0,0,0,0,0.0,0.0,0.0,0,0.0,,
561,2,Anselmino,Chelsea,Hull,True,4.5,0.0,4,0,0.0,0.0,0.0,0.0,0.0,0.0,,0.0,0.0,0.0,1.3951185727491968,2,0.19540491243375674,0,0,0,0,0,0.0,0.0,0.0,0,0.0,,
562,3,Maeda,Ipswich,Crystal Palace,False,5.4,0.2,4,27,0.0,0.0,0.0,0.0,0.0,0.0,,0.0,0.0,0.0,0.6158586251549418,2,0.5245869211360116,0,0,0,0,0,0.0,0.0,1.0,1,0.0,10.0,0.0
563,3,Morita,Hull,Chelsea,False,5.0,0.0,4,0,0.0,0.0,0.0,0.0,0.0,0.0,,0.0,0.0,0.0,0.9052383964881296,2,0.3751937369826639,0,0,0,0,0,0.0,0.0,0.0,0,0.0,,
564,1,Scherpen,Ipswich,Crystal Palace,False,4.5,0.6,4,90,0.0,0.0,0.0,0.0,0.0,0.0,,0.0,0.0,0.0,0.6158586251549418,2,0.5245869211360116,0,3,9,0,0,0.0,0.0,4.098347684544047,1,-3.098,44.0,0.0
565,3,M.Sangaré,Brentford,Bournemouth,False,5.6,11.0,4,90,0.0,0.0,0.0,0.0,0.0,0.0,,0.0,0.28,0.0,1.756761878728866,2,0.14595911526223096,0,1,6,6,13,0.28,0.28,4.985959115262231,4,-0.986,64.0,0.0
566,2,Silva,Bournemouth,Brentford,True,5.0,0.4,4,90,2.0,0.0,2.0,0.58,0.58,0.0,0.0,0.0,0.23,0.0,0.4984475607052442,2,0.5895724822725285,0,10,5,0,10,0.8099999999999999,0.8099999999999999,13.528289929090114,3,-10.528,81.0,2.0
567,1,Horníček,Newcastle,Leeds,False,5.0,1.5,4,90,0.0,0.0,0.0,0.0,0.0,0.0,,0.0,0.0,0.0,2.075680558569729,3,0.07715150020447041,0,3,4,0,0,0.0,0.0,2.3086060008178815,1,-1.309,39.0,0.0
568,3,Barco,Chelsea,Hull,True,5.4,0.1,4,21,0.0,0.0,0.0,0.0,0.0,0.0,,0.0,0.09,0.0,1.3951185727491968,2,0.19540491243375674,0,1,1,0,2,0.09,0.09,0.27,0,-0.27,38.0,1.0
569,4,Gonzalo,Fulham,Liverpool,False,6.0,3.7,4,76,1.0,1.0,1.0,0.2,0.2,0.0,0.0,1.0,0.03,0.0,1.2781016342341893,0,0.24750373946371462,1,1,2,0,3,0.23,0.23,2.8899999999999997,2,-0.89,28.0,4.0
570,3,Palacios,Fulham,Liverpool,False,5.4,0.2,4,0,0.0,0.0,0.0,0.0,0.0,0.0,,0.0,0.0,0.0,1.2781016342341893,0,0.24750373946371462,1,0,0,0,0,0.0,0.0,0.0,0,0.0,,
571,3,Florentino,Ipswich,Crystal Palace,False,4.9,0.1,4,13,0.0,0.0,0.0,0.0,0.0,0.0,,2.0,0.01,0.0,0.6158586251549418,2,0.5245869211360116,0,1,0,1,2,0.01,0.01,1.03,1,-0.03,27.0,1.0
572,1,Tzolakis,Hull,Chelsea,False,4.6,11.5,4,90,0.0,0.0,0.0,0.0,0.0,0.0,,0.0,0.0,0.0,0.9052383964881296,2,0.3751937369826639,0,2,15,0,0,0.0,0.0,6.500774947930656,2,-4.501,58.0,0.0
573,2,Sanchez,Bournemouth,Brentford,True,4.4,0.2,4,0,0.0,0.0,0.0,0.0,0.0,0.0,,0.0,0.0,0.0,0.4984475607052442,2,0.5895724822725285,0,0,0,0,0,0.0,0.0,0.0,0,0.0,,
574,3,Hjertø-Dahl,Hull,Chelsea,False,4.9,0.1,4,0,0.0,0.0,0.0,0.0,0.0,0.0,,0.0,0.0,0.0,0.9052383964881296,2,0.3751937369826639,0,0,0,0,0,0.0,0.0,0.0,0,0.0,,
575,3,Yirenkyi,Coventry,Brighton,True,4.9,0.1,4,17,0.0,0.0,0.0,0.0,0.0,0.0,,1.0,0.01,0.0,2.8063656855762,5,0.022170374226685937,0,0,0,0,0,0.01,0.01,1.03,1,-0.03,6.0,0.0
576,3,Stroud,Hull,Chelsea,False,5.0,0.1,4,59,1.0,0.0,0.0,0.01,0.01,0.0,0.0,0.0,0.0,0.0,0.9052383964881296,2,0.3751937369826639,0,0,3,2,5,0.01,0.01,1.05,1,-0.05,20.0,0.0
577,2,Tomiyasu,Crystal Palace,Ipswich,True,4.4,0.3,4,53,0.0,0.0,0.0,0.0,0.0,0.0,,0.0,0.01,0.0,1.6886881142854686,3,0.12416813694485454,0,4,3,1,5,0.01,0.01,1.03,0,-1.03,48.0,2.0
578,3,Mudryk,Spurs,Everton,True,5.4,0.0,4,0,0.0,0.0,0.0,0.0,0.0,0.0,,0.0,0.0,0.0,1.1130166370421641,0,0.2975326785950117,1,0,0,0,0,0.0,0.0,0.0,0,0.0,,
579,2,Araujo,Liverpool,Fulham,True,5.4,2.9,4,71,0.0,0.0,0.0,0.0,0.0,0.0,,0.0,0.0,0.0,0.7003262527287001,0,0.4764307633695514,1,3,5,1,4,0.0,0.0,3.905723053478206,6,2.094,48.0,1.0
580,3,Charles,Fulham,Liverpool,False,5.0,0.1,4,90,0.0,0.0,0.0,0.0,0.0,0.0,,0.0,0.02,0.0,1.2781016342341893,0,0.24750373946371462,1,8,8,1,17,0.02,0.02,4.307503739463715,5,0.692,76.0,0.0
581,2,Diomande,Nott'm Forest,Aston Villa,False,5.4,0.5,4,90,1.0,0.0,1.0,0.11,0.11,0.0,0.0,0.0,0.0,0.0,0.8427204396575686,1,0.3613028372410574,0,13,3,1,14,0.11,0.11,9.105211348964229,4,-5.105,52.0,3.0
582,4,Madjo,Aston Villa,Nott'm Forest,True,5.4,0.2,4,0,0.0,0.0,0.0,0.0,0.0,0.0,,0.0,0.0,0.0,1.9829769544303406,2,0.11761994623352535,0,0,0,0,0,0.0,0.0,0.0,0,0.0,,
583,2,Chavarria,Chelsea,Hull,True,4.9,0.1,4,45,0.0,0.0,0.0,0.0,0.0,0.0,,0.0,0.01,0.0,1.3951185727491968,2,0.19540491243375674,0,1,1,0,1,0.01,0.01,1.03,1,-0.03,39.0,1.0
584,3,Hamer,Coventry,Brighton,True,5.4,0.1,4,0,0.0,0.0,0.0,0.0,0.0,0.0,,0.0,0.0,0.0,2.8063656855762,5,0.022170374226685937,0,0,0,0,0,0.0,0.0,0.0,0,0.0,,
585,2,Herrington,Hull,Chelsea,False,4.0,0.6,4,31,0.0,0.0,0.0,0.0,0.0,0.0,,0.0,0.01,0.0,0.9052383964881296,2,0.3751937369826639,0,1,0,0,1,0.01,0.01,1.03,1,-0.03,13.0,0.0
586,2,Mendy,Hull,Chelsea,False,4.1,6.5,4,58,0.0,0.0,0.0,0.0,0.0,0.0,,0.0,0.0,0.0,0.9052383964881296,2,0.3751937369826639,0,5,0,2,7,0.0,0.0,1.0,1,0.0,34.0,0.0
587,1,Rulli,Man City,Man Utd,False,5.0,0.0,4,0,0.0,0.0,0.0,0.0,0.0,0.0,,0.0,0.0,0.0,0.9992459658533328,0,0.3224062098837196,1,0,0,0,0,0.0,0.0,0.0,0,0.0,,
588,2,Khalaili,Crystal Palace,Ipswich,True,5.0,0.3,4,90,4.0,1.0,4.0,0.22,0.22,1.0,1.0,1.0,0.14,0.0,1.6886881142854686,3,0.12416813694485454,0,3,4,2,5,0.36,0.36,4.236672547779418,7,2.763,57.0,5.0
589,3,Gourna-Douath,Hull,Chelsea,False,5.0,0.0,4,0,0.0,0.0,0.0,0.0,0.0,0.0,,0.0,0.0,0.0,0.9052383964881296,2,0.3751937369826639,0,0,0,0,0,0.0,0.0,0.0,0,0.0,,
590,1,Benda,Nott'm Forest,Aston Villa,False,4.5,0.1,4,0,0.0,0.0,0.0,0.0,0.0,0.0,,0.0,0.0,0.0,0.8427204396575686,1,0.3613028372410574,0,0,0,0,0,0.0,0.0,0.0,0,0.0,,
591,3,Enciso,Ipswich,Crystal Palace,False,5.5,0.8,4,90,2.0,0.0,0.0,0.05,0.05,0.0,0.0,1.0,0.2,0.0,0.6158586251549418,2,0.5245869211360116,0,1,4,0,5,0.25,0.25,3.3745869211360118,2,-1.375,38.0,5.0
592,2,Ouattara,Ipswich,Crystal Palace,False,4.0,0.9,4,2,0.0,0.0,0.0,0.0,0.0,0.0,,0.0,0.0,0.0,0.6158586251549418,2,0.5245869211360116,0,0,1,1,1,0.0,0.0,1.0,1,0.0,5.0,0.0
593,2,Dedić,Newcastle,Leeds,False,4.5,2.1,4,57,0.0,0.0,0.0,0.0,0.0,0.0,,0.0,0.0,0.0,2.075680558569729,3,0.07715150020447041,0,3,4,3,6,0.0,0.0,1.0,0,-1.0,42.0,0.0
594,4,David,Brighton,Coventry,False,5.9,0.2,4,0,0.0,0.0,0.0,0.0,0.0,0.0,,0.0,0.0,0.0,1.382920183241367,0,0.2182478686397319,1,0,0,0,0,0.0,0.0,0.0,0,0.0,,
595,3,Gozo,Crystal Palace,Ipswich,True,5.0,0.0,4,6,0.0,0.0,0.0,0.0,0.0,0.0,,0.0,0.0,0.0,1.6886881142854686,3,0.12416813694485454,0,0,0,0,0,0.0,0.0,1.0,1,0.0,5.0,0.0
596,2,Ruggeri,Aston Villa,Nott'm Forest,True,4.5,0.1,4,0,0.0,0.0,0.0,0.0,0.0,0.0,,0.0,0.0,0.0,1.9829769544303406,2,0.11761994623352535,0,0,0,0,0,0.0,0.0,0.0,0,0.0,,
597,1,Suzuki,Aston Villa,Nott'm Forest,True,5.0,1.8,4,90,0.0,0.0,0.0,0.0,0.0,0.0,,0.0,0.01,0.0,1.9829769544303406,2,0.11761994623352535,0,2,9,0,0,0.01,0.01,3.500479784934101,2,-1.5,59.0,0.0
598,2,Elvedi,Leeds,Newcastle,True,4.5,0.1,4,90,1.0,0.0,1.0,0.05,0.05,0.0,0.0,0.0,0.0,0.0,0.8779355892911551,2,0.3714768255626246,0,8,3,1,9,0.05,0.05,3.7859073022504983,2,-1.786,75.0,3.0
599,4,Cherif,Coventry,Brighton,True,5.0,0.1,4,30,0.0,0.0,0.0,0.0,0.0,0.0,,0.0,0.0,0.0,2.8063656855762,5,0.022170374226685937,0,1,0,0,1,0.0,0.0,1.0,1,0.0,12.0,0.0
600,3,Osman,Brighton,Coventry,False,5.0,0.0,4,12,2.0,0.0,2.0,0.05,0.05,0.0,0.0,0.0,0.01,0.0,1.382920183241367,0,0.2182478686397319,1,0,1,0,1,0.060000000000000005,0.060000000000000005,1.28,1,-0.28,12.0,4.0
601,3,Williams-Barnett,Spurs,Everton,True,4.5,0.1,4,0,0.0,0.0,0.0,0.0,0.0,0.0,,0.0,0.0,0.0,1.1130166370421641,0,0.2975326785950117,1,0,0,0,0,0.0,0.0,0.0,0,0.0,,
602,3,Humphreys,Ipswich,Crystal Palace,False,4.5,0.0,4,0,0.0,0.0,0.0,0.0,0.0,0.0,,0.0,0.0,0.0,0.6158586251549418,2,0.5245869211360116,0,0,0,0,0,0.0,0.0,0.0,0,0.0,,
603,2,Lienou,Leeds,Newcastle,True,4.0,0.1,4,0,0.0,0.0,0.0,0.0,0.0,0.0,,0.0,0.0,0.0,0.8779355892911551,2,0.3714768255626246,0,0,0,0,0,0.0,0.0,0.0,0,0.0,,
604,3,Cresswell,Leeds,Newcastle,True,4.5,0.1,4,0,0.0,0.0,0.0,0.0,0.0,0.0,,0.0,0.0,0.0,0.8779355892911551,2,0.3714768255626246,0,0,0,0,0,0.0,0.0,0.0,0,0.0,,
605,3,Yalcouyé,Brighton,Coventry,False,4.5,4.1,4,64,3.0,2.0,3.0,0.67,0.67,1.0,1.0,1.0,0.01,0.0,1.382920183241367,0,0.2182478686397319,1,2,2,2,6,0.68,0.68,6.598247868639732,8,1.402,32.0,5.0
606,2,Rowe,Aston Villa,Nott'm Forest,True,4.0,0.2,4,0,0.0,0.0,0.0,0.0,0.0,0.0,,0.0,0.0,0.0,1.9829769544303406,2,0.11761994623352535,0,0,0,0,0,0.0,0.0,0.0,0,0.0,,
607,3,Lynch,Aston Villa,Nott'm Forest,True,4.5,0.1,4,0,0.0,0.0,0.0,0.0,0.0,0.0,,0.0,0.0,0.0,1.9829769544303406,2,0.11761994623352535,0,0,0,0,0,0.0,0.0,0.0,0,0.0,,
608,4,Jebbison,Bournemouth,Brentford,True,5.0,0.1,4,0,0.0,0.0,0.0,0.0,0.0,0.0,,0.0,0.0,0.0,0.4984475607052442,2,0.5895724822725285,0,0,0,0,0,0.0,0.0,0.0,0,0.0,,
609,2,Shahar,Newcastle,Leeds,False,4.0,0.2,4,0,0.0,0.0,0.0,0.0,0.0,0.0,,0.0,0.0,0.0,2.075680558569729,3,0.07715150020447041,0,0,0,0,0,0.0,0.0,0.0,0,0.0,,
610,2,De Fougerolles,Fulham,Liverpool,False,4.0,0.1,4,0,0.0,0.0,0.0,0.0,0.0,0.0,,0.0,0.0,0.0,1.2781016342341893,0,0.24750373946371462,1,0,0,0,0,0.0,0.0,0.0,0,0.0,,
611,2,Wan-Bissaka,Aston Villa,Nott'm Forest,True,4.5,0.2,4,90,0.0,0.0,0.0,0.0,0.0,0.0,,1.0,0.06,0.0,1.9829769544303406,2,0.11761994623352535,0,7,1,5,12,0.06,0.06,4.6504797849341015,3,-1.65,75.0,0.0
612,2,Methalie,Sunderland,Arsenal,True,4.5,0.0,4,0,0.0,0.0,0.0,0.0,0.0,0.0,,0.0,0.0,0.0,1.8796828538566823,2,0.05964976395840013,0,0,0,0,0,0.0,0.0,0.0,0,0.0,,
613,3,Ahoka,Sunderland,Arsenal,True,4.5,0.2,4,0,0.0,0.0,0.0,0.0,0.0,0.0,,0.0,0.0,0.0,1.8796828538566823,2,0.05964976395840013,0,0,0,0,0,0.0,0.0,0.0,0,0.0,,
614,2,Hadjam,Brighton,Coventry,False,4.5,0.0,4,0,0.0,0.0,0.0,0.0,0.0,0.0,,0.0,0.0,0.0,1.382920183241367,0,0.2182478686397319,1,0,0,0,0,0.0,0.0,0.0,0,0.0,,
615,1,Di Gregorio,Bournemouth,Brentford,True,4.5,0.0,4,0,0.0,0.0,0.0,0.0,0.0,0.0,,0.0,0.0,0.0,0.4984475607052442,2,0.5895724822725285,0,0,0,0,0,0.0,0.0,0.0,0,0.0,,
616,3,Bouaddi,Man City,Man Utd,False,5.5,0.2,4,0,0.0,0.0,0.0,0.0,0.0,0.0,,0.0,0.0,0.0,0.9992459658533328,0,0.3224062098837196,1,0,0,0,0,0.0,0.0,0.0,0,0.0,,
617,3,Cho,Hull,Chelsea,False,5.0,0.0,4,30,2.0,1.0,2.0,0.47,0.47,0.0,0.0,1.0,0.16,0.0,0.9052383964881296,2,0.3751937369826639,0,1,1,0,2,0.63,0.63,3.8299999999999996,1,-2.83,11.0,2.0
618,3,Goretzka,Aston Villa,Nott'm Forest,True,5.9,0.0,4,0,0.0,0.0,0.0,0.0,0.0,0.0,,0.0,0.0,0.0,1.9829769544303406,2,0.11761994623352535,0,0,0,0,0,0.0,0.0,0.0,0,0.0,,
619,3,Palacios,Ipswich,Crystal Palace,False,5.0,0.1,4,90,0.0,0.0,0.0,0.0,0.0,0.0,,0.0,0.04,0.0,0.6158586251549418,2,0.5245869211360116,0,5,5,3,13,0.04,0.04,5.644586921136012,4,-1.645,80.0,1.0
620,2,Diouf,Brentford,Bournemouth,False,4.5,0.1,4,30,0.0,0.0,0.0,0.0,0.0,0.0,,0.0,0.01,0.0,1.756761878728866,2,0.14595911526223096,0,1,1,0,1,0.01,0.01,1.03,1,-0.03,21.0,0.0
621,3,McAidoo,Man City,Man Utd,False,4.5,0.1,4,0,0.0,0.0,0.0,0.0,0.0,0.0,,0.0,0.0,0.0,0.9992459658533328,0,0.3224062098837196,1,0,0,0,0,0.0,0.0,0.0,0,0.0,,
622,2,Braithwaite,Man City,Man Utd,False,4.0,0.2,4,0,0.0,0.0,0.0,0.0,0.0,0.0,,0.0,0.0,0.0,0.9992459658533328,0,0.3224062098837196,1,0,0,0,0,0.0,0.0,0.0,0,0.0,,
623,1,Bentley,Coventry,Brighton,True,4.0,0.6,4,0,0.0,0.0,0.0,0.0,0.0,0.0,,0.0,0.0,0.0,2.8063656855762,5,0.022170374226685937,0,0,0,0,0,0.0,0.0,0.0,0,0.0,,
624,3,Cozier-Duberry,Brighton,Coventry,False,5.0,0.0,4,0,0.0,0.0,0.0,0.0,0.0,0.0,,0.0,0.0,0.0,1.382920183241367,0,0.2182478686397319,1,0,0,0,0,0.0,0.0,0.0,0,0.0,,
625,1,Cairns,Leeds,Newcastle,True,4.0,0.2,4,0,0.0,0.0,0.0,0.0,0.0,0.0,,0.0,0.0,0.0,0.8779355892911551,2,0.3714768255626246,0,0,0,0,0,0.0,0.0,0.0,0,0.0,,
626,3,Zepa,Fulham,Liverpool,False,4.5,0.3,4,0,0.0,0.0,0.0,0.0,0.0,0.0,,0.0,0.0,0.0,1.2781016342341893,0,0.24750373946371462,1,0,0,0,0,0.0,0.0,0.0,0,0.0,,
627,3,Barcola,Liverpool,Fulham,True,8.0,1.9,4,71,1.0,0.0,1.0,0.21,0.21,0.0,0.0,1.0,0.03,0.0,0.7003262527287001,0,0.4764307633695514,1,0,2,3,5,0.24,0.24,3.616430763369551,3,-0.616,32.0,3.0
628,3,Allan,Man City,Man Utd,False,6.0,0.0,4,0,0.0,0.0,0.0,0.0,0.0,0.0,,0.0,0.0,0.0,0.9992459658533328,0,0.3224062098837196,1,0,0,0,0,0.0,0.0,0.0,0,0.0,,
629,1,Zetterer,Leeds,Newcastle,True,4.0,0.7,4,0,0.0,0.0,0.0,0.0,0.0,0.0,,0.0,0.0,0.0,0.8779355892911551,2,0.3714768255626246,0,0,0,0,0,0.0,0.0,0.0,0,0.0,,
630,2,Harwood-Bellis,Aston Villa,Nott'm Forest,True,4.5,0.0,4,0,0.0,0.0,0.0,0.0,0.0,0.0,,0.0,0.0,0.0,1.9829769544303406,2,0.11761994623352535,0,0,0,0,0,0.0,0.0,0.0,0,0.0,,
631,3,Mbaye,Aston Villa,Nott'm Forest,True,6.0,0.1,4,27,1.0,1.0,1.0,0.02,0.02,0.0,0.0,1.0,0.13,0.0,1.9829769544303406,2,0.11761994623352535,0,0,1,1,2,0.15,0.15,1.4900000000000002,1,-0.49,16.0,2.0
632,4,Ansah,Hull,Chelsea,False,5.0,0.0,4,0,0.0,0.0,0.0,0.0,0.0,0.0,,0.0,0.0,0.0,0.9052383964881296,2,0.3751937369826639,0,0,0,0,0,0.0,0.0,0.0,0,0.0,,
633,2,Ahanor,Crystal Palace,Ipswich,True,4.5,0.0,4,90,0.0,0.0,0.0,0.0,0.0,0.0,,1.0,0.01,0.0,1.6886881142854686,3,0.12416813694485454,0,9,4,2,11,0.01,0.01,4.526672547779418,3,-1.527,77.0,2.0
634,4,Fernandez-Pardo,Newcastle,Leeds,False,6.0,0.1,4,57,0.0,0.0,0.0,0.0,0.0,0.0,,1.0,0.01,0.0,2.075680558569729,3,0.07715150020447041,0,0,1,1,2,0.01,0.01,1.03,1,-0.03,18.0,2.0
635,3,Larsson,Fulham,Liverpool,False,5.0,0.0,4,13,0.0,0.0,0.0,0.0,0.0,0.0,,0.0,0.01,0.0,1.2781016342341893,0,0.24750373946371462,1,0,1,0,1,0.01,0.01,1.03,1,-0.03,3.0,0.0
636,3,Ángel,Fulham,Liverpool,False,5.0,0.0,4,0,0.0,0.0,0.0,0.0,0.0,0.0,,0.0,0.0,0.0,1.2781016342341893,0,0.24750373946371462,1,0,0,0,0,0.0,0.0,0.0,0,0.0,,
637,4,Vaz,Hull,Chelsea,False,5.0,0.1,4,8,0.0,0.0,0.0,0.0,0.0,0.0,,0.0,0.0,0.0,0.9052383964881296,2,0.3751937369826639,0,0,1,0,1,0.0,0.0,1.0,1,0.0,7.0,0.0
638,2,Norton-Cuffy,Hull,Chelsea,False,4.0,0.3,4,8,1.0,0.0,1.0,0.05,0.05,0.0,0.0,0.0,0.0,0.0,0.9052383964881296,2,0.3751937369826639,0,0,2,0,0,0.05,0.05,0.30000000000000004,0,-0.3,10.0,2.0
639,3,Andrés,Brighton,Coventry,False,5.5,0.0,4,25,1.0,0.0,0.0,0.24,0.24,0.0,0.0,1.0,0.01,1.0,1.382920183241367,0,0.2182478686397319,1,2,1,1,4,0.25,0.25,2.23,4,1.77,22.0,0.0
640,4,Flemming,Ipswich,Crystal Palace,False,5.5,0.1,4,27,3.0,2.0,2.0,0.52,0.52,1.0,1.0,0.0,0.0,0.0,0.6158586251549418,2,0.5245869211360116,0,1,1,0,2,0.52,0.52,3.08,5,1.92,11.0,2.0
641,2,Bard,Leeds,Newcastle,True,4.5,0.0,4,18,0.0,0.0,0.0,0.0,0.0,0.0,,1.0,0.0,0.0,0.8779355892911551,2,0.3714768255626246,0,1,2,1,2,0.0,0.0,1.0,1,0.0,9.0,0.0
642,3,Thomas,Hull,Chelsea,False,5.5,0.0,4,30,1.0,0.0,0.0,0.02,0.02,0.0,0.0,1.0,0.03,0.0,0.9052383964881296,2,0.3751937369826639,0,0,4,0,4,0.05,0.05,1.1900000000000002,1,-0.19,17.0,1.0
643,2,Chilwell,Crystal Palace,Ipswich,True,4.5,0.5,4,13,1.0,0.0,1.0,0.12,0.12,0.0,0.0,0.0,0.01,0.0,1.6886881142854686,3,0.12416813694485454,0,1,0,0,1,0.13,0.13,1.75,1,-0.75,12.0,1.0
644,3,Timber,Crystal Palace,Ipswich,True,5.0,0.0,4,90,2.0,1.0,2.0,0.1,0.1,0.0,0.0,0.0,0.03,0.0,1.6886881142854686,3,0.12416813694485454,0,2,6,8,16,0.13,0.13,6.7141681369448545,4,-2.714,72.0,5.0
645,3,Mouzakitis,Hull,Chelsea,False,5.0,0.0,4,0,0.0,0.0,0.0,0.0,0.0,0.0,,0.0,0.0,0.0,0.9052383964881296,2,0.3751937369826639,0,0,0,0,0,0.0,0.0,0.0,0,0.0,,
646,3,Fofana,Sunderland,Arsenal,True,5.5,0.0,4,14,0.0,0.0,0.0,0.0,0.0,0.0,,0.0,0.0,0.0,1.8796828538566823,2,0.05964976395840013,0,0,0,0,0,0.0,0.0,1.0,1,0.0,9.0,3.0
647,3,Osorio,Crystal Palace,Ipswich,True,5.5,0.0,4,0,0.0,0.0,0.0,0.0,0.0,0.0,,0.0,0.0,0.0,1.6886881142854686,3,0.12416813694485454,0,0,0,0,0,0.0,0.0,0.0,0,0.0,,
648,3,Bahoya,Leeds,Newcastle,True,5.0,0.0,4,0,0.0,0.0,0.0,0.0,0.0,0.0,,0.0,0.0,0.0,0.8779355892911551,2,0.3714768255626246,0,0,0,0,0,0.0,0.0,0.0,0,0.0,,
649,2,Maitland-Niles,Everton,Spurs,False,4.5,1.0,4,74,1.0,0.0,0.0,0.03,0.03,0.0,0.0,1.0,0.14,0.0,0.6944563966244452,0,0.48600285629036905,1,3,4,2,5,0.17,0.17,4.544011425161476,6,1.456,44.0,0.0
650,2,Affengruber,Fulham,Liverpool,False,4.5,0.0,4,90,0.0,0.0,0.0,0.0,0.0,0.0,,0.0,0.0,0.0,1.2781016342341893,0,0.24750373946371462,1,11,3,1,12,0.0,0.0,6.990014957854859,8,1.01,59.0,0.0
651,4,J.Angulo,Sunderland,Arsenal,True,4.5,0.7,4,0,0.0,0.0,0.0,0.0,0.0,0.0,,0.0,0.0,0.0,1.8796828538566823,2,0.05964976395840013,0,0,0,0,0,0.0,0.0,0.0,0,0.0,,
652,3,Azeez,Brighton,Coventry,False,5.5,0.0,4,0,0.0,0.0,0.0,0.0,0.0,0.0,,0.0,0.0,0.0,1.382920183241367,0,0.2182478686397319,1,0,0,0,0,0.0,0.0,0.0,0,0.0,,
653,3,Samba,Man City,Man Utd,False,4.5,0.0,4,0,0.0,0.0,0.0,0.0,0.0,0.0,,0.0,0.0,0.0,0.9992459658533328,0,0.3224062098837196,1,0,0,0,0,0.0,0.0,0.0,0,0.0,,
654,3,Graham,Everton,Spurs,False,4.5,0.1,4,0,0.0,0.0,0.0,0.0,0.0,0.0,,0.0,0.0,0.0,0.6944563966244452,0,0.48600285629036905,1,0,0,0,0,0.0,0.0,0.0,0,0.0,,
655,3,Gboho,Coventry,Brighton,True,5.5,0.0,4,0,0.0,0.0,0.0,0.0,0.0,0.0,,0.0,0.0,0.0,2.8063656855762,5,0.022170374226685937,0,0,0,0,0,0.0,0.0,0.0,0,0.0,,
656,2,Mfuni,Coventry,Brighton,True,4.0,0.1,4,0,0.0,0.0,0.0,0.0,0.0,0.0,,0.0,0.0,0.0,2.8063656855762,5,0.022170374226685937,0,0,0,0,0,0.0,0.0,0.0,0,0.0,,
657,3,Nunes,Brentford,Bournemouth,False,4.5,0.0,4,0,0.0,0.0,0.0,0.0,0.0,0.0,,0.0,0.0,0.0,1.756761878728866,2,0.14595911526223096,0,0,0,0,0,0.0,0.0,0.0,0,0.0,,
658,3,Ibrahim,Brighton,Coventry,False,4.5,0.0,4,0,0.0,0.0,0.0,0.0,0.0,0.0,,0.0,0.0,0.0,1.382920183241367,0,0.2182478686397319,1,0,0,0,0,0.0,0.0,0.0,0,0.0,,
659,3,Miley,Newcastle,Leeds,False,4.5,0.0,4,0,0.0,0.0,0.0,0.0,0.0,0.0,,0.0,0.0,0.0,2.075680558569729,3,0.07715150020447041,0,0,0,0,0,0.0,0.0,0.0,0,0.0,,
28,1,Martinez,Chelsea,Brentford,False,5.0,4.9,5,90,0.0,0.0,0.0,0.0,0.0,0.0,,1.0,0.0,0.0,2.8978509828448287,3,0.002942018033912377,0,0,6,0,0,0.0,0.0,2.0117680721356495,2,-0.012,41.0,0.0
40,3,Rogers,Chelsea,Brentford,False,7.7,40.0,5,90,4.0,1.0,2.0,0.33,0.33,0.0,0.0,1.0,0.07,0.0,2.8978509828448287,3,0.002942018033912377,0,2,6,0,8,0.4,0.4,3.8629420180339125,2,-1.863,66.0,8.0
82,1,Kelleher,Brentford,Chelsea,True,5.0,6.1,5,90,0.0,0.0,0.0,0.0,0.0,0.0,,0.0,0.0,0.0,0.8479764480143778,0,0.40769287407092597,1,2,8,0,0,0.0,0.0,3.630771496283704,6,2.369,43.0,0.0
83,1,Valdimarsson,Brentford,Chelsea,True,4.5,0.1,5,0,0.0,0.0,0.0,0.0,0.0,0.0,,0.0,0.0,0.0,0.8479764480143778,0,0.40769287407092597,1,0,0,0,0,0.0,0.0,0.0,0,0.0,,
84,2,Collins,Brentford,Chelsea,True,5.4,1.0,5,0,0.0,0.0,0.0,0.0,0.0,0.0,,0.0,0.0,0.0,0.8479764480143778,0,0.40769287407092597,1,0,0,0,0,0.0,0.0,0.0,0,0.0,,
85,2,Van den Berg,Brentford,Chelsea,True,4.9,0.1,5,0,0.0,0.0,0.0,0.0,0.0,0.0,,0.0,0.0,0.0,0.8479764480143778,0,0.40769287407092597,1,0,0,0,0,0.0,0.0,0.0,0,0.0,,
86,3,Lewis-Potter,Brentford,Chelsea,True,5.5,1.8,5,80,2.0,1.0,2.0,0.15,0.15,0.0,0.0,1.0,0.01,0.0,0.8479764480143778,0,0.40769287407092597,1,5,3,1,9,0.16,0.16,3.1876928740709256,3,-0.188,52.0,3.0
87,2,Ajer,Brentford,Chelsea,True,4.5,4.0,5,90,0.0,0.0,0.0,0.0,0.0,0.0,,1.0,0.05,0.0,0.8479764480143778,0,0.40769287407092597,1,9,3,0,9,0.05,0.05,3.780771496283704,7,3.219,62.0,2.0
88,2,Kayode,Brentford,Chelsea,True,4.6,7.7,5,68,0.0,0.0,0.0,0.0,0.0,0.0,,0.0,0.07,0.0,0.8479764480143778,0,0.40769287407092597,1,1,2,1,2,0.07,0.07,3.840771496283704,6,2.159,32.0,0.0
89,2,Henry,Brentford,Chelsea,True,4.4,0.2,5,0,0.0,0.0,0.0,0.0,0.0,0.0,,0.0,0.0,0.0,0.8479764480143778,0,0.40769287407092597,1,0,0,0,0,0.0,0.0,0.0,0,0.0,,
90,2,Hickey,Brentford,Chelsea,True,4.5,0.1,5,21,0.0,0.0,0.0,0.0,0.0,0.0,,0.0,0.01,0.0,0.8479764480143778,0,0.40769287407092597,1,4,0,0,4,0.01,0.01,1.03,1,-0.03,7.0,0.0
92,2,Ji-soo,Brentford,Chelsea,True,4.5,0.0,5,0,0.0,0.0,0.0,0.0,0.0,0.0,,0.0,0.0,0.0,0.8479764480143778,0,0.40769287407092597,1,0,0,0,0,0.0,0.0,0.0,0,0.0,,
93,2,Schuster,Brentford,Chelsea,True,4.5,0.2,5,90,0.0,0.0,0.0,0.0,0.0,0.0,,1.0,0.52,1.0,0.8479764480143778,0,0.40769287407092597,1,15,3,1,16,0.52,0.52,9.190771496283704,14,4.809,49.0,2.0
94,3,Schade,Brentford,Chelsea,True,6.1,8.0,5,90,3.0,1.0,3.0,0.54,0.54,0.0,0.0,0.0,0.02,0.0,0.8479764480143778,0,0.40769287407092597,1,2,4,1,7,0.56,0.56,6.167692874070926,9,2.832,40.0,5.0
95,3,O.Dango,Brentford,Chelsea,True,6.3,0.5,5,9,0.0,0.0,0.0,0.0,0.0,0.0,,0.0,0.0,0.0,0.8479764480143778,0,0.40769287407092597,1,0,0,0,0,0.0,0.0,1.0,1,0.0,2.0,0.0
96,3,Damsgaard,Brentford,Chelsea,True,5.4,0.4,5,86,1.0,0.0,0.0,0.04,0.04,0.0,0.0,1.0,0.28,0.0,0.8479764480143778,0,0.40769287407092597,1,2,4,4,10,0.32,0.32,3.447692874070926,3,-0.448,68.0,2.0
97,3,Jensen,Brentford,Chelsea,True,5.4,0.1,5,0,0.0,0.0,0.0,0.0,0.0,0.0,,0.0,0.0,0.0,0.8479764480143778,0,0.40769287407092597,1,0,0,0,0,0.0,0.0,0.0,0,0.0,,
98,3,Janelt,Brentford,Chelsea,True,5.0,2.5,5,90,1.0,0.0,0.0,0.03,0.03,0.0,0.0,0.0,0.04,0.0,0.8479764480143778,0,0.40769287407092597,1,2,4,3,9,0.07,0.07,2.677692874070926,3,0.322,56.0,0.0
99,3,Milambo,Brentford,Chelsea,True,5.0,0.0,5,0,0.0,0.0,0.0,0.0,0.0,0.0,,0.0,0.0,0.0,0.8479764480143778,0,0.40769287407092597,1,0,0,0,0,0.0,0.0,0.0,0,0.0,,
100,3,Carvalho,Brentford,Chelsea,True,5.0,0.0,5,3,1.0,1.0,1.0,0.43,0.43,1.0,1.0,0.0,0.0,0.0,0.8479764480143778,0,0.40769287407092597,1,0,0,0,0,0.43,0.43,3.15,6,2.85,5.0,1.0
101,3,Henderson,Chelsea,Brentford,False,4.9,0.0,5,90,0.0,0.0,0.0,0.0,0.0,0.0,,0.0,0.08,0.0,2.8978509828448287,3,0.002942018033912377,0,2,7,1,10,0.08,0.08,2.2429420180339124,2,-0.243,92.0,0.0
102,3,Yarmoliuk,Brentford,Chelsea,True,4.8,0.7,5,68,1.0,1.0,0.0,0.03,0.03,0.0,0.0,1.0,0.06,0.0,0.8479764480143778,0,0.40769287407092597,1,3,5,2,10,0.09,0.09,2.737692874070926,3,0.262,49.0,0.0
103,3,Dasilva,Brentford,Chelsea,True,4.9,0.0,5,0,0.0,0.0,0.0,0.0,0.0,0.0,,0.0,0.0,0.0,0.8479764480143778,0,0.40769287407092597,1,0,0,0,0,0.0,0.0,0.0,0,0.0,,
105,3,Anthony,Brentford,Chelsea,True,5.9,0.1,5,80,1.0,1.0,1.0,0.96,0.96,1.0,1.0,1.0,0.02,0.0,0.8479764480143778,0,0.40769287407092597,1,1,1,0,2,0.98,0.98,10.267692874070924,10,-0.268,25.0,3.0
106,4,Thiago,Brentford,Chelsea,True,7.8,8.9,5,90,3.0,1.0,2.0,0.72,0.72,1.0,1.0,1.0,0.03,0.0,0.8479764480143778,0,0.40769287407092597,1,0,2,1,3,0.75,0.75,3.9699999999999998,5,1.03,39.0,6.0
107,4,Furo,Brentford,Chelsea,True,4.5,1.0,5,0,0.0,0.0,0.0,0.0,0.0,0.0,,0.0,0.0,0.0,0.8479764480143778,0,0.40769287407092597,1,0,0,0,0,0.0,0.0,0.0,0,0.0,,
108,4,Wilson,Brentford,Chelsea,True,5.4,0.3,5,0,0.0,0.0,0.0,0.0,0.0,0.0,,0.0,0.0,0.0,0.8479764480143778,0,0.40769287407092597,1,0,0,0,0,0.0,0.0,0.0,0,0.0,,
136,4,Welbeck,Chelsea,Brentford,False,5.9,1.0,5,70,0.0,0.0,0.0,0.0,0.0,0.0,,2.0,0.08,0.0,2.8978509828448287,3,0.002942018033912377,0,1,2,1,4,0.08,0.08,2.24,2,-0.24,17.0,4.0
140,1,Sánchez,Chelsea,Brentford,False,4.9,0.7,5,0,0.0,0.0,0.0,0.0,0.0,0.0,,0.0,0.0,0.0,2.8978509828448287,3,0.002942018033912377,0,0,0,0,0,0.0,0.0,0.0,0,0.0,,
141,1,Jörgensen,Chelsea,Brentford,False,5.0,0.0,5,0,0.0,0.0,0.0,0.0,0.0,0.0,,0.0,0.0,0.0,2.8978509828448287,3,0.002942018033912377,0,0,0,0,0,0.0,0.0,0.0,0,0.0,,
142,2,James,Chelsea,Brentford,False,5.4,6.5,5,0,0.0,0.0,0.0,0.0,0.0,0.0,,0.0,0.0,0.0,2.8978509828448287,3,0.002942018033912377,0,0,0,0,0,0.0,0.0,0.0,0,0.0,,
143,2,Chalobah,Chelsea,Brentford,False,5.5,0.1,5,0,0.0,0.0,0.0,0.0,0.0,0.0,,0.0,0.0,0.0,2.8978509828448287,3,0.002942018033912377,0,0,0,0,0,0.0,0.0,0.0,0,0.0,,
144,2,Gusto,Chelsea,Brentford,False,5.0,1.0,5,0,0.0,0.0,0.0,0.0,0.0,0.0,,0.0,0.0,0.0,2.8978509828448287,3,0.002942018033912377,0,0,0,0,0,0.0,0.0,0.0,0,0.0,,
145,2,Fofana,Chelsea,Brentford,False,5.0,0.2,5,70,0.0,0.0,0.0,0.0,0.0,0.0,,0.0,0.0,0.0,2.8978509828448287,3,0.002942018033912377,0,13,4,2,15,0.0,0.0,3.0117680721356495,4,0.988,45.0,0.0
146,2,B.Badiashile,Chelsea,Brentford,False,4.5,0.0,5,0,0.0,0.0,0.0,0.0,0.0,0.0,,0.0,0.0,0.0,2.8978509828448287,3,0.002942018033912377,0,0,0,0,0,0.0,0.0,0.0,0,0.0,,
148,2,Hato,Chelsea,Brentford,False,4.5,0.9,5,0,0.0,0.0,0.0,0.0,0.0,0.0,,0.0,0.0,0.0,2.8978509828448287,3,0.002942018033912377,0,0,0,0,0,0.0,0.0,0.0,0,0.0,,
149,2,Colwill,Chelsea,Brentford,False,4.8,0.9,5,90,0.0,0.0,0.0,0.0,0.0,0.0,,0.0,0.01,0.0,2.8978509828448287,3,0.002942018033912377,0,7,4,0,7,0.01,0.01,1.0417680721356495,1,-0.042,82.0,1.0
150,2,M.Sarr,Chelsea,Brentford,False,4.5,0.0,5,0,0.0,0.0,0.0,0.0,0.0,0.0,,0.0,0.0,0.0,2.8978509828448287,3,0.002942018033912377,0,0,0,0,0,0.0,0.0,0.0,0,0.0,,
151,2,Acheampong,Chelsea,Brentford,False,4.5,0.4,5,19,0.0,0.0,0.0,0.0,0.0,0.0,,0.0,0.01,0.0,2.8978509828448287,3,0.002942018033912377,0,0,0,1,1,0.01,0.01,1.03,0,-1.03,16.0,0.0
152,2,Palestra,Chelsea,Brentford,False,5.3,0.6,5,0,0.0,0.0,0.0,0.0,0.0,0.0,,0.0,0.0,0.0,2.8978509828448287,3,0.002942018033912377,0,0,0,0,0,0.0,0.0,0.0,0,0.0,,
154,3,Palmer,Chelsea,Brentford,False,9.7,27.0,5,90,2.0,0.0,2.0,0.13,0.13,0.0,0.0,2.0,0.18,0.0,2.8978509828448287,3,0.002942018033912377,0,1,2,3,6,0.31,0.31,3.1929420180339125,2,-1.193,55.0,7.0
156,3,Neto,Chelsea,Brentford,False,6.5,1.4,5,86,2.0,1.0,1.0,0.16,0.16,0.0,0.0,0.0,0.05,0.0,2.8978509828448287,3,0.002942018033912377,0,0,3,3,6,0.21000000000000002,0.21000000000000002,2.9529420180339128,2,-0.953,41.0,4.0
157,3,Estêvão,Chelsea,Brentford,False,6.3,0.7,5,3,0.0,0.0,0.0,0.0,0.0,0.0,,0.0,0.0,0.0,2.8978509828448287,3,0.002942018033912377,0,0,0,0,0,0.0,0.0,1.0,1,0.0,5.0,0.0
158,3,Gittens,Chelsea,Brentford,False,5.9,0.0,5,0,0.0,0.0,0.0,0.0,0.0,0.0,,0.0,0.0,0.0,2.8978509828448287,3,0.002942018033912377,0,0,0,0,0,0.0,0.0,0.0,0,0.0,,
159,3,Caicedo,Chelsea,Brentford,False,5.3,1.1,5,0,0.0,0.0,0.0,0.0,0.0,0.0,,0.0,0.0,0.0,2.8978509828448287,3,0.002942018033912377,0,0,0,0,0,0.0,0.0,0.0,0,0.0,,
161,3,Lavia,Chelsea,Brentford,False,5.0,0.2,5,0,0.0,0.0,0.0,0.0,0.0,0.0,,0.0,0.0,0.0,2.8978509828448287,3,0.002942018033912377,0,0,0,0,0,0.0,0.0,0.0,0,0.0,,
163,3,D.Essugo,Chelsea,Brentford,False,4.5,0.1,5,0,0.0,0.0,0.0,0.0,0.0,0.0,,0.0,0.0,0.0,2.8978509828448287,3,0.002942018033912377,0,0,0,0,0,0.0,0.0,0.0,0,0.0,,
164,3,Quenda,Chelsea,Brentford,False,5.3,0.0,5,19,1.0,0.0,0.0,0.03,0.03,0.0,0.0,0.0,0.01,0.0,2.8978509828448287,3,0.002942018033912377,0,0,0,0,0,0.04,0.04,1.18,1,-0.18,14.0,2.0
165,4,João Pedro,Chelsea,Brentford,False,7.8,68.4,5,0,0.0,0.0,0.0,0.0,0.0,0.0,,0.0,0.0,0.0,2.8978509828448287,3,0.002942018033912377,0,0,0,0,0,0.0,0.0,0.0,0,0.0,,
168,4,Marc Guiu,Chelsea,Brentford,False,5.0,0.2,5,0,0.0,0.0,0.0,0.0,0.0,0.0,,0.0,0.0,0.0,2.8978509828448287,3,0.002942018033912377,0,0,0,0,0,0.0,0.0,0.0,0,0.0,,
169,4,Mheuka,Chelsea,Brentford,False,4.5,0.5,5,0,0.0,0.0,0.0,0.0,0.0,0.0,,0.0,0.0,0.0,2.8978509828448287,3,0.002942018033912377,0,0,0,0,0,0.0,0.0,0.0,0,0.0,,
170,4,Emegha,Chelsea,Brentford,False,5.0,0.1,5,0,0.0,0.0,0.0,0.0,0.0,0.0,,0.0,0.0,0.0,2.8978509828448287,3,0.002942018033912377,0,0,0,0,0,0.0,0.0,0.0,0,0.0,,
200,2,Lacroix,Chelsea,Brentford,False,5.9,7.0,5,90,1.0,0.0,1.0,0.13,0.13,0.0,0.0,0.0,0.01,0.0,2.8978509828448287,3,0.002942018033912377,0,11,3,1,12,0.14,0.14,3.8217680721356495,3,-0.822,79.0,1.0
560,1,Penders,Chelsea,Brentford,False,4.4,0.1,5,0,0.0,0.0,0.0,0.0,0.0,0.0,,0.0,0.0,0.0,2.8978509828448287,3,0.002942018033912377,0,0,0,0,0,0.0,0.0,0.0,0,0.0,,
561,2,Anselmino,Chelsea,Brentford,False,4.5,0.0,5,0,0.0,0.0,0.0,0.0,0.0,0.0,,0.0,0.0,0.0,2.8978509828448287,3,0.002942018033912377,0,0,0,0,0,0.0,0.0,0.0,0,0.0,,
565,3,M.Sangaré,Brentford,Chelsea,True,5.6,11.0,5,21,0.0,0.0,0.0,0.0,0.0,0.0,,0.0,0.0,0.0,0.8479764480143778,0,0.40769287407092597,1,1,1,1,3,0.0,0.0,0.0,0,0.0,5.0,0.0
568,3,Barco,Chelsea,Brentford,False,5.4,0.1,5,86,1.0,0.0,1.0,0.03,0.03,0.0,0.0,0.0,0.02,0.0,2.8978509828448287,3,0.002942018033912377,0,2,4,3,9,0.05,0.05,2.2129420180339126,2,-0.213,65.0,1.0
583,2,Chavarria,Chelsea,Brentford,False,4.9,0.1,5,90,1.0,0.0,1.0,0.04,0.04,0.0,0.0,2.0,0.04,0.0,2.8978509828448287,3,0.002942018033912377,0,6,3,3,9,0.08,0.08,1.3717680721356493,1,-0.372,91.0,1.0
620,2,Diouf,Brentford,Chelsea,True,4.5,0.1,5,9,0.0,0.0,0.0,0.0,0.0,0.0,,0.0,0.0,0.0,0.8479764480143778,0,0.40769287407092597,1,1,0,0,1,0.0,0.0,1.0,1,0.0,7.0,0.0
657,3,Nunes,Brentford,Chelsea,True,4.5,0.0,5,0,0.0,0.0,0.0,0.0,0.0,0.0,,0.0,0.0,0.0,0.8479764480143778,0,0.40769287407092597,1,0,0,0,0,0.0,0.0,0.0,0,0.0,,
660,2,Fredrick,Brentford,Chelsea,True,4.0,0.0,5,0,0.0,0.0,0.0,0.0,0.0,0.0,,0.0,0.0,0.0,0.8479764480143778,0,0.40769287407092597,1,0,0,0,0,0.0,0.0,0.0,0,0.0,,
661,1,Balcombe,Brentford,Chelsea,True,4.0,0.0,5,0,0.0,0.0,0.0,0.0,0.0,0.0,,0.0,0.0,0.0,0.8479764480143778,0,0.40769287407092597,1,0,0,0,0,0.0,0.0,0.0,0,0.0,,
662,3,Nicoll-Jazuli,Chelsea,Brentford,False,4.5,0.0,5,3,0.0,0.0,0.0,0.0,0.0,0.0,,0.0,0.0,0.0,2.8978509828448287,3,0.002942018033912377,0,0,0,2,2,0.0,0.0,1.0,1,0.0,11.0,0.0
